outlet_id,from_values,url_hosts,display_name,segment,editorial,croatia_link,evidence_note,seed_source,panel_v1,status,proposed_eligible
01portal_hr,01portal.hr,01portal.hr,01portal,regional,TRUE,TRUE,Proposed seed classification: Urednički pregled; PI G1 ratification required.,explorations/okvir-katolicanstva-prototype/secular_outlets.csv,FALSE,proposed,TRUE
023_hr,023.hr,023.hr;osmrtnice.023.hr,023.hr,regional,TRUE,TRUE,Proposed seed classification: Urednički pregled; PI G1 ratification required.,explorations/okvir-katolicanstva-prototype/secular_outlets.csv,FALSE,proposed,TRUE
034portal_hr,034portal.hr,034portal.hr,034portal,regional,TRUE,TRUE,Proposed seed classification: Urednički pregled; PI G1 ratification required.,explorations/okvir-katolicanstva-prototype/secular_outlets.csv,FALSE,proposed,TRUE
035portal_hr,035portal.hr,035portal.hr,035portal,regional,TRUE,TRUE,Proposed seed classification: Urednički pregled; PI G1 ratification required.,explorations/okvir-katolicanstva-prototype/secular_outlets.csv,FALSE,proposed,TRUE
057info_hr,057info.hr,057info.hr;m.057info.hr,057info,regional,TRUE,TRUE,Proposed seed classification: Urednički pregled; PI G1 ratification required.,explorations/okvir-katolicanstva-prototype/secular_outlets.csv,FALSE,proposed,TRUE
24sata_hr,24sata.hr,24sata.hr;autostart.24sata.hr;boljaenergija-konferencija.24sata.hr;boljaenergija.24sata.hr;cesteglavobolje.24sata.hr;dvorista.24sata.hr;express.24sata.hr;gastro.24sata.hr;jajca.24sata.hr;joomboos.24sata.hr;miss7.24sata.hr;miss7mama.24sata.hr;miss7zdrava.24sata.hr;osmrtnice.24sata.hr;podijeli-taktiku.24sata.hr;simple.24sata.hr;startover-konferencija.24sata.hr;tarikibuki.24sata.hr;videoteka.24sata.hr,24sata,national,TRUE,TRUE,Proposed seed classification: Projektni katalog; PI G1 ratification required.,explorations/okvir-katolicanstva-prototype/secular_outlets.csv,FALSE,proposed,TRUE
5portal_hr,5portal.hr,5portal.hr,5portal,regional,TRUE,TRUE,Publisher describes local Labin area news and identifies editorial office and Croatian publisher. https://5portal.hr/korisno/88/o-portalu,raw_continuity_review;outlet_registry_review.csv,FALSE,proposed,TRUE
a1_hr,a1.hr,a1.hr;cloudmarket.a1.hr;forum.a1.hr;gigabeetno.a1.hr;moj.a1.hr;planetsport.a1.hr;tvzavan.a1.hr;vjestinebuducnosti.a1.hr;vremeplov.a1.hr,a1.hr,,NA,NA,needs_review: publisher identity and editorial/Croatia status not established; excluded from proposed eligibility.,raw_continuity_review,FALSE,proposed,FALSE
adiva_hr,adiva.hr,adiva.hr,adiva.hr,non_news,FALSE,TRUE,Health advice portal is explicitly part of pharmacy customer programme; exclusion is publisher-function judgement rather than health-topic exclusion. Source: https://www.adiva.hr/adiva/o-nama/adiva-podrska-vasem-zdravlju/,raw_continuity_review,FALSE,metadata_reviewed_2026-09-18,FALSE
advance_hr,advance.hr,advance.hr,Advance,political_portal,TRUE,TRUE,Publisher identifies Croatian editorial operation and political analytical remit; political_portal is a proposed segment. https://www.advance.hr/o-nama;https://www.advance.hr/kontakt,raw_continuity_review;outlet_registry_review.csv,FALSE,proposed,TRUE
agroklub_com,agroklub.com,agroklub.com,Agroklub,national,TRUE,TRUE,Agriculture editorial publication with identified Croatian publisher and editor; national includes specialist editorial publications. https://www.agroklub.com/agroklub/kontakt-impressum,raw_continuity_review;outlet_registry_review.csv,FALSE,proposed,TRUE
aloalo_hr,aloalo.hr,aloalo.hr,aloalo.hr,,NA,NA,needs_review: publisher identity and editorial/Croatia status not established; excluded from proposed eligibility.,raw_continuity_review,FALSE,proposed,FALSE
amcham_hr,amcham.hr,amcham.hr,amcham.hr,,NA,NA,needs_review: publisher identity and editorial/Croatia status not established; excluded from proposed eligibility.,raw_continuity_review,FALSE,proposed,FALSE
antenazadar_hr,antenazadar.hr,antenazadar.hr,Antena Zadar,regional,TRUE,TRUE,Proposed seed classification: Urednički pregled; PI G1 ratification required.,explorations/okvir-katolicanstva-prototype/secular_outlets.csv,FALSE,proposed,TRUE
antikvarijatzz_hr,antikvarijatzz.hr,antikvarijatzz.hr,antikvarijatzz.hr,non_news,FALSE,NA,"Excluded by BRIEF 4.2 non_news rule; this is a scope exclusion, not an assessment of quality. PI G1 ratification required.",BRIEF.md#4.2,FALSE,proposed,FALSE
apartmanija_hr,apartmanija.hr,apartmanija.hr,apartmanija.hr,,NA,NA,needs_review: publisher identity and editorial/Croatia status not established; excluded from proposed eligibility.,raw_continuity_review,FALSE,proposed,FALSE
apprrr_hr,apprrr.hr,agronet.apprrr.hr;apprrr.hr;arkod.apprrr.hr;mlijeko.apprrr.hr,apprrr.hr,,NA,NA,needs_review: publisher identity and editorial/Croatia status not established; excluded from proposed eligibility.,raw_continuity_review,FALSE,proposed,FALSE
argentum_hr,argentum.hr,argentum.hr,argentum.hr,,NA,NA,needs_review: publisher identity and editorial/Croatia status not established; excluded from proposed eligibility.,raw_continuity_review,FALSE,proposed,FALSE
atma_hr,atma.hr,atma.hr,atma.hr,national,TRUE,TRUE,Independent lifestyle and spirituality editorial portal based in Split. Spirituality alone is not Christian confessional classification. Source: https://atma.hr/o-nama/,raw_continuity_review,FALSE,metadata_reviewed_2026-09-18,TRUE
audiopro_hr,audiopro.hr,audiopro.hr,audiopro.hr,,NA,NA,needs_review: publisher identity and editorial/Croatia status not established; excluded from proposed eligibility.,raw_continuity_review,FALSE,proposed,FALSE
babycenter_hr,babycenter.hr,babycenter.hr;mw.babycenter.hr,babycenter.hr,,NA,NA,needs_review: publisher identity and editorial/Croatia status not established; excluded from proposed eligibility.,raw_continuity_review,FALSE,proposed,FALSE
baustela_hr,baustela.hr,baustela.hr,baustela.hr,,NA,NA,needs_review: publisher identity and editorial/Croatia status not established; excluded from proposed eligibility.,raw_continuity_review,FALSE,proposed,FALSE
biciklijade_com,biciklijade.com,biciklijade.com,biciklijade.com,,NA,NA,needs_review: publisher identity and editorial/Croatia status not established; excluded from proposed eligibility.,raw_continuity_review,FALSE,proposed,FALSE
bima_shop_hr,bima-shop.hr,bima-shop.hr,bima-shop.hr,,NA,NA,needs_review: publisher identity and editorial/Croatia status not established; excluded from proposed eligibility.,raw_continuity_review,FALSE,proposed,FALSE
bing_com,bing.com,bing.com;cn.bing.com;edgeservices.bing.com;rewards.bing.com;www2.bing.com;www4.bing.com,bing.com,,NA,NA,needs_review: publisher identity and editorial/Croatia status not established; excluded from proposed eligibility.,raw_continuity_review,FALSE,proposed,FALSE
biobio_hr,biobio.hr,biobio.hr,biobio.hr,,NA,NA,needs_review: publisher identity and editorial/Croatia status not established; excluded from proposed eligibility.,raw_continuity_review,FALSE,proposed,FALSE
bipa_hr,bipa.hr,bipa.hr,bipa.hr,,NA,NA,needs_review: publisher identity and editorial/Croatia status not established; excluded from proposed eligibility.,raw_continuity_review,FALSE,proposed,FALSE
biskupija_varazdinska_hr,biskupija-varazdinska.hr,biskupija-varazdinska.hr;glazba.biskupija-varazdinska.hr;katehetski.biskupija-varazdinska.hr;knjiznica.biskupija-varazdinska.hr;mladi.biskupija-varazdinska.hr;obitelj.biskupija-varazdinska.hr;veternica.biskupija-varazdinska.hr,biskupija-varazdinska.hr,institutional,FALSE,NA,"Excluded by BRIEF 4.2 institutional rule; this is a scope exclusion, not an assessment of quality. PI G1 ratification required.",BRIEF.md#4.2,FALSE,proposed,FALSE
bitno_net,bitno.net,bitno.net,Bitno.net,confessional,TRUE,TRUE,Seed editorial publisher; BRIEF 4.3 says new-batch-only coverage prevents panel_v1 continuity. ,resources/dictionaries/source_labels.csv;studies/news-gap/source_registry.csv;outlet_registry_review.csv,FALSE,proposed,TRUE
blidinje_net,blidinje.net,blidinje.net,blidinje.net,,NA,NA,needs_review: publisher identity and editorial/Croatia status not established; excluded from proposed eligibility.,raw_continuity_review,FALSE,proposed,FALSE
bongacams_com,bongacams.com,bongacams.com;hr.bongacams.com;hr.wiki.bongacams.com,bongacams.com,non_news,FALSE,NA,"Excluded by BRIEF 4.2 non_news rule; this is a scope exclusion, not an assessment of quality. PI G1 ratification required.",BRIEF.md#4.2,FALSE,proposed,FALSE
booksa_hr,booksa.hr,booksa.hr,booksa.hr,,NA,NA,needs_review: publisher identity and editorial/Croatia status not established; excluded from proposed eligibility.,raw_continuity_review,FALSE,proposed,FALSE
braniteljski_portal_com,braniteljski-portal.com,braniteljski-portal.com,Braniteljski portal,political_portal,TRUE,TRUE,Proposed seed classification: Politički portal za zasebni izvještaj; D2 reverses the sandbox exclusion and admits this segment subject to continuity.,explorations/okvir-katolicanstva-prototype/secular_outlets.csv,FALSE,proposed,TRUE
brodportal_hr,brodportal.hr,brodportal.hr,BrodPortal,regional,TRUE,TRUE,Proposed seed classification: Urednički pregled; PI G1 ratification required.,explorations/okvir-katolicanstva-prototype/secular_outlets.csv,FALSE,proposed,TRUE
bug_hr,bug.hr,autonet-old.bug.hr;autonet.bug.hr;bug.hr;download.bug.hr;forum.bug.hr;magnet.bug.hr;mreza.bug.hr,Bug,national,TRUE,TRUE,Technology editorial publication with identified Zagreb publisher and newsroom; national includes specialist editorial publications. https://www.bug.hr/impresum,raw_continuity_review;outlet_registry_review.csv,FALSE,proposed,TRUE
burza_com_hr,burza.com.hr,burza.com.hr,burza.com.hr,,NA,NA,needs_review: publisher identity and editorial/Croatia status not established; excluded from proposed eligibility.,raw_continuity_review,FALSE,proposed,FALSE
burzanautike_com,burzanautike.com,burzanautike.com,burzanautike.com,,NA,NA,needs_review: publisher identity and editorial/Croatia status not established; excluded from proposed eligibility.,raw_continuity_review,FALSE,proposed,FALSE
caritas_hr,caritas.hr,caritas.hr,caritas.hr,,NA,NA,"needs_review: confessional seed label alone does not establish a news publisher; Caritas, karitativna ustanova Katoličke crkve",resources/dictionaries/source_labels.csv,FALSE,proposed,FALSE
casopiskvaka_com_hr,casopiskvaka.com.hr,casopiskvaka.com.hr,casopiskvaka.com.hr,national,TRUE,TRUE,"Velika Gorica cultural association; named editors and editorial board select literary journalism including news, interviews and criticism alongside creative writing. Publication-level specialist cultural inclusion. Source: https://www.casopiskvaka.com.hr/p/impresum-kvaka-casopis-za-knjizevnost.html",raw_continuity_review,FALSE,metadata_reviewed_2026-09-18,TRUE
centarzdravlja_hr,centarzdravlja.hr,centarzdravlja.hr;libido.centarzdravlja.hr;novenavike.centarzdravlja.hr;zdravaprobava.centarzdravlja.hr;zdraviklinci.centarzdravlja.hr;zenskozdravlje.centarzdravlja.hr,centarzdravlja.hr,,NA,NA,needs_review: publisher identity and editorial/Croatia status not established; excluded from proposed eligibility.,raw_continuity_review,FALSE,proposed,FALSE
cepin_hr,cepin.hr,cepin.hr,cepin.hr,,NA,NA,needs_review: publisher identity and editorial/Croatia status not established; excluded from proposed eligibility.,raw_continuity_review,FALSE,proposed,FALSE
chic_hr,chic.hr,chic.hr,chic.hr,,NA,NA,needs_review: publisher identity and editorial/Croatia status not established; excluded from proposed eligibility.,raw_continuity_review,FALSE,proposed,FALSE
civilnodrustvo_hr,civilnodrustvo.hr,civilnodrustvo.hr;esfplatforma.civilnodrustvo.hr;test.zaklada.civilnodrustvo.hr;zaklada.civilnodrustvo.hr,civilnodrustvo.hr,,NA,NA,needs_review: publisher identity and editorial/Croatia status not established; excluded from proposed eligibility.,raw_continuity_review,FALSE,proposed,FALSE
cmc_com_hr,cmc.com.hr,cmc.com.hr;radio.cmc.com.hr,cmc.com.hr,,NA,NA,needs_review: publisher identity and editorial/Croatia status not established; excluded from proposed eligibility.,raw_continuity_review,FALSE,proposed,FALSE
conrad_hr,conrad.hr,conrad.hr,conrad.hr,,NA,NA,needs_review: publisher identity and editorial/Croatia status not established; excluded from proposed eligibility.,raw_continuity_review,FALSE,proposed,FALSE
coolinarika_com,coolinarika.com,coolinarika.com;mema.coolinarika.com;web.coolinarika.com;web.staging.coolinarika.com,coolinarika.com,,NA,NA,needs_review: publisher identity and editorial/Croatia status not established; excluded from proposed eligibility.,raw_continuity_review,FALSE,proposed,FALSE
creativabox_com,creativabox.com,creativabox.com,creativabox.com,non_news,FALSE,,Own about page identifies recipe and food community with DIY ideas; no distinct news publication. Croatian link unknown and unnecessary to explicit non-news exclusion; no foreign location inferred from language. Source: https://creativabox.com/about/,raw_continuity_review,FALSE,metadata_reviewed_2026-09-18,FALSE
croativ_net,croativ.net,croativ.net,Croativ,political_portal,TRUE,TRUE,Proposed seed classification: Politički portal za zasebni izvještaj; D2 reverses the sandbox exclusion and admits this segment subject to continuity.,explorations/okvir-katolicanstva-prototype/secular_outlets.csv,FALSE,proposed,TRUE
cromoda_com,cromoda.com,cromoda.com,cromoda.com,national,TRUE,TRUE,Zagreb publisher and editorial staff. Source: https://www.cromoda.com/impressum,raw_continuity_review,FALSE,metadata_reviewed_2026-09-18,TRUE
crovijesti_com,crovijesti.com,crovijesti.com,CroVijesti,aggregator,FALSE,NA,"Excluded by BRIEF 4.2 aggregator rule; this is a scope exclusion, not an assessment of quality. PI G1 ratification required.",BRIEF.md#4.2,FALSE,proposed,FALSE
culturenet_hr,culturenet.hr,culturenet.hr,culturenet.hr,institutional,FALSE,TRUE,Publisher is Ministry of Culture and Media; newsroom is its public communication service. Source: https://www.culturenet.hr/impresum/hr/87661,raw_continuity_review,FALSE,metadata_reviewed_2026-09-18,FALSE
czn_hr,czn.hr,czn.hr,czn.hr,,NA,NA,needs_review: publisher identity and editorial/Croatia status not established; excluded from proposed eligibility.,raw_continuity_review,FALSE,proposed,FALSE
d_a_z_hr,d-a-z.hr,arhibau.d-a-z.hr;d-a-z.hr,d-a-z.hr,,NA,NA,needs_review: publisher identity and editorial/Croatia status not established; excluded from proposed eligibility.,raw_continuity_review,FALSE,proposed,FALSE
dailyadvent_com,dailyadvent.com,dailyadvent.com;m.dailyadvent.com,dailyadvent.com,aggregator,FALSE,NA,"Excluded by BRIEF 4.2 aggregator rule; this is a scope exclusion, not an assessment of quality. PI G1 ratification required.",BRIEF.md#4.2,FALSE,proposed,FALSE
dalmacija_hr,dalmacija.hr,dalmacija.hr;mrezakulture.dalmacija.hr;pomorskodobro.dalmacija.hr,dalmacija.hr,,NA,NA,needs_review: publisher identity and editorial/Croatia status not established; excluded from proposed eligibility.,raw_continuity_review,FALSE,proposed,FALSE
dalmacijadanas_hr,dalmacijadanas.hr,dalmacijadanas.hr,Dalmacija danas,regional,TRUE,TRUE,Proposed seed classification: Urednički pregled; PI G1 ratification required.,explorations/okvir-katolicanstva-prototype/secular_outlets.csv,FALSE,proposed,TRUE
dalmacijanews_hr,dalmacijanews.hr,dalmacijanews.hr,Dalmacija News,regional,TRUE,TRUE,Proposed seed classification: Urednički pregled; PI G1 ratification required.,explorations/okvir-katolicanstva-prototype/secular_outlets.csv,FALSE,proposed,TRUE
dalmatinskiportal_hr,dalmatinskiportal.hr,dalmatinskiportal.hr;old.dalmatinskiportal.hr,Dalmatinski portal,regional,TRUE,TRUE,Proposed seed classification: Projektni katalog; PI G1 ratification required.,explorations/okvir-katolicanstva-prototype/secular_outlets.csv,FALSE,proposed,TRUE
danica_hr,danica.hr,danica.hr,Danica,regional,TRUE,TRUE,Publisher homepage identifies editorial selection and reporting on Podravina; regional is a proposed segment. https://danica.hr/,raw_continuity_review;outlet_registry_review.csv,FALSE,proposed,TRUE
dhk_hr,dhk.hr,dhk.hr,dhk.hr,,NA,NA,needs_review: publisher identity and editorial/Croatia status not established; excluded from proposed eligibility.,raw_continuity_review,FALSE,proposed,FALSE
dioptrija_hr,dioptrija.hr,dioptrija.hr,dioptrija.hr,,NA,NA,needs_review: publisher identity and editorial/Croatia status not established; excluded from proposed eligibility.,raw_continuity_review,FALSE,proposed,FALSE
direktno_hr,direktno.hr,direktno.hr,Direktno.hr,political_portal,TRUE,TRUE,Proposed seed classification: Politički portal za zasebni izvještaj; D2 reverses the sandbox exclusion and admits this segment subject to continuity.,explorations/okvir-katolicanstva-prototype/secular_outlets.csv,FALSE,proposed,TRUE
djos_hr,djos.hr,caritas.djos.hr;djakovo1.djos.hr;djos.hr;srce-isusovo-vinkovci.djos.hr;vjeroucitelji.djos.hr,djos.hr,institutional,FALSE,NA,"Excluded by BRIEF 4.2 institutional rule; this is a scope exclusion, not an assessment of quality. PI G1 ratification required.",BRIEF.md#4.2,FALSE,proposed,FALSE
dkd_hr,dkd.hr,dkd.hr;narodna.dkd.hr;znanstvena.dkd.hr,dkd.hr,,NA,NA,needs_review: publisher identity and editorial/Croatia status not established; excluded from proposed eligibility.,raw_continuity_review,FALSE,proposed,FALSE
dnevnik_hr,dnevnik.hr,bijelojaje.dnevnik.hr;blog.dnevnik.hr;dnevnik.hr;domatv.dnevnik.hr;folder.dnevnik.hr;forbes.dnevnik.hr;gol.dnevnik.hr;idesh.dnevnik.hr;krenizdravo.dnevnik.hr;mojfaks.dnevnik.hr;najtrenutak.dnevnik.hr;novaplus.dnevnik.hr;novapremiumstories.dnevnik.hr;novastories.dnevnik.hr;novatv.dnevnik.hr;novavideo.dnevnik.hr;premiumstories.dnevnik.hr;punkufer.dnevnik.hr;showbuzz.dnevnik.hr;teen385.dnevnik.hr;tulumarka.dnevnik.hr;ubaci-u-folder.dnevnik.hr;zadovoljna.dnevnik.hr;zimo.dnevnik.hr,Dnevnik.hr,national,TRUE,TRUE,Proposed seed classification: Projektni katalog; PI G1 ratification required.,explorations/okvir-katolicanstva-prototype/secular_outlets.csv,FALSE,proposed,TRUE
dnevno_hr,dnevno.hr,dnevno.hr;euro.dnevno.hr;euro2020.dnevno.hr;vukovar.dnevno.hr,Dnevno.hr,political_portal,TRUE,TRUE,Proposed seed classification: Politički portal za zasebni izvještaj; D2 reverses the sandbox exclusion and admits this segment subject to continuity.,explorations/okvir-katolicanstva-prototype/secular_outlets.csv,FALSE,proposed,TRUE
dom2_hr,dom2.hr,dom2.hr,dom2.hr,,NA,NA,needs_review: publisher identity and editorial/Croatia status not established; excluded from proposed eligibility.,raw_continuity_review,FALSE,proposed,FALSE
dragovoljac_com,dragovoljac.com,dragovoljac.com,Hrvatski dragovoljac,political_portal,TRUE,TRUE,Proposed seed classification: Politički portal za zasebni izvještaj; D2 reverses the sandbox exclusion and admits this segment subject to continuity.,explorations/okvir-katolicanstva-prototype/secular_outlets.csv,FALSE,proposed,TRUE
drava_info,drava.info,drava.info,Drava.info,regional,TRUE,TRUE,Newsroom and Croatian association publisher; Koprivnica and Podravina service confirmed by publisher. https://drava.info/impresum/;https://drava.info/2025/08/poseban-dan-za-nasu-redakciju-danas-je-10-velikih-godina-portala-drava-info/,raw_continuity_review;outlet_registry_review.csv,FALSE,proposed,TRUE
drnis_hr,drnis.hr,drnis.hr;gospodarenje-otpadom.drnis.hr,drnis.hr,,NA,NA,needs_review: publisher identity and editorial/Croatia status not established; excluded from proposed eligibility.,raw_continuity_review,FALSE,proposed,FALSE
dubrovnik_hr,dubrovnik.hr,dubrovnik.hr,dubrovnik.hr,institutional,FALSE,TRUE,Official municipal website imprint. Source: https://www.dubrovnik.hr/files/Impressum2025.pdf,raw_continuity_review,FALSE,metadata_reviewed_2026-09-18,FALSE
dubrovnikinsider_hr,dubrovnikinsider.hr,dubrovnikinsider.hr,Dubrovnik Insider,regional,TRUE,TRUE,Proposed seed classification: Urednički pregled; PI G1 ratification required.,explorations/okvir-katolicanstva-prototype/secular_outlets.csv,FALSE,proposed,TRUE
dubrovniknet_hr,dubrovniknet.hr,dubrovniknet.hr,Dubrovniknet,regional,TRUE,TRUE,Proposed seed classification: Urednički pregled; PI G1 ratification required.,explorations/okvir-katolicanstva-prototype/secular_outlets.csv,FALSE,proposed,TRUE
dubrovnikportal_com,dubrovnikportal.com,dubrovnikportal.com,dubrovnikportal.com,,NA,NA,needs_review: publisher identity and editorial/Croatia status not established; excluded from proposed eligibility.,raw_continuity_review,FALSE,proposed,FALSE
dulist_hr,dulist.hr,dulist.hr;oglasi.dulist.hr,duList,regional,TRUE,TRUE,Proposed seed classification: Urednički pregled; PI G1 ratification required.,explorations/okvir-katolicanstva-prototype/secular_outlets.csv,FALSE,proposed,TRUE
dura_hr,dura.hr,dura.hr,dura.hr,,NA,NA,needs_review: publisher identity and editorial/Croatia status not established; excluded from proposed eligibility.,raw_continuity_review,FALSE,proposed,FALSE
ebrod_net,ebrod.net,ebrod.net,ebrod.net,regional,TRUE,TRUE,AEM registered electronic publication in Slavonski Brod. Source: https://pmu.e-mediji.hr/Forms/Common/DownloadStatic.aspx?id=1#page=27,raw_continuity_review,FALSE,metadata_reviewed_2026-09-18,TRUE
eistra_info,eistra.info,eistra.info,eistra.info,,NA,NA,needs_review: publisher identity and editorial/Croatia status not established; excluded from proposed eligibility.,raw_continuity_review,FALSE,proposed,FALSE
eizg_hr,eizg.hr,eizg.hr,eizg.hr,,NA,NA,needs_review: publisher identity and editorial/Croatia status not established; excluded from proposed eligibility.,raw_continuity_review,FALSE,proposed,FALSE
elipso_hr,elipso.hr,elipso.hr,elipso.hr,non_news,FALSE,TRUE,Retailer website. Source: https://www.elipso.hr/o-nama/,raw_continuity_review,FALSE,metadata_reviewed_2026-09-18,FALSE
eljekarna24_hr,eljekarna24.hr,eljekarna24.hr;promo.eljekarna24.hr,eljekarna24.hr,non_news,FALSE,NA,"Excluded by BRIEF 4.2 non_news rule; this is a scope exclusion, not an assessment of quality. PI G1 ratification required.",BRIEF.md#4.2,FALSE,proposed,FALSE
epodravina_hr,epodravina.hr,epodravina.hr;osmrtnice.epodravina.hr,ePodravina,regional,TRUE,TRUE,Proposed seed classification: Urednički pregled; PI G1 ratification required.,explorations/okvir-katolicanstva-prototype/secular_outlets.csv,FALSE,proposed,TRUE
estetica_hr,estetica.hr,estetica.hr,estetica.hr,national,TRUE,TRUE,Current own about/footer identifies ESTETICA PREMIUM PORTAL d.o.o. Zagreb and separate newsroom contact; specialist aesthetic medicine/lifestyle publication with interviews and columns. Earlier START DESIGN contact is stale. Source: https://estetica.hr/o-nama/,raw_continuity_review,FALSE,metadata_reviewed_2026-09-18,TRUE
euforija_online,euforija.online,euforija.online,Euforija online,,NA,NA,needs_review: publisher identity and editorial/Croatia status not established; excluded from proposed eligibility.,explorations/okvir-katolicanstva-prototype/secular_outlets.csv,FALSE,proposed,FALSE
evarazdin_hr,evarazdin.hr,evarazdin.hr,eVaraždin,regional,TRUE,TRUE,Proposed seed classification: Urednički pregled; PI G1 ratification required.,explorations/okvir-katolicanstva-prototype/secular_outlets.csv,FALSE,proposed,TRUE
extravagant_com_hr,extravagant.com.hr,extravagant.com.hr,extravagant.com.hr,regional,TRUE,TRUE,Own operator is Extravagant obrt in Skrljevo/Bakar; masthead identifies Rijeka fashion/lifestyle/interview/video magazine. Regional remit is metadata-based operational judgement. Source: https://extravagant.com.hr/pravila-privatnosti/,raw_continuity_review,FALSE,metadata_reviewed_2026-09-18,TRUE
faktograf_hr,faktograf.hr,f-zin.faktograf.hr;faktograf.hr;klima.faktograf.hr;udruga.faktograf.hr,faktograf.hr,,NA,NA,needs_review: publisher identity and editorial/Croatia status not established; excluded from proposed eligibility.,raw_continuity_review,FALSE,proposed,FALSE
femina_hr,femina.hr,femina.hr,femina.hr,national,TRUE,TRUE,Zagreb publisher and editors. Source: https://www.femina.hr/clanak/index/r/16/c/52/se/site_impressum,raw_continuity_review,FALSE,metadata_reviewed_2026-09-18,TRUE
ferata_hr,ferata.hr,ferata.hr,Ferata,regional,TRUE,TRUE,Proposed seed classification: Urednički pregled; PI G1 ratification required.,explorations/okvir-katolicanstva-prototype/secular_outlets.csv,FALSE,proposed,TRUE
fiuman_hr,fiuman.hr,fiuman.hr,Fiuman,regional,TRUE,TRUE,Publisher describes regional Rijeka newsroom and its reporting remit. https://www.fiuman.hr/o-nama/,raw_continuity_review;outlet_registry_review.csv,FALSE,proposed,TRUE
forum_hr,forum.hr,forum.hr,Forum.hr,,NA,NA,needs_review: publisher identity and editorial/Croatia status not established; excluded from proposed eligibility.,explorations/okvir-katolicanstva-prototype/secular_outlets.csv,FALSE,proposed,FALSE
fpzg_hr,fpzg.hr,fpzg.hr,fpzg.hr,,NA,NA,needs_review: publisher identity and editorial/Croatia status not established; excluded from proposed eligibility.,raw_continuity_review,FALSE,proposed,FALSE
fzoeu_hr,fzoeu.hr,fzoeu.hr;pametnoiodrzivo.fzoeu.hr;vozimoeko.fzoeu.hr,fzoeu.hr,,NA,NA,needs_review: publisher identity and editorial/Croatia status not established; excluded from proposed eligibility.,raw_continuity_review,FALSE,proposed,FALSE
game_game_com_hr,game-game.com.hr,game-game.com.hr,game-game.com.hr,non_news,FALSE,NA,"Excluded by BRIEF 4.2 non_news rule; this is a scope exclusion, not an assessment of quality. PI G1 ratification required.",BRIEF.md#4.2,FALSE,proposed,FALSE
gastronaut_hr,gastronaut.hr,gastronaut.hr,gastronaut.hr,,NA,NA,needs_review: publisher identity and editorial/Croatia status not established; excluded from proposed eligibility.,raw_continuity_review,FALSE,proposed,FALSE
geek_hr,geek.hr,geek.hr;shop.geek.hr;wmforum.geek.hr,geek.hr,national,TRUE,TRUE,Technology and science editorial portal with Zagreb address. Source: https://geek.hr/znanost/impressum/,raw_continuity_review,FALSE,metadata_reviewed_2026-09-18,TRUE
germanijak_hr,germanijak.hr,germanijak.hr,germanijak.hr,,NA,NA,needs_review: publisher identity and editorial/Croatia status not established; excluded from proposed eligibility.,raw_continuity_review,FALSE,proposed,FALSE
ghetaldus_hr,ghetaldus.hr,ghetaldus.hr,ghetaldus.hr,,NA,NA,needs_review: publisher identity and editorial/Croatia status not established; excluded from proposed eligibility.,raw_continuity_review,FALSE,proposed,FALSE
gizzmo_hr,gizzmo.hr,gizzmo.hr;promo.gizzmo.hr,gizzmo.hr,non_news,FALSE,TRUE,Online accessories retailer serving Croatia. Source: https://gizzmo.hr/,raw_continuity_review,FALSE,metadata_reviewed_2026-09-18,FALSE
gkka_hr,gkka.hr,digitalna.gkka.hr;gkka.hr;katalog.gkka.hr;zavicajnikalendar.gkka.hr,gkka.hr,,NA,NA,needs_review: publisher identity and editorial/Croatia status not established; excluded from proposed eligibility.,raw_continuity_review,FALSE,proposed,FALSE
gkr_hr,gkr.hr,gkr.hr;katalog.gkr.hr;stage.gkr.hr,gkr.hr,,NA,NA,needs_review: publisher identity and editorial/Croatia status not established; excluded from proposed eligibility.,raw_continuity_review,FALSE,proposed,FALSE
gkzd_hr,gkzd.hr,gkzd.hr,gkzd.hr,,NA,NA,needs_review: publisher identity and editorial/Croatia status not established; excluded from proposed eligibility.,raw_continuity_review,FALSE,proposed,FALSE
glas_koncila_hr,glas-koncila.hr,glas-koncila.hr;knjizara.glas-koncila.hr,Glas Koncila,confessional,TRUE,TRUE,Seed editorial publisher; BRIEF 4.3 says new-batch-only coverage prevents panel_v1 continuity. ,raw_continuity_review;studies/news-gap/source_registry.csv;outlet_registry_review.csv,FALSE,proposed,TRUE
glas_slavonije_hr,glas-slavonije.hr,glas-slavonije.hr,Glas Slavonije,regional,TRUE,TRUE,Proposed seed classification: Urednički pregled; PI G1 ratification required.,explorations/okvir-katolicanstva-prototype/secular_outlets.csv,FALSE,proposed,TRUE
glasgacke_hr,glasgacke.hr,glasgacke.hr,Glas Gacke,regional,TRUE,TRUE,Proposed seed classification: Urednički pregled; PI G1 ratification required.,explorations/okvir-katolicanstva-prototype/secular_outlets.csv,FALSE,proposed,TRUE
glasistre_hr,glasistre.hr,glasistre.hr;novine.glasistre.hr;oglasni.glasistre.hr;osmrtnice.glasistre.hr,Glas Istre,regional,TRUE,TRUE,Proposed seed classification: Urednički pregled; PI G1 ratification required.,explorations/okvir-katolicanstva-prototype/secular_outlets.csv,FALSE,proposed,TRUE
gloria_hr,gloria.hr,apps.gloria.hr;gloria.hr;wonderland.gloria.hr;zivim.gloria.hr,Gloria,national,TRUE,TRUE,Proposed seed classification: Lifestyle medij; PI G1 ratification required.,explorations/okvir-katolicanstva-prototype/secular_outlets.csv,FALSE,proposed,TRUE
gnkdinamo_hr,gnkdinamo.hr,gnkdinamo.hr;plus.gnkdinamo.hr;shop.gnkdinamo.hr,gnkdinamo.hr,,NA,NA,needs_review: publisher identity and editorial/Croatia status not established; excluded from proposed eligibility.,raw_continuity_review,FALSE,proposed,FALSE
goodgame_hr,goodgame.hr,goodgame.hr,goodgame.hr,national,TRUE,TRUE,Named gaming newsroom and Croatian editorial lineage (XboxCroatia and PSPCroatia founding projects); Croatian audience link is metadata-based inference. Games service exclusion does not cover journalism. Source: https://www.goodgame.hr/impressum/,raw_continuity_review,FALSE,metadata_reviewed_2026-09-18,TRUE
google_com,google.com,accounts.google.com;ads.google.com;adsense.google.com;calendar.google.com;chrome.google.com;chromewebstore.google.com;consent.google.com;doc.google.com;docs.google.com;google.com;jamboard.google.com;lookerstudio.google.com;maps.google.com;photos.google.com;play.google.com;podcasts.google.com;policies.google.com;scholar.google.com;sites.google.com;support.google.com,google.com,non_news,FALSE,NA,"Excluded by BRIEF 4.2 non_news rule; this is a scope exclusion, not an assessment of quality. PI G1 ratification required.",BRIEF.md#4.2,FALSE,proposed,FALSE
gospodarski_hr,gospodarski.hr,gospodarski.hr,gospodarski.hr,national,TRUE,TRUE,Zagreb publisher with separate internet portal editor. Source: https://gospodarski.hr/impressum/,raw_continuity_review,FALSE,metadata_reviewed_2026-09-18,TRUE
gov_hr,gov.hr,bjelovarsko-bilogorska-policija.gov.hr;branitelji.gov.hr;brodsko-posavska-policija.gov.hr;carina.gov.hr;civilna-zastita.gov.hr;data.gov.hr;demografijaimladi.gov.hr;dgu.gov.hr;dirh.gov.hr;dubrovacko-neretvanska-policija.gov.hr;dzm.gov.hr;dzs.gov.hr;ekultura-test.cdu.gov.hr;elijekovi-hzzo.gov.hr;emn.gov.hr;esavjetovanja.gov.hr;fondovi.gov.hr;fondovieu.gov.hr;forenzika.gov.hr;gov.hr;hrvatiizvanrh.gov.hr;hrvatskazaukrajinu.gov.hr;hvz.gov.hr;i-nastava.gov.hr;imovina.gov.hr;inspektorat.gov.hr;investcroatia.gov.hr;istarska-policija.gov.hr;izvoz.gov.hr;karlovacka-policija.gov.hr;koprivnicko-krizevacka-policija.gov.hr;krapinsko-zagorska-policija.gov.hr;licko-senjska-policija.gov.hr;ljudskaprava.gov.hr;manje-oruzja-manje-tragedija.gov.hr;mdu.gov.hr;medjimurska-policija.gov.hr;mfin.gov.hr;mgipu.gov.hr;min-kulture.gov.hr;mingo.gov.hr;mingor.gov.hr;mint.gov.hr;mints.gov.hr;mirenje.gov.hr;mmpi.gov.hr;morh.gov.hr;mpgi.gov.hr;mpu.gov.hr;mpudt.gov.hr;mrosp.gov.hr;mup.gov.hr;muzej-policije.gov.hr;mvep.gov.hr;mzo.gov.hr;mzoe.gov.hr;mzom.gov.hr;mzozt.gov.hr;nestali.gov.hr;osjecko-baranjska-policija.gov.hr;planoporavka.gov.hr;policija.gov.hr;policijska-akademija.gov.hr;poljoprivreda.gov.hr;porezna-uprava.gov.hr;porezna.gov.hr;portal-ispu.gov.hr;potresinfo.gov.hr;pozesko-slavonska-policija.gov.hr;pravamanjina.gov.hr;pravosudje.gov.hr;primorsko-goranska-policija.gov.hr;ravnopravnost.gov.hr;razvoj.gov.hr;rdd.gov.hr;registar-otoka.gov.hr;registar-stanovnistva.gov.hr;savjetovanja.gov.hr;sduosz.gov.hr;sibensko-kninska-policija.gov.hr;sisacko-moslavacka-policija.gov.hr;skillup.mingo.gov.hr;splitsko-dalmatinska-policija.gov.hr;sredisnjanabava.gov.hr;sredisnjikatalogrh.gov.hr;turizam.gov.hr;udruge.gov.hr;uredzastupnika.gov.hr;varazdinska-policija.gov.hr;viroviticko-podravska-policija.gov.hr;vlada.gov.hr;vukovarsko-srijemska-policija.gov.hr;zadarska-policija.gov.hr;zagrebacka-policija.gov.hr;zaklada-policijske-solidarnosti.gov.hr;zakonodavstvo.gov.hr;zdravlje.gov.hr;zdravstvo.gov.hr;zivotne-situacije.gov.hr,gov.hr,institutional,FALSE,NA,"Excluded by BRIEF 4.2 institutional rule; this is a scope exclusion, not an assessment of quality. PI G1 ratification required.",BRIEF.md#4.2,FALSE,proposed,FALSE
grabancijas_com,grabancijas.com,grabancijas.com,grabancijas.com,national,TRUE,TRUE,"Own privacy names Epiphany Publishing Zagreb; own editorial-values page specifies journalistic standards across business, politics and technology. Named editor Tomislav Tustic in own publisher metadata. National is operational, not ideology. Source: https://grabancijas.com/privacy-policy/",raw_continuity_review,FALSE,metadata_reviewed_2026-09-18,TRUE
grad_krk_hr,grad-krk.hr,grad-krk.hr;history.grad-krk.hr;optika.grad-krk.hr,grad-krk.hr,institutional,FALSE,TRUE,Official municipal website. Source: https://grad-krk.hr/,raw_continuity_review,FALSE,metadata_reviewed_2026-09-18,FALSE
grad_vodice_hr,grad-vodice.hr,grad-vodice.hr,grad-vodice.hr,,NA,NA,needs_review: publisher identity and editorial/Croatia status not established; excluded from proposed eligibility.,raw_continuity_review,FALSE,proposed,FALSE
grad_zadar_hr,grad-zadar.hr,grad-zadar.hr,grad-zadar.hr,,NA,NA,needs_review: publisher identity and editorial/Croatia status not established; excluded from proposed eligibility.,raw_continuity_review,FALSE,proposed,FALSE
grazia_hr,grazia.hr,grazia.hr,Grazia,national,TRUE,TRUE,Croatian lifestyle publication with identified editorial team and Zagreb publisher; national includes specialist editorial publications. https://grazia.hr/o-nama/,raw_continuity_review;outlet_registry_review.csv,FALSE,proposed,TRUE
hajduk_hr,hajduk.hr,hajduk.hr;shop.hajduk.hr;test.hajduk.hr;tv.hajduk.hr;ulaznice.hajduk.hr,hajduk.hr,institutional,FALSE,NA,"Excluded by BRIEF 4.2 institutional rule; this is a scope exclusion, not an assessment of quality. PI G1 ratification required.",BRIEF.md#4.2,FALSE,proposed,FALSE
hak_hr,hak.hr,hak.hr;map.hak.hr;shop.hak.hr,hak.hr,,NA,NA,needs_review: publisher identity and editorial/Croatia status not established; excluded from proposed eligibility.,raw_continuity_review,FALSE,proposed,FALSE
halmed_hr,halmed.hr,halmed.hr,halmed.hr,,NA,NA,needs_review: publisher identity and editorial/Croatia status not established; excluded from proposed eligibility.,raw_continuity_review,FALSE,proposed,FALSE
havk_mladost_hr,havk-mladost.hr,havk-mladost.hr;sprit.havk-mladost.hr,havk-mladost.hr,,NA,NA,needs_review: publisher identity and editorial/Croatia status not established; excluded from proposed eligibility.,raw_continuity_review,FALSE,proposed,FALSE
hck_hr,hck.hr,hck.hr;sigurnija-djeca.hck.hr,hck.hr,,NA,NA,needs_review: publisher identity and editorial/Croatia status not established; excluded from proposed eligibility.,raw_continuity_review,FALSE,proposed,FALSE
hcl_hr,hcl.hr,crosimracing.hcl.hr;hcl.hr;shop.hcl.hr,hcl.hr,national,TRUE,TRUE,Original gaming newsroom; own https://www.hcl.hr/oglasavanje/ identifies Croatian gaming portal and Croatian audience. Games service exclusion does not cover journalism. Source: https://www.hcl.hr/impressum/,raw_continuity_review,FALSE,metadata_reviewed_2026-09-18,TRUE
hdlu_hr,hdlu.hr,dancedeluxe.hdlu.hr;hdlu.hr;salonmladih.hdlu.hr;takeover.hdlu.hr,hdlu.hr,,NA,NA,needs_review: publisher identity and editorial/Croatia status not established; excluded from proposed eligibility.,raw_continuity_review,FALSE,proposed,FALSE
hfs_hr,hfs.hr,filmskanastava.hfs.hr;hfs.hr;linguana.hfs.hr;online.hfs.hr,hfs.hr,,NA,NA,needs_review: publisher identity and editorial/Croatia status not established; excluded from proposed eligibility.,raw_continuity_review,FALSE,proposed,FALSE
hia_com_hr,hia.com.hr,hia.com.hr,hia.com.hr,national,TRUE,TRUE,Varazdin publisher and Zagreb newsroom; named journalists. Source: https://www.hia.com.hr/impressum,raw_continuity_review,FALSE,metadata_reviewed_2026-09-18,TRUE
hifimedia_hr,hifimedia.hr,hifimedia.hr,hifimedia.hr,,NA,NA,needs_review: publisher identity and editorial/Croatia status not established; excluded from proposed eligibility.,raw_continuity_review,FALSE,proposed,FALSE
hina_hr,hina.hr,hina.hr;stariweb.hina.hr;zdravlje.hina.hr;zelenahrvatska.hina.hr,Hina,national,TRUE,TRUE,Proposed seed classification: Urednički pregled; PI G1 ratification required.,explorations/okvir-katolicanstva-prototype/secular_outlets.csv,FALSE,proposed,TRUE
hkm,hkm.hr,hkm.hr;hkr.hkm.hr;hkrplus.hkm.hr;ika.hkm.hr,Hrvatska katolička mreža,confessional,TRUE,TRUE,HKM newsroom; IKA and HKR grouped as products of HKM subject to PI G1. https://hkm.hr/impressum/;https://ika.hkm.hr/o-nama/,resources/dictionaries/source_labels.csv;studies/news-gap/source_registry.csv;outlet_registry_review.csv,FALSE,proposed,TRUE
hlk_hr,hlk.hr,hlk.hr;portal.hlk.hr,hlk.hr,,NA,NA,needs_review: publisher identity and editorial/Croatia status not established; excluded from proposed eligibility.,raw_continuity_review,FALSE,proposed,FALSE
hnb_hr,hnb.hr,euro-edukacija.hnb.hr;euro.hnb.hr;hnb.hr,hnb.hr,,NA,NA,needs_review: publisher identity and editorial/Croatia status not established; excluded from proposed eligibility.,raw_continuity_review,FALSE,proposed,FALSE
hnd_hr,hnd.hr,hnd.hr,hnd.hr,,NA,NA,needs_review: publisher identity and editorial/Croatia status not established; excluded from proposed eligibility.,raw_continuity_review,FALSE,proposed,FALSE
hok_cba_hr,hok-cba.hr,hok-cba.hr;odvjetnicka-akademija.hok-cba.hr,hok-cba.hr,,NA,NA,needs_review: publisher identity and editorial/Croatia status not established; excluded from proposed eligibility.,raw_continuity_review,FALSE,proposed,FALSE
hop_com_hr,hop.com.hr,hop.com.hr,hop.com.hr,political_portal,TRUE,TRUE,"Own news/column product names editor Igor Drenjancevic; explicit Croatia versus world and county-news navigation supplies positive Croatian audience evidence. Legal publisher address unverified; Croatia link is documented audience inference. Political_portal denotes public-affairs/column remit, not ideology. Source: https://www.hop.com.hr/",raw_continuity_review,FALSE,metadata_reviewed_2026-09-18,TRUE
hps_hr,hps.hr,hps.hr,hps.hr,,NA,NA,needs_review: publisher identity and editorial/Croatia status not established; excluded from proposed eligibility.,raw_continuity_review,FALSE,proposed,FALSE
hrportfolio_hr,hrportfolio.hr,hrportfolio.hr,hrportfolio.hr,non_news,FALSE,TRUE,Website of licensed market intermediary rather than distinct news publisher. Source: https://hrportfolio.hr/kontakt,raw_continuity_review,FALSE,metadata_reviewed_2026-09-18,FALSE
hrt_hr,hrt.hr,alpedunavjadran.hrt.hr;arhiv-hrtprikazuje.hrt.hr;arhiv-raspored.hrt.hr;arhiv-sport.hrt.hr;arhiv-vijesti.hrt.hr;arhiv-www.hrt.hr;beta.hrt.hr;blog.hrt.hr;daniponosa.hrt.hr;enz.hrt.hr;glashrvatske.hrt.hr;glazba.hrt.hr;hrt.hr;hrti.hrt.hr;hrtprikazuje.hrt.hr;juhuhu.hrt.hr;magazin.hrt.hr;neovisni-proizvodjaci.hrt.hr;nogomet.hrt.hr;o-nama.hrt.hr;obljetnica.hrt.hr;prix-marulic.hrt.hr;projektdrugi.hrt.hr;radio.hrt.hr;raspored.hrt.hr;skolski.hrt.hr;sport.hrt.hr;vijesti.hrt.hr;voice.hrt.hr;volimhrvatsku.hrt.hr;vrijeme-i-promet.hrt.hr,HRT,public_service,TRUE,TRUE,Proposed seed classification: Javni servis; PI G1 ratification required.,explorations/okvir-katolicanstva-prototype/secular_outlets.csv,FALSE,proposed,TRUE
hrturizam_hr,hrturizam.hr,hrturizam.hr,hrturizam.hr,national,TRUE,TRUE,Croatian B2B tourism editorial portal; publisher contact in Vinkovci. Source: https://hrturizam.hr/o-nama,raw_continuity_review,FALSE,metadata_reviewed_2026-09-18,TRUE
hrvatski_bocarski_savez_hr,hrvatski-bocarski-savez.hr,hrvatski-bocarski-savez.hr,hrvatski-bocarski-savez.hr,,NA,NA,needs_review: publisher identity and editorial/Croatia status not established; excluded from proposed eligibility.,raw_continuity_review,FALSE,proposed,FALSE
hrvatski_fokus_hr,hrvatski-fokus.hr,hrvatski-fokus.hr,Hrvatski fokus,political_portal,TRUE,TRUE,Proposed seed classification: Politički portal za zasebni izvještaj; D2 reverses the sandbox exclusion and admits this segment subject to continuity.,explorations/okvir-katolicanstva-prototype/secular_outlets.csv,FALSE,proposed,TRUE
hrvatski_izvoznici_hr,hrvatski-izvoznici.hr,hrvatski-izvoznici.hr,hrvatski-izvoznici.hr,,NA,NA,needs_review: publisher identity and editorial/Croatia status not established; excluded from proposed eligibility.,raw_continuity_review,FALSE,proposed,FALSE
hrvatski_vojnik_hr,hrvatski-vojnik.hr,hrvatski-vojnik.hr,hrvatski-vojnik.hr,,NA,NA,needs_review: publisher identity and editorial/Croatia status not established; excluded from proposed eligibility.,raw_continuity_review,FALSE,proposed,FALSE
hrvatskonebo_org,hrvatskonebo.org,blog.hrvatskonebo.org;hrvatskonebo.org,Hrvatsko nebo,political_portal,TRUE,TRUE,Proposed seed classification: Politički portal za zasebni izvještaj; D2 reverses the sandbox exclusion and admits this segment subject to continuity.,explorations/okvir-katolicanstva-prototype/secular_outlets.csv,FALSE,proposed,TRUE
ht_hr,ht.hr,ht.hr;izsvijetaboljihmogucnosti.t.ht.hr;poslovni.ht.hr;t.ht.hr,ht.hr,,NA,NA,needs_review: publisher identity and editorial/Croatia status not established; excluded from proposed eligibility.,raw_continuity_review,FALSE,proposed,FALSE
hts_hr,hts.hr,hts.hr,hts.hr,,NA,NA,needs_review: publisher identity and editorial/Croatia status not established; excluded from proposed eligibility.,raw_continuity_review,FALSE,proposed,FALSE
hvs_hr,hvs.hr,hvs.hr;play.hvs.hr,hvs.hr,institutional,FALSE,TRUE,Croatian Water Polo Federation website. Source: https://hvs.hr/,raw_continuity_review,FALSE,metadata_reviewed_2026-09-18,FALSE
hypetelevizija_hr,hypetelevizija.hr,hypetelevizija.hr,Hype televizija,,NA,NA,needs_review: publisher identity and editorial/Croatia status not established; excluded from proposed eligibility.,explorations/okvir-katolicanstva-prototype/secular_outlets.csv,FALSE,proposed,FALSE
hzjz_hr,hzjz.hr,apsot.hzjz.hr;hzjz.hr;necurak.hzjz.hr;ovisnosti.hzjz.hr,hzjz.hr,,NA,NA,needs_review: publisher identity and editorial/Croatia status not established; excluded from proposed eligibility.,raw_continuity_review,FALSE,proposed,FALSE
hzpp_hr,hzpp.hr,hzpp.hr;prodaja.hzpp.hr,hzpp.hr,,NA,NA,needs_review: publisher identity and editorial/Croatia status not established; excluded from proposed eligibility.,raw_continuity_review,FALSE,proposed,FALSE
hztk_hr,hztk.hr,hztk.hr,hztk.hr,,NA,NA,needs_review: publisher identity and editorial/Croatia status not established; excluded from proposed eligibility.,raw_continuity_review,FALSE,proposed,FALSE
ictbusiness_info,ictbusiness.info,ictbusiness.info,ictbusiness.info,national,TRUE,TRUE,Publisher group identifies .info as Croatian and regional ICT news portal. Source: https://www.ictbusiness.biz/about-us/,raw_continuity_review,FALSE,metadata_reviewed_2026-09-18,TRUE
icv_hr,icv.hr,icv.hr;novo.icv.hr,ICV,regional,TRUE,TRUE,Proposed seed classification: Urednički pregled; PI G1 ratification required.,explorations/okvir-katolicanstva-prototype/secular_outlets.csv,FALSE,proposed,TRUE
ida_hr,ida.hr,ida.hr,ida.hr,,NA,NA,needs_review: publisher identity and editorial/Croatia status not established; excluded from proposed eligibility.,raw_continuity_review,FALSE,proposed,FALSE
ifs_hr,ifs.hr,ifs.hr;kacif.ifs.hr;popularizacija.ifs.hr,ifs.hr,,NA,NA,needs_review: publisher identity and editorial/Croatia status not established; excluded from proposed eligibility.,raw_continuity_review,FALSE,proposed,FALSE
igranje_hr,igranje.hr,boardgames-friends.igranje.hr;ditoide.igranje.hr;igranje.hr,igranje.hr,,NA,NA,needs_review: publisher identity and editorial/Croatia status not established; excluded from proposed eligibility.,raw_continuity_review,FALSE,proposed,FALSE
igre123_net,igre123.net,igre123.net,igre123.net,non_news,FALSE,NA,"Excluded by BRIEF 4.2 non_news rule; this is a scope exclusion, not an assessment of quality. PI G1 ratification required.",BRIEF.md#4.2,FALSE,proposed,FALSE
imperijal_net,imperijal.net,imperijal.net,imperijal.net,,NA,NA,needs_review: publisher identity and editorial/Croatia status not established; excluded from proposed eligibility.,raw_continuity_review,FALSE,proposed,FALSE
index_hr,index.hr,back2school.index.hr;dev2.index.hr;digitalnagaraza.index.hr;digitalni-nomadi.index.hr;dostave.index.hr;hrvatskakosarica.index.hr;idemonamer.index.hr;index.hr;jobs.index.hr;nasuncanojstrani.index.hr;native.index.hr;odgovori.index.hr;otkrijsvoje.index.hr;recepti.index.hr;spasistvar.index.hr;sso.index.hr;vrtimzdravifilm.index.hr,Index,national,TRUE,TRUE,Proposed seed classification: Projektni katalog; PI G1 ratification required.,explorations/okvir-katolicanstva-prototype/secular_outlets.csv,FALSE,proposed,TRUE
infokiosk_net,infokiosk.net,infokiosk.net,InfoKiosk,aggregator,FALSE,NA,"Excluded by BRIEF 4.2 aggregator rule; this is a scope exclusion, not an assessment of quality. PI G1 ratification required.",BRIEF.md#4.2,FALSE,proposed,FALSE
infozagreb_hr,infozagreb.hr,digitalnomads.infozagreb.hr;infozagreb.hr;sport.infozagreb.hr,infozagreb.hr,,NA,NA,needs_review: publisher identity and editorial/Croatia status not established; excluded from proposed eligibility.,raw_continuity_review,FALSE,proposed,FALSE
infozona_hr,infozona.hr,info.infozona.hr;infozona.hr;kalendar.infozona.hr,infozona.hr,,NA,NA,needs_review: publisher identity and editorial/Croatia status not established; excluded from proposed eligibility.,raw_continuity_review,FALSE,proposed,FALSE
inmemoriam_hr,inmemoriam.hr,inmemoriam.hr,inmemoriam.hr,non_news,FALSE,NA,"Excluded by BRIEF 4.2 non_news rule; this is a scope exclusion, not an assessment of quality. PI G1 ratification required.",BRIEF.md#4.2,FALSE,proposed,FALSE
inverzija_net,inverzija.net,inverzija.net,inverzija.net,,NA,NA,needs_review: publisher identity and editorial/Croatia status not established; excluded from proposed eligibility.,raw_continuity_review,FALSE,proposed,FALSE
ipress_hr,ipress.hr,ipress.hr,ipress.hr,regional,TRUE,TRUE,Own contact page identifies independent Istrian news portal; publisher corroborated by site terms. Source: https://mail.ipress.hr/41869-Kontakti,raw_continuity_review,FALSE,metadata_reviewed_2026-09-18,TRUE
irb_hr,irb.hr,bib.irb.hr;grgur.irb.hr;irb.hr;lib.irb.hr;nabava.irb.hr;ozip.irb.hr;pdb.irb.hr;rezervacija.irb.hr;sestar.irb.hr;www2.irb.hr,irb.hr,,NA,NA,needs_review: publisher identity and editorial/Croatia status not established; excluded from proposed eligibility.,raw_continuity_review,FALSE,proposed,FALSE
irmo_hr,irmo.hr,bore.irmo.hr;euroimpakt.irmo.hr;irmo.hr;kultura.irmo.hr;mo4r.irmo.hr;plateu.irmo.hr,irmo.hr,,NA,NA,needs_review: publisher identity and editorial/Croatia status not established; excluded from proposed eligibility.,raw_continuity_review,FALSE,proposed,FALSE
istra_istria_hr,istra-istria.hr,istra-istria.hr;javne-potrebe.istra-istria.hr;shape.istra-istria.hr;zdrava-sana.istra-istria.hr,istra-istria.hr,,NA,NA,needs_review: publisher identity and editorial/Croatia status not established; excluded from proposed eligibility.,raw_continuity_review,FALSE,proposed,FALSE
istra24_hr,istra24.hr,istra24.hr,Istra24,regional,TRUE,TRUE,Proposed seed classification: Urednički pregled; PI G1 ratification required.,explorations/okvir-katolicanstva-prototype/secular_outlets.csv,FALSE,proposed,TRUE
istrain_hr,istrain.hr,istrain.hr,istrain.hr,,NA,NA,needs_review: publisher identity and editorial/Croatia status not established; excluded from proposed eligibility.,raw_continuity_review,FALSE,proposed,FALSE
itbizcrunch_com,itbizcrunch.com,itbizcrunch.com,itbizcrunch.com,,NA,NA,needs_review: publisher identity and editorial/Croatia status not established; excluded from proposed eligibility.,raw_continuity_review,FALSE,proposed,FALSE
itnovosti_com,itnovosti.com,itnovosti.com,itnovosti.com,aggregator,FALSE,TRUE,Homepage presents external outlets and links as Croatian IT news aggregation. Source: https://www.itnovosti.com/,raw_continuity_review,FALSE,metadata_reviewed_2026-09-18,FALSE
iusinfo_hr,iusinfo.hr,iusinfo.hr,iusinfo.hr,non_news,FALSE,TRUE,Primary identity is Croatian legal information database and subscription service; no distinct named news newsroom established. Source: https://www.iusinfo.hr/,raw_continuity_review,FALSE,metadata_reviewed_2026-09-18,FALSE
ivanec_hr,ivanec.hr,ivanec.hr,ivanec.hr,,NA,NA,needs_review: publisher identity and editorial/Croatia status not established; excluded from proposed eligibility.,raw_continuity_review,FALSE,proposed,FALSE
ivanic_grad_hr,ivanic-grad.hr,ivanic-grad.hr,ivanic-grad.hr,,NA,NA,needs_review: publisher identity and editorial/Croatia status not established; excluded from proposed eligibility.,raw_continuity_review,FALSE,proposed,FALSE
jabucnjak_hr,jabucnjak.hr,jabucnjak.hr,jabucnjak.hr,,NA,NA,needs_review: publisher identity and editorial/Croatia status not established; excluded from proposed eligibility.,raw_continuity_review,FALSE,proposed,FALSE
jaskadanas_hr,jaskadanas.hr,jaskadanas.hr,jaskadanas.hr,,NA,NA,needs_review: publisher identity and editorial/Croatia status not established; excluded from proposed eligibility.,raw_continuity_review,FALSE,proposed,FALSE
jatrgovac_com,jatrgovac.com,jatrgovac.com,jatrgovac.com,national,TRUE,TRUE,Croatian retail portal and magazine; Zagreb publisher. Source: https://jatrgovac.com/kontakt/marketing/,raw_continuity_review,FALSE,metadata_reviewed_2026-09-18,TRUE
jesenski_turk_hr,jesenski-turk.hr,jesenski-turk.hr,jesenski-turk.hr,,NA,NA,needs_review: publisher identity and editorial/Croatia status not established; excluded from proposed eligibility.,raw_continuity_review,FALSE,proposed,FALSE
jolie_hr,jolie.hr,jolie.hr,jolie.hr,national,TRUE,TRUE,Own terms identify ASTI Zagreb publisher; own anniversary/launch metadata names Anita Radovcic as chief editor. Distinct lifestyle/news/interview publication despite advertising-business ownership. Source: https://jolie.hr/opci-uvjeti-koristenja/,raw_continuity_review,FALSE,metadata_reviewed_2026-09-18,TRUE
journal_hr,journal.hr,journal.hr;specijal.journal.hr,Journal,national,TRUE,TRUE,Lifestyle editorial publication with identified Zagreb newsroom and publisher; national includes specialist editorial publications. https://www.journal.hr/kontakt/,raw_continuity_review;outlet_registry_review.csv,FALSE,proposed,TRUE
judo_hr,judo.hr,judo.hr,judo.hr,,NA,NA,needs_review: publisher identity and editorial/Croatia status not established; excluded from proposed eligibility.,raw_continuity_review,FALSE,proposed,FALSE
jug_hr,jug.hr,jug.hr,jug.hr,,NA,NA,needs_review: publisher identity and editorial/Croatia status not established; excluded from proposed eligibility.,raw_continuity_review,FALSE,proposed,FALSE
jutarnji_hr,jutarnji.hr,apps.jutarnji.hr;euractiv.jutarnji.hr;jutarnji.hr;native.jutarnji.hr;novac.jutarnji.hr;osmrtnice.jutarnji.hr;sportske.jutarnji.hr;zivim.jutarnji.hr,Jutarnji list,national,TRUE,TRUE,Proposed seed classification: Projektni katalog; PI G1 ratification required.,explorations/okvir-katolicanstva-prototype/secular_outlets.csv,FALSE,proposed,TRUE
jvp_sibenik_hr,jvp-sibenik.hr,jvp-sibenik.hr,jvp-sibenik.hr,,NA,NA,needs_review: publisher identity and editorial/Croatia status not established; excluded from proposed eligibility.,raw_continuity_review,FALSE,proposed,FALSE
jysk_hr,jysk.hr,jysk.hr;katalog.jysk.hr,jysk.hr,,NA,NA,needs_review: publisher identity and editorial/Croatia status not established; excluded from proposed eligibility.,raw_continuity_review,FALSE,proposed,FALSE
kaj_hr,kaj.hr,kaj.hr,kaj.hr,regional,TRUE,TRUE,Zagreb regional broadcaster with own news staff and northwest Croatia coverage. Source: https://kaj.hr/kontakt/,raw_continuity_review,FALSE,metadata_reviewed_2026-09-18,TRUE
karla_hr,karla.hr,karla.hr,karla.hr,,NA,NA,needs_review: publisher identity and editorial/Croatia status not established; excluded from proposed eligibility.,raw_continuity_review,FALSE,proposed,FALSE
karlovacki_hr,karlovacki.hr,karlovacki.hr,Karlovački,regional,TRUE,TRUE,Proposed seed classification: Urednički pregled; PI G1 ratification required.,explorations/okvir-katolicanstva-prototype/secular_outlets.csv,FALSE,proposed,TRUE
kastela_org,kastela.org,kastela.org,Portal grada Kaštela,regional,TRUE,TRUE,Proposed seed classification: Urednički pregled; PI G1 ratification required.,explorations/okvir-katolicanstva-prototype/secular_outlets.csv,FALSE,proposed,TRUE
kckzz_hr,kckzz.hr,arhiva.kckzz.hr;kckzz.hr;stipendije.kckzz.hr,kckzz.hr,institutional,FALSE,TRUE,Official county website. Source: https://kckzz.hr/hr/,raw_continuity_review,FALSE,metadata_reviewed_2026-09-18,FALSE
kgz_hr,kgz.hr,digitalnezbirke.kgz.hr;katalog.kgz.hr;kgz.hr,kgz.hr,institutional,FALSE,TRUE,Zagreb City Libraries institutional website. Source: https://www.kgz.hr/hr/kontakti/adresar/804,raw_continuity_review,FALSE,metadata_reviewed_2026-09-18,FALSE
kladionica_eu,kladionica.eu,kladionica.eu,kladionica.eu,,NA,NA,needs_review: publisher identity and editorial/Croatia status not established; excluded from proposed eligibility.,raw_continuity_review,FALSE,proposed,FALSE
klfm_org,klfm.org,klfm.org,klfm.org,,NA,NA,needs_review: publisher identity and editorial/Croatia status not established; excluded from proposed eligibility.,raw_continuity_review,FALSE,proposed,FALSE
klik_hr,klik.hr,klik.hr,klik.hr,aggregator,FALSE,TRUE,Own imprint explicitly describes automated RSS collection from over100 Croatian portals. Source: https://klik.hr/kontakt,raw_continuity_review,FALSE,metadata_reviewed_2026-09-18,FALSE
klikaj_hr,klikaj.hr,klikaj.hr,Klikaj,regional,TRUE,TRUE,Proposed seed classification: Urednički pregled; PI G1 ratification required.,explorations/okvir-katolicanstva-prototype/secular_outlets.csv,FALSE,proposed,TRUE
klostar_ivanic_hr,klostar-ivanic.hr,klostar-ivanic.hr,klostar-ivanic.hr,,NA,NA,needs_review: publisher identity and editorial/Croatia status not established; excluded from proposed eligibility.,raw_continuity_review,FALSE,proposed,FALSE
klubskascena_hr,klubskascena.hr,klubskascena.hr;old.klubskascena.hr,klubskascena.hr,national,TRUE,TRUE,Split publisher and editor; electronic music journalism. Source: https://www.klubskascena.hr/impressum,raw_continuity_review,FALSE,metadata_reviewed_2026-09-18,TRUE
komunalac_kc_hr,komunalac-kc.hr,komunalac-kc.hr,komunalac-kc.hr,,NA,NA,needs_review: publisher identity and editorial/Croatia status not established; excluded from proposed eligibility.,raw_continuity_review,FALSE,proposed,FALSE
koprivnica_hr,koprivnica.hr,koprivnica.hr,koprivnica.hr,institutional,FALSE,TRUE,Official municipal website. Source: https://koprivnica.hr/,raw_continuity_review,FALSE,metadata_reviewed_2026-09-18,FALSE
korcula_hr,korcula.hr,korcula.hr,korcula.hr,,NA,NA,needs_review: publisher identity and editorial/Croatia status not established; excluded from proposed eligibility.,raw_continuity_review,FALSE,proposed,FALSE
kostrena_hr,kostrena.hr,kostrena.hr,kostrena.hr,,NA,NA,needs_review: publisher identity and editorial/Croatia status not established; excluded from proposed eligibility.,raw_continuity_review,FALSE,proposed,FALSE
krizevci_hr,krizevci.hr,cityx.krizevci.hr;krizevci.hr;otvoreni.krizevci.hr;vauvau.krizevci.hr,krizevci.hr,institutional,FALSE,TRUE,Official municipal website. Source: https://krizevci.hr/,raw_continuity_review,FALSE,metadata_reviewed_2026-09-18,FALSE
krizevci_info,krizevci.info,krizevci.info,Križevci.info,regional,TRUE,TRUE,Publisher describes independent local news project and identifies Križevci association and editorial team. https://www.krizevci.info/impressum/,raw_continuity_review;outlet_registry_review.csv,FALSE,proposed,TRUE
kronikevg_com,kronikevg.com,kronikevg.com,Kronike Velike Gorice,regional,TRUE,TRUE,Publisher describes Velika Gorica and Turopolje news; Croatian editorial office. https://www.kronikevg.com/impressum/,raw_continuity_review;outlet_registry_review.csv,FALSE,proposed,TRUE
ks_hr,ks.hr,biblija.ks.hr;ks.hr,ks.hr,,NA,NA,needs_review: publisher identity and editorial/Croatia status not established; excluded from proposed eligibility.,raw_continuity_review,FALSE,proposed,FALSE
kulturpunkt_hr,kulturpunkt.hr,kulturpunkt.hr;kurziv.kulturpunkt.hr,kulturpunkt.hr,,NA,NA,needs_review: publisher identity and editorial/Croatia status not established; excluded from proposed eligibility.,raw_continuity_review,FALSE,proposed,FALSE
laudato_hr,laudato.hr,domu-mom.laudato.hr;galerije.laudato.hr;kalendar.laudato.hr;klubprijatelja.laudato.hr;laudato.hr;psonline.laudato.hr;webshop.laudato.hr,Laudato,confessional,TRUE,TRUE,Confessional editorial product identified in both source-label and news-gap seeds; D2 includes the segment. ,resources/dictionaries/source_labels.csv;studies/news-gap/source_registry.csv;outlet_registry_review.csv,FALSE,proposed,TRUE
legalis_hr,legalis.hr,legalis.hr,legalis.hr,,NA,NA,needs_review: publisher identity and editorial/Croatia status not established; excluded from proposed eligibility.,raw_continuity_review,FALSE,proposed,FALSE
lepoglava_hr,lepoglava.hr,lepoglava.hr,lepoglava.hr,,NA,NA,needs_review: publisher identity and editorial/Croatia status not established; excluded from proposed eligibility.,raw_continuity_review,FALSE,proposed,FALSE
lidermedia_hr,lidermedia.hr,lidermedia.hr,lidermedia.hr,,NA,NA,needs_review: publisher identity and editorial/Croatia status not established; excluded from proposed eligibility.,raw_continuity_review,FALSE,proposed,FALSE
lidl_hr,lidl.hr,karijera.lidl.hr;lidl.hr;recepti.lidl.hr;tvrtka.lidl.hr,lidl.hr,,NA,NA,needs_review: publisher identity and editorial/Croatia status not established; excluded from proposed eligibility.,raw_continuity_review,FALSE,proposed,FALSE
lika_express_hr,lika-express.hr,lika-express.hr,Lika Express,regional,TRUE,TRUE,Electronic publication and editorial office identified in Gospić. https://www.lika-express.hr/impressum,raw_continuity_review;outlet_registry_review.csv,FALSE,proposed,TRUE
lika_online_hr,lika-online.hr,lika-online.hr,Lika online,regional,TRUE,TRUE,Proposed seed classification: Urednički pregled; PI G1 ratification required.,explorations/okvir-katolicanstva-prototype/secular_outlets.csv,FALSE,proposed,TRUE
likaclub_eu,likaclub.eu,likaclub.eu,LIKACLUB,regional,TRUE,TRUE,Proposed seed classification: Urednički pregled; PI G1 ratification required.,explorations/okvir-katolicanstva-prototype/secular_outlets.csv,FALSE,proposed,TRUE
likemetkovic_hr,likemetkovic.hr,likemetkovic.hr,Like Metković,regional,TRUE,TRUE,Proposed seed classification: Urednički pregled; PI G1 ratification required.,explorations/okvir-katolicanstva-prototype/secular_outlets.csv,FALSE,proposed,TRUE
limes_hr,limes.hr,blog.limes.hr;limes.hr,limes.hr,,NA,NA,needs_review: publisher identity and editorial/Croatia status not established; excluded from proposed eligibility.,raw_continuity_review,FALSE,proposed,FALSE
lions_hr,lions.hr,arhiva.lions.hr;lions.hr,lions.hr,,NA,NA,needs_review: publisher identity and editorial/Croatia status not established; excluded from proposed eligibility.,raw_continuity_review,FALSE,proposed,FALSE
lipadona_com,lipadona.com,lipadona.com,lipadona.com,national,TRUE,TRUE,Independent lifestyle portal with editor; Croatia address confirmed AEM registry p56. Source: https://lipadona.com/o-nama/,raw_continuity_review,FALSE,metadata_reviewed_2026-09-18,TRUE
lipovljani_hr,lipovljani.hr,lipovljani.hr,lipovljani.hr,,NA,NA,needs_review: publisher identity and editorial/Croatia status not established; excluded from proposed eligibility.,raw_continuity_review,FALSE,proposed,FALSE
logicno_com,logicno.com,logicno.com,logicno.com,political_portal,TRUE,FALSE,Own terms identify Brcko BiH publisher; no positive Croatian editorial or audience link established beyond shared language. Croatia exclusion is evidence-limited judgement. Source: https://www.logicno.com/uvjeti-koristenja-i-privatnost,raw_continuity_review,FALSE,metadata_reviewed_2026-09-18,FALSE
lupiga_com,lupiga.com,lupa.lupiga.com;lupiga.com,lupiga.com,,NA,NA,needs_review: publisher identity and editorial/Croatia status not established; excluded from proposed eligibility.,raw_continuity_review,FALSE,proposed,FALSE
lyricstranslate_com,lyricstranslate.com,lyricstranslate.com,lyricstranslate.com,non_news,FALSE,NA,"Excluded by BRIEF 4.2 non_news rule; this is a scope exclusion, not an assessment of quality. PI G1 ratification required.",BRIEF.md#4.2,FALSE,proposed,FALSE
ljepotaizdravlje_hr,ljepotaizdravlje.hr,ljepotaizdravlje.hr,ljepotaizdravlje.hr,national,TRUE,TRUE,Zagreb publisher and editors. Source: https://www.ljepotaizdravlje.hr/impressum/,raw_continuity_review,FALSE,metadata_reviewed_2026-09-18,TRUE
magicus_info,magicus.info,magicus.info,magicus.info,non_news,FALSE,TRUE,Own imprint describes open self-publication community; registered users post and carry responsibility for their content; Zagreb association. Source: https://www.magicus.info/info/clanak/impressum,raw_continuity_review,FALSE,metadata_reviewed_2026-09-18,FALSE
maxportal_hr,maxportal.hr,maxportal.hr,maxportal.hr,political_portal,TRUE,TRUE,Zagreb publisher and newsroom; political_portal is review segment judgement. Source: https://www.maxportal.hr/impressum/,raw_continuity_review,FALSE,metadata_reviewed_2026-09-18,TRUE
mdc_hr,mdc.hr,hvm.mdc.hr;katalog.mdc.hr;kbm.mdc.hr;mdc.hr;ratne-stete.mdc.hr;virtualni.mdc.hr,mdc.hr,,NA,NA,needs_review: publisher identity and editorial/Croatia status not established; excluded from proposed eligibility.,raw_continuity_review,FALSE,proposed,FALSE
mediaservis_hr,mediaservis.hr,mediaservis.hr,mediaservis.hr,,NA,NA,needs_review: publisher identity and editorial/Croatia status not established; excluded from proposed eligibility.,raw_continuity_review,FALSE,proposed,FALSE
medjimurjepress_net,medjimurjepress.net,medjimurjepress.net,medjimurjepress.net,regional,TRUE,TRUE,Cakovec publisher and editor; county news scope. Source: https://medjimurjepress.net/impresum/,raw_continuity_review,FALSE,metadata_reviewed_2026-09-18,TRUE
medjimurska_zupanija_hr,medjimurska-zupanija.hr,medjimurska-zupanija.hr,medjimurska-zupanija.hr,institutional,FALSE,TRUE,Official county website. Source: https://medjimurska-zupanija.hr/,raw_continuity_review,FALSE,metadata_reviewed_2026-09-18,FALSE
medjimurski_hr,medjimurski.hr,medjimurski.hr,Međimurski,regional,TRUE,TRUE,Proposed seed classification: Urednički pregled; PI G1 ratification required.,explorations/okvir-katolicanstva-prototype/secular_outlets.csv,FALSE,proposed,TRUE
meteo_hr,meteo.hr,meteo.hr;repozitorij.meteo.hr,meteo.hr,,NA,NA,needs_review: publisher identity and editorial/Croatia status not established; excluded from proposed eligibility.,raw_continuity_review,FALSE,proposed,FALSE
metkovic_news_com,metkovic-news.com,metkovic-news.com,Metković News,regional,TRUE,TRUE,Proposed seed classification: Urednički pregled; PI G1 ratification required.,explorations/okvir-katolicanstva-prototype/secular_outlets.csv,FALSE,proposed,TRUE
metro_portal_hr,metro-portal.hr,m.metro-portal.hr;metro-portal.hr,metro-portal.hr,,NA,NA,needs_review: publisher identity and editorial/Croatia status not established; excluded from proposed eligibility.,raw_continuity_review,FALSE,proposed,FALSE
microsoft_com,microsoft.com,apps.microsoft.com;appsource.microsoft.com;blog.fabric.microsoft.com;copilot.microsoft.com;create.microsoft.com;docs.microsoft.com;education.microsoft.com;emea.flow.microsoft.com;flow.microsoft.com;learn.microsoft.com;microsoft.com;powerautomate.microsoft.com;privacy.microsoft.com;rewards.microsoft.com;social.msdn.microsoft.com;support.microsoft.com,microsoft.com,,NA,NA,needs_review: publisher identity and editorial/Croatia status not established; excluded from proposed eligibility.,raw_continuity_review,FALSE,proposed,FALSE
mirovina_hr,mirovina.hr,mirovina.hr,mirovina.hr,non_news,FALSE,NA,"Excluded by BRIEF 4.2 non_news rule; this is a scope exclusion, not an assessment of quality. PI G1 ratification required.",BRIEF.md#4.2,FALSE,proposed,FALSE
mirovinsko_hr,mirovinsko.hr,100.mirovinsko.hr;erps.mirovinsko.hr;lana.mirovinsko.hr;mirovinsko.hr,mirovinsko.hr,,NA,NA,needs_review: publisher identity and editorial/Croatia status not established; excluded from proposed eligibility.,raw_continuity_review,FALSE,proposed,FALSE
mixer_hr,mixer.hr,mixer.hr,mixer.hr,,NA,NA,needs_review: publisher identity and editorial/Croatia status not established; excluded from proposed eligibility.,raw_continuity_review,FALSE,proposed,FALSE
mmsu_hr,mmsu.hr,mmsu.hr;zbirka.mmsu.hr,mmsu.hr,,NA,NA,needs_review: publisher identity and editorial/Croatia status not established; excluded from proposed eligibility.,raw_continuity_review,FALSE,proposed,FALSE
mnovine_hr,mnovine.hr,mnovine.hr,Međimurske novine,regional,TRUE,TRUE,Proposed seed classification: Projektni katalog; PI G1 ratification required.,explorations/okvir-katolicanstva-prototype/secular_outlets.csv,FALSE,proposed,TRUE
mojarijeka_hr,mojarijeka.hr,mojarijeka.hr,Moja Rijeka,institutional,FALSE,TRUE,Published by City of Rijeka; city-site exclusion follows BRIEF 4.2 even though a newsroom is named. https://www.mojarijeka.hr/impressum/,raw_continuity_review;outlet_registry_review.csv,FALSE,proposed,FALSE
moje_djakovo_com,moje-djakovo.com,moje-djakovo.com,Moje Đakovo,regional,TRUE,TRUE,Proposed seed classification: Urednički pregled; PI G1 ratification required.,explorations/okvir-katolicanstva-prototype/secular_outlets.csv,FALSE,proposed,TRUE
mojevrijeme_hr,mojevrijeme.hr,mojevrijeme.hr,mojevrijeme.hr,national,TRUE,TRUE,AEM registered publication with Zagreb publisher; distinct domain from explicitly excluded mirovina.hr. Source: https://pmu.e-mediji.hr/Forms/Common/DownloadStatic.aspx?id=1#page=11,raw_continuity_review,FALSE,metadata_reviewed_2026-09-18,TRUE
mojtv_hr,mojtv.hr,mojtv.hr,mojtv.hr,national,TRUE,TRUE,"Samobor MojTV Portal publisher and named editor. Include only desktop /magazin/<integer>/<slug>.aspx and mobile /m2/magazin/clanak.aspx?id=<integer> news paths; exclude schedules, film/show databases and forums. Document study-local article-ID aliases; see review markdown. Source: https://mojtv.hr/m2/impressum.aspx",raw_continuity_review,FALSE,metadata_reviewed_2026-09-18,TRUE
mondo_zabava,mondo.zabava,mondo.zabava,Mondo zabava,national,TRUE,TRUE,Proposed seed classification: Projektni katalog; PI G1 ratification required.,explorations/okvir-katolicanstva-prototype/secular_outlets.csv,FALSE,proposed,TRUE
morh_hr,morh.hr,morh.hr;znakovlje.morh.hr,morh.hr,institutional,FALSE,NA,"Excluded by BRIEF 4.2 institutional rule; this is a scope exclusion, not an assessment of quality. PI G1 ratification required.",BRIEF.md#4.2,FALSE,proposed,FALSE
morski_hr,morski.hr,morski.hr,Morski.hr,regional,TRUE,TRUE,Proposed seed classification: Urednički pregled; PI G1 ratification required.,explorations/okvir-katolicanstva-prototype/secular_outlets.csv,FALSE,proposed,TRUE
motopuls_com,motopuls.com,motopuls.com,motopuls.com,,NA,NA,needs_review: publisher identity and editorial/Croatia status not established; excluded from proposed eligibility.,raw_continuity_review,FALSE,proposed,FALSE
motopuls_hr,motopuls.hr,motopuls.hr,motopuls.hr,,NA,NA,needs_review: publisher identity and editorial/Croatia status not established; excluded from proposed eligibility.,raw_continuity_review,FALSE,proposed,FALSE
motorevija_com_hr,motorevija.com.hr,motorevija.com.hr,motorevija.com.hr,,NA,NA,needs_review: publisher identity and editorial/Croatia status not established; excluded from proposed eligibility.,raw_continuity_review,FALSE,proposed,FALSE
mozaik_knjiga_hr,mozaik-knjiga.hr,mozaik-knjiga.hr,mozaik-knjiga.hr,,NA,NA,needs_review: publisher identity and editorial/Croatia status not established; excluded from proposed eligibility.,raw_continuity_review,FALSE,proposed,FALSE
mraclin_hr,mraclin.hr,mraclin.hr,mraclin.hr,,NA,NA,needs_review: publisher identity and editorial/Croatia status not established; excluded from proposed eligibility.,raw_continuity_review,FALSE,proposed,FALSE
muralist_hr,muralist.hr,muralist.hr,muralist.hr,,NA,NA,needs_review: publisher identity and editorial/Croatia status not established; excluded from proposed eligibility.,raw_continuity_review,FALSE,proposed,FALSE
musicshop_hr,musicshop.hr,musicshop.hr;novi.musicshop.hr,musicshop.hr,,NA,NA,needs_review: publisher identity and editorial/Croatia status not established; excluded from proposed eligibility.,raw_continuity_review,FALSE,proposed,FALSE
mvinfo_hr,mvinfo.hr,mvinfo.hr,mvinfo.hr,national,TRUE,TRUE,Daily literary editorial e-zine with Zagreb company and ISSN. Source: https://mvinfo.hr/o-nama,raw_continuity_review,FALSE,metadata_reviewed_2026-09-18,TRUE
n1info_com,n1info.com,hr.n1info.com;n1info.com,N1,national,TRUE,NA,needs_review: cross-country N1 host; Croatia-specific host/product mapping is unresolved.,explorations/okvir-katolicanstva-prototype/secular_outlets.csv,FALSE,proposed,FALSE
n1info_hr,n1info.hr,fantasy.sportklub.n1info.hr;forbes.n1info.hr;n1info.hr;sportklub.n1info.hr,N1 Hrvatska,national,TRUE,TRUE,Proposed seed classification: Urednički pregled; PI G1 ratification required.,explorations/okvir-katolicanstva-prototype/secular_outlets.csv,FALSE,proposed,TRUE
nacional_hr,nacional.hr,arhiva.nacional.hr;nacional.hr,Nacional,national,TRUE,TRUE,Proposed seed classification: Urednički pregled; PI G1 ratification required.,explorations/okvir-katolicanstva-prototype/secular_outlets.csv,FALSE,proposed,TRUE
najboljeknjige_com,najboljeknjige.com,najboljeknjige.com,najboljeknjige.com,,NA,NA,needs_review: publisher identity and editorial/Croatia status not established; excluded from proposed eligibility.,raw_continuity_review,FALSE,proposed,FALSE
namjestaj_hr,namjestaj.hr,namjestaj.hr,namjestaj.hr,non_news,FALSE,NA,"Excluded by BRIEF 4.2 non_news rule; this is a scope exclusion, not an assessment of quality. PI G1 ratification required.",BRIEF.md#4.2,FALSE,proposed,FALSE
narod_hr,narod.hr,narod.hr,Narod.hr,political_portal,TRUE,TRUE,Proposed seed classification: Politički portal za zasebni izvještaj; D2 reverses the sandbox exclusion and admits this segment subject to continuity.,explorations/okvir-katolicanstva-prototype/secular_outlets.csv,FALSE,proposed,TRUE
nasiskolji_hr,nasiskolji.hr,nasiskolji.hr,nasiskolji.hr,,NA,NA,needs_review: publisher identity and editorial/Croatia status not established; excluded from proposed eligibility.,raw_continuity_review,FALSE,proposed,FALSE
net_hr,net.hr,dubrovackidnevnik.net.hr;emedjimurje-test.net.hr;emedjimurje.net.hr;europeforus.net.hr;ezadar.net.hr;finirecepti.net.hr;hotspots.net.hr;indizajn.net.hr;kaportal.net.hr;likaclub.net.hr;net.hr;osmrtnice.dubrovackidnevnik.net.hr;osmrtnice.emedjimurje.net.hr;putoholicari.net.hr;riportal.net.hr;sib.net.hr;specijali.net.hr;srcezemlje.net.hr;varazdinski.net.hr;webshop.net.hr;zagorje-international.net.hr;zena.net.hr,Net.hr,national,TRUE,TRUE,Proposed seed classification: Projektni katalog; PI G1 ratification required.,explorations/okvir-katolicanstva-prototype/secular_outlets.csv,FALSE,proposed,TRUE
netokracija_com,netokracija.com,netokracija.com,netokracija.com,,NA,NA,needs_review: publisher identity and editorial/Croatia status not established; excluded from proposed eligibility.,raw_continuity_review,FALSE,proposed,FALSE
news_leportale_com,news.leportale.com,news.leportale.com,news.leportale.com,aggregator,FALSE,NA,"Excluded by BRIEF 4.2 aggregator rule; this is a scope exclusion, not an assessment of quality. PI G1 ratification required.",BRIEF.md#4.2,FALSE,proposed,FALSE
nk_osijek_hr,nk-osijek.hr,nk-osijek.hr;shop.nk-osijek.hr,nk-osijek.hr,,NA,NA,needs_review: publisher identity and editorial/Croatia status not established; excluded from proposed eligibility.,raw_continuity_review,FALSE,proposed,FALSE
nk_rijeka_hr,nk-rijeka.hr,moja.nk-rijeka.hr;nk-rijeka.hr;shop.nk-rijeka.hr;ulaznice.nk-rijeka.hr,nk-rijeka.hr,institutional,FALSE,NA,"Excluded by BRIEF 4.2 institutional rule; this is a scope exclusion, not an assessment of quality. PI G1 ratification required.",BRIEF.md#4.2,FALSE,proposed,FALSE
nmz_hr,nmz.hr,fototeka.nmz.hr;nmz.hr,nmz.hr,,NA,NA,needs_review: publisher identity and editorial/Croatia status not established; excluded from proposed eligibility.,raw_continuity_review,FALSE,proposed,FALSE
nn_hr,nn.hr,e-trgovina.nn.hr;eojn.nn.hr;help.nn.hr;katalozi.e-trgovina.nn.hr;narodne-novine.nn.hr;nn.hr,nn.hr,,NA,NA,needs_review: publisher identity and editorial/Croatia status not established; excluded from proposed eligibility.,raw_continuity_review,FALSE,proposed,FALSE
novagradiska_hr,novagradiska.hr,novagradiska.hr,novagradiska.hr,,NA,NA,needs_review: publisher identity and editorial/Croatia status not established; excluded from proposed eligibility.,raw_continuity_review,FALSE,proposed,FALSE
novilist_hr,novilist.hr,novilist.hr;novine.novilist.hr;oglasni.novilist.hr;osmrtnice.novilist.hr;zadarskilist.novilist.hr,Novi list,regional,TRUE,TRUE,Proposed seed classification: Urednički pregled; PI G1 ratification required.,explorations/okvir-katolicanstva-prototype/secular_outlets.csv,FALSE,proposed,TRUE
novine_hr,novine.hr,grebza.novine.hr;igre.novine.hr;novine.hr,Novine.hr,aggregator,FALSE,TRUE,Explicit BRIEF exclusion; publisher describes aggregation of other Croatian portals and blogs. https://novine.hr/impressum,BRIEF.md#4.2;outlet_registry_review.csv,FALSE,proposed,FALSE
novizivot_net,novizivot.net,novizivot.net,Novi Život,confessional,TRUE,TRUE,Independent Christian news portal based in Tordinci; mission at https://www.novizivot.net/o-nama/ . Potential third confessional panel member subject to continuity. Source: https://www.novizivot.net/impressum/,resources/dictionaries/source_labels.csv;outlet_registry_review.csv,FALSE,metadata_reviewed_2026-09-18,TRUE
novosti_hr,novosti.hr,novosti.hr,Novosti Vinkovci,regional,TRUE,TRUE,Publisher identifies Novosti news and radio company in Vinkovci; distinct from portalnovosti.com. https://novosti.hr/contact/,raw_continuity_review;outlet_registry_review.csv,FALSE,proposed,TRUE
novska_hr,novska.hr,novska.hr,novska.hr,,NA,NA,needs_review: publisher identity and editorial/Croatia status not established; excluded from proposed eligibility.,raw_continuity_review,FALSE,proposed,FALSE
np_mljet_hr,np-mljet.hr,np-mljet.hr,np-mljet.hr,,NA,NA,needs_review: publisher identity and editorial/Croatia status not established; excluded from proposed eligibility.,raw_continuity_review,FALSE,proposed,FALSE
np_plitvicka_jezera_hr,np-plitvicka-jezera.hr,np-plitvicka-jezera.hr,np-plitvicka-jezera.hr,,NA,NA,needs_review: publisher identity and editorial/Croatia status not established; excluded from proposed eligibility.,raw_continuity_review,FALSE,proposed,FALSE
nsk_hr,nsk.hr,baze.nsk.hr;bojanka.nsk.hr;buki.nsk.hr;cssu.nsk.hr;dfest.nsk.hr;digitalna.nsk.hr;dnc.nsk.hr;dr.nsk.hr;haw.nsk.hr;hop.nsk.hr;katalog.nsk.hr;knjiznice.nsk.hr;maticna.nsk.hr;nsk.hr;sznk.nsk.hr;upisnici.nsk.hr;vecernjirad.nsk.hr;virtualna.nsk.hr;zir.nsk.hr,nsk.hr,,NA,NA,needs_review: publisher identity and editorial/Croatia status not established; excluded from proposed eligibility.,raw_continuity_review,FALSE,proposed,FALSE
obris_org,obris.org,obris.org,obris.org,,NA,NA,needs_review: publisher identity and editorial/Croatia status not established; excluded from proposed eligibility.,raw_continuity_review,FALSE,proposed,FALSE
ogportal_com,ogportal.com,ogportal.com,ogportal.com,,NA,NA,needs_review: publisher identity and editorial/Croatia status not established; excluded from proposed eligibility.,raw_continuity_review,FALSE,proposed,FALSE
ogulin_hr,ogulin.hr,ogulin.hr,ogulin.hr,,NA,NA,needs_review: publisher identity and editorial/Croatia status not established; excluded from proposed eligibility.,raw_continuity_review,FALSE,proposed,FALSE
ombudsman_hr,ombudsman.hr,ombudsman.hr,ombudsman.hr,,NA,NA,needs_review: publisher identity and editorial/Croatia status not established; excluded from proposed eligibility.,raw_continuity_review,FALSE,proposed,FALSE
osijek031_com,osijek031.com,oglasi.osijek031.com;osijek031.com,osijek031.com,regional,TRUE,TRUE,AEM registry confirms Osijek publisher; own cached imprint corroborates newsroom. Source: https://pmu.e-mediji.hr/Forms/Common/DownloadStatic.aspx?id=1#page=46,raw_continuity_review,FALSE,metadata_reviewed_2026-09-18,TRUE
osijeknews_hr,osijeknews.hr,osijeknews.hr;osmrtnice.osijeknews.hr,osijeknews.hr,,NA,NA,needs_review: publisher identity and editorial/Croatia status not established; excluded from proposed eligibility.,raw_continuity_review,FALSE,proposed,FALSE
oskatancic_hr,oskatancic.hr,oskatancic.hr,oskatancic.hr,,NA,NA,needs_review: publisher identity and editorial/Croatia status not established; excluded from proposed eligibility.,raw_continuity_review,FALSE,proposed,FALSE
oslobodjenje_ba,oslobodjenje.ba,oslobodjenje.ba,Oslobođenje,,NA,NA,needs_review: publisher identity and editorial/Croatia status not established; excluded from proposed eligibility.,explorations/okvir-katolicanstva-prototype/secular_outlets.csv,FALSE,proposed,FALSE
panopticum_hr,panopticum.hr,panopticum.hr,panopticum.hr,national,TRUE,TRUE,AEM registered electronic publication with Zagreb publisher. Source: https://pmu.e-mediji.hr/Forms/Common/DownloadStatic.aspx?id=1#page=15,raw_continuity_review,FALSE,metadata_reviewed_2026-09-18,TRUE
parentium_com,parentium.com,parentium.com,Parentium,regional,TRUE,TRUE,Publisher describes daily local Poreč and Istria news with identified editorial team. https://www.parentium.com/impressum,raw_continuity_review;outlet_registry_review.csv,FALSE,proposed,TRUE
pcchip_hr,pcchip.hr,pcchip.hr,pcchip.hr,national,TRUE,TRUE,AEM publication registry confirms Croatian publisher; technology editorial portal. Source: https://pmu.e-mediji.hr/Forms/Common/DownloadStatic.aspx?id=1#page=17,raw_continuity_review,FALSE,metadata_reviewed_2026-09-18,TRUE
pgz_hr,pgz.hr,pgz.hr;sn.pgz.hr;vidiplan.pgz.hr;zavod.pgz.hr,pgz.hr,,NA,NA,needs_review: publisher identity and editorial/Croatia status not established; excluded from proposed eligibility.,raw_continuity_review,FALSE,proposed,FALSE
place2go_hr,place2go.hr,place2go.hr,place2go.hr,,NA,NA,needs_review: publisher identity and editorial/Croatia status not established; excluded from proposed eligibility.,raw_continuity_review,FALSE,proposed,FALSE
planetopija_hr,planetopija.hr,planetopija.hr,planetopija.hr,,NA,NA,needs_review: publisher identity and editorial/Croatia status not established; excluded from proposed eligibility.,raw_continuity_review,FALSE,proposed,FALSE
plavakamenica_hr,plavakamenica.hr,plavakamenica.hr,plavakamenica.hr,national,TRUE,TRUE,AEM registered publication with Zagreb publisher; food and hospitality editorial outlet. Source: https://pmu.e-mediji.hr/Forms/Common/DownloadStatic.aspx?id=1#page=42,raw_continuity_review,FALSE,metadata_reviewed_2026-09-18,TRUE
plaviured_hr,plaviured.hr,plaviured.hr,plaviured.hr,,NA,NA,needs_review: publisher identity and editorial/Croatia status not established; excluded from proposed eligibility.,raw_continuity_review,FALSE,proposed,FALSE
plivamed_net,plivamed.net,plivamed.net,plivamed.net,,NA,NA,needs_review: publisher identity and editorial/Croatia status not established; excluded from proposed eligibility.,raw_continuity_review,FALSE,proposed,FALSE
plusportal_hr,plusportal.hr,plusportal.hr,PlusPortal,regional,TRUE,TRUE,Proposed seed classification: Urednički pregled; PI G1 ratification required.,explorations/okvir-katolicanstva-prototype/secular_outlets.csv,FALSE,proposed,TRUE
podravski_hr,podravski.hr,podravski.hr,Podravski,regional,TRUE,TRUE,Proposed seed classification: Urednički pregled; PI G1 ratification required.,explorations/okvir-katolicanstva-prototype/secular_outlets.csv,FALSE,proposed,TRUE
poduckun_net,poduckun.net,kastav.poduckun.net;poduckun.net,poduckun.net,regional,TRUE,TRUE,Own regional news magazine identity and Opatija publisher. Source: https://poduckun.net/inf/impressum/,raw_continuity_review,FALSE,metadata_reviewed_2026-09-18,TRUE
polleosport_hr,polleosport.hr,optimumnutrition.polleosport.hr;polleosport.hr;promo.polleosport.hr,polleosport.hr,,NA,NA,needs_review: publisher identity and editorial/Croatia status not established; excluded from proposed eligibility.,raw_continuity_review,FALSE,proposed,FALSE
poljoprivredni_forum_com,poljoprivredni-forum.com,poljoprivredni-forum.com,poljoprivredni-forum.com,non_news,FALSE,,User discussion forum; Croatia publisher/audience link not independently established and unnecessary for exclusion. Source: https://poljoprivredni-forum.com/,raw_continuity_review,FALSE,metadata_reviewed_2026-09-18,FALSE
porestina_info,porestina.info,porestina.info,porestina.info,regional,TRUE,TRUE,Daily electronic publication and Porec publisher. Source: https://porestina.info/kontakt/impressum/,raw_continuity_review,FALSE,metadata_reviewed_2026-09-18,TRUE
portal53_hr,portal53.hr,portal53.hr,portal53.hr,,NA,NA,needs_review: publisher identity and editorial/Croatia status not established; excluded from proposed eligibility.,raw_continuity_review,FALSE,proposed,FALSE
portalnovosti_com,portalnovosti.com,portalnovosti.com,Portal Novosti,national,TRUE,TRUE,Identified Zagreb editorial publication; separate newsroom from institutional publisher SNV; proposed national segment requires PI review. https://www.portalnovosti.com/impressum/,raw_continuity_review;outlet_registry_review.csv,FALSE,proposed,TRUE
poslanik_gospodina,poslanik.gospodina,poslanik.gospodina,poslanik.gospodina,,NA,NA,"needs_review: confessional seed label alone does not establish a news publisher; Poslanik Gospodina, katolički sadržaj (TikTok)",resources/dictionaries/source_labels.csv,FALSE,proposed,FALSE
poslovni_savjetnik_com,poslovni-savjetnik.com,poslovni-savjetnik.com,poslovni-savjetnik.com,,NA,NA,needs_review: publisher identity and editorial/Croatia status not established; excluded from proposed eligibility.,raw_continuity_review,FALSE,proposed,FALSE
poslovni_hr,poslovni.hr,changemakers.poslovni.hr;poslovni.hr;zff.poslovni.hr,Poslovni dnevnik,national,TRUE,TRUE,Business editorial publication with identified Croatian newsroom and publisher; remains distinct outlet from Vecernji despite shared publisher. https://www.poslovni.hr/impressum,raw_continuity_review;outlet_registry_review.csv,FALSE,proposed,TRUE
poslovnifm_com,poslovnifm.com,poslovnifm.com,poslovnifm.com,,NA,NA,needs_review: publisher identity and editorial/Croatia status not established; excluded from proposed eligibility.,raw_continuity_review,FALSE,proposed,FALSE
posta_hr,posta.hr,epk.posta.hr;hrvatska.posta.hr;obrasci.posta.hr;paket24.posta.hr;posiljka.posta.hr;posta.hr,posta.hr,,NA,NA,needs_review: publisher identity and editorial/Croatia status not established; excluded from proposed eligibility.,raw_continuity_review,FALSE,proposed,FALSE
pozega_eu,pozega.eu,pozega.eu,pozega.eu,,NA,NA,needs_review: publisher identity and editorial/Croatia status not established; excluded from proposed eligibility.,raw_continuity_review,FALSE,proposed,FALSE
pozeska_kronika_hr,pozeska-kronika.hr,pozeska-kronika.hr,pozeska-kronika.hr,regional,TRUE,TRUE,AEM registered local newspaper internet edition in Pozega. Source: https://pmu.e-mediji.hr/Forms/Common/DownloadStatic.aspx?id=1#page=26,raw_continuity_review,FALSE,metadata_reviewed_2026-09-18,TRUE
pozeski_hr,pozeski.hr,pozeski.hr,Požeški,regional,TRUE,TRUE,Proposed seed classification: Urednički pregled; PI G1 ratification required.,explorations/okvir-katolicanstva-prototype/secular_outlets.csv,FALSE,proposed,TRUE
predsjednik_hr,predsjednik.hr,predsjednik.hr,predsjednik.hr,,NA,NA,needs_review: publisher identity and editorial/Croatia status not established; excluded from proposed eligibility.,raw_continuity_review,FALSE,proposed,FALSE
prelog_hr,prelog.hr,prelog.hr,prelog.hr,institutional,FALSE,TRUE,Official municipal administration website. Source: https://www.prelog.hr/uprava/gradska-uprava/gradska-uprava/a13,raw_continuity_review,FALSE,metadata_reviewed_2026-09-18,FALSE
preporucamo_com,preporucamo.com,preporucamo.com,preporucamo.com,national,TRUE,TRUE,"Independent technology news and reviews newsroom, Zagreb publisher. Source: https://preporucamo.com/redakcija-o-nama/",raw_continuity_review,FALSE,metadata_reviewed_2026-09-18,TRUE
press032_com,press032.com,press032.com,press032.com,,NA,NA,needs_review: publisher identity and editorial/Croatia status not established; excluded from proposed eligibility.,raw_continuity_review,FALSE,proposed,FALSE
pressclipping_hr,pressclipping.hr,pressclipping.hr,pressclipping.hr,,NA,NA,needs_review: publisher identity and editorial/Croatia status not established; excluded from proposed eligibility.,raw_continuity_review,FALSE,proposed,FALSE
prigorski_hr,prigorski.hr,prigorski.hr,Prigorski,regional,TRUE,TRUE,Proposed seed classification: Urednički pregled; PI G1 ratification required.,explorations/okvir-katolicanstva-prototype/secular_outlets.csv,FALSE,proposed,TRUE
prijatelji_zivotinja_hr,prijatelji-zivotinja.hr,prijatelji-zivotinja.hr;shop.prijatelji-zivotinja.hr,prijatelji-zivotinja.hr,,NA,NA,needs_review: publisher identity and editorial/Croatia status not established; excluded from proposed eligibility.,raw_continuity_review,FALSE,proposed,FALSE
printink_hr,printink.hr,printink.hr,printink.hr,,NA,NA,needs_review: publisher identity and editorial/Croatia status not established; excluded from proposed eligibility.,raw_continuity_review,FALSE,proposed,FALSE
prizma_foto_hr,prizma-foto.hr,prizma-foto.hr,prizma-foto.hr,,NA,NA,needs_review: publisher identity and editorial/Croatia status not established; excluded from proposed eligibility.,raw_continuity_review,FALSE,proposed,FALSE
profitiraj_hr,profitiraj.hr,profitiraj.hr,profitiraj.hr,national,TRUE,TRUE,Zagreb business newsroom and publisher. Source: https://profitiraj.hr/impressum/,raw_continuity_review,FALSE,metadata_reviewed_2026-09-18,TRUE
promise_hr,promise.hr,promise.hr,promise.hr,,NA,NA,needs_review: publisher identity and editorial/Croatia status not established; excluded from proposed eligibility.,raw_continuity_review,FALSE,proposed,FALSE
proteka_hr,proteka.hr,proteka.hr,proteka.hr,,NA,NA,needs_review: publisher identity and editorial/Croatia status not established; excluded from proposed eligibility.,raw_continuity_review,FALSE,proposed,FALSE
pszupanija_hr,pszupanija.hr,pszupanija.hr,pszupanija.hr,,NA,NA,needs_review: publisher identity and editorial/Croatia status not established; excluded from proposed eligibility.,raw_continuity_review,FALSE,proposed,FALSE
pula_hr,pula.hr,giardini.pula.hr;gradskiraport.pula.hr;pula.hr,pula.hr,institutional,FALSE,TRUE,Official municipal contact page. Source: https://www.pula.hr/hr/kontakti/,raw_continuity_review,FALSE,metadata_reviewed_2026-09-18,FALSE
radio_baranja_hr,radio-baranja.hr,radio-baranja.hr,radio-baranja.hr,,NA,NA,needs_review: publisher identity and editorial/Croatia status not established; excluded from proposed eligibility.,raw_continuity_review,FALSE,proposed,FALSE
radio_djakovo_hr,radio-djakovo.hr,radio-djakovo.hr,Radio Đakovo,regional,TRUE,TRUE,Proposed seed classification: Urednički pregled; PI G1 ratification required.,explorations/okvir-katolicanstva-prototype/secular_outlets.csv,FALSE,proposed,TRUE
radiodalmacija_hr,radiodalmacija.hr,radiodalmacija.hr,radiodalmacija.hr,,NA,NA,needs_review: publisher identity and editorial/Croatia status not established; excluded from proposed eligibility.,raw_continuity_review,FALSE,proposed,FALSE
radioimotski_hr,radioimotski.hr,radioimotski.hr,Radio Imotski,regional,TRUE,TRUE,Proposed seed classification: Urednički pregled; PI G1 ratification required.,explorations/okvir-katolicanstva-prototype/secular_outlets.csv,FALSE,proposed,TRUE
radiomegaton_hr,radiomegaton.hr,novi3.radiomegaton.hr;radiomegaton.hr,radiomegaton.hr,regional,TRUE,TRUE,Vidovec broadcaster with editor and reporting staff. Source: https://radiomegaton.hr/kontakt-formular/,raw_continuity_review,FALSE,metadata_reviewed_2026-09-18,TRUE
radiomoslavina_hr,radiomoslavina.hr,radiomoslavina.hr,radiomoslavina.hr,,NA,NA,needs_review: publisher identity and editorial/Croatia status not established; excluded from proposed eligibility.,raw_continuity_review,FALSE,proposed,FALSE
radiong_hr,radiong.hr,radiong.hr,Radio Nova Gradiška,regional,TRUE,TRUE,Proposed seed classification: Urednički pregled; PI G1 ratification required.,explorations/okvir-katolicanstva-prototype/secular_outlets.csv,FALSE,proposed,TRUE
radioslatina_hr,radioslatina.hr,radioslatina.hr,Radio Slatina,regional,TRUE,TRUE,Proposed seed classification: Urednički pregled; PI G1 ratification required.,explorations/okvir-katolicanstva-prototype/secular_outlets.csv,FALSE,proposed,TRUE
radioslavonija_hr,radioslavonija.hr,radioslavonija.hr,radioslavonija.hr,,NA,NA,needs_review: publisher identity and editorial/Croatia status not established; excluded from proposed eligibility.,raw_continuity_review,FALSE,proposed,FALSE
radnickaprava_org,radnickaprava.org,radnickaprava.org,radnickaprava.org,,NA,NA,needs_review: publisher identity and editorial/Croatia status not established; excluded from proposed eligibility.,raw_continuity_review,FALSE,proposed,FALSE
rasa_hr,rasa.hr,rasa.hr,rasa.hr,,NA,NA,needs_review: publisher identity and editorial/Croatia status not established; excluded from proposed eligibility.,raw_continuity_review,FALSE,proposed,FALSE
ravnododna_com,ravnododna.com,ravnododna.com,ravnododna.com,national,TRUE,TRUE,Publisher-submitted imprint archived by regulator identifies Zagreb pop-culture newsroom; current own imprint returns403. Source: https://aem.hr/wp-content/uploads/2026/01/4.-Stogodisnji-rat.pdf,raw_continuity_review,FALSE,metadata_reviewed_2026-09-18,TRUE
recepti_i_zdravlje_info,recepti-i-zdravlje.info,recepti-i-zdravlje.info,recepti-i-zdravlje.info,,NA,NA,needs_review: publisher identity and editorial/Croatia status not established; excluded from proposed eligibility.,raw_continuity_review,FALSE,proposed,FALSE
reddit_com,reddit.com,reddit.com,Reddit,,NA,NA,needs_review: publisher identity and editorial/Croatia status not established; excluded from proposed eligibility.,explorations/okvir-katolicanstva-prototype/secular_outlets.csv,FALSE,proposed,FALSE
redea_hr,redea.hr,redea.hr,redea.hr,,NA,NA,needs_review: publisher identity and editorial/Croatia status not established; excluded from proposed eligibility.,raw_continuity_review,FALSE,proposed,FALSE
redovnistvo_hr,redovnistvo.hr,redovnistvo.hr,redovnistvo.hr,,NA,NA,needs_review: publisher identity and editorial/Croatia status not established; excluded from proposed eligibility.,raw_continuity_review,FALSE,proposed,FALSE
regionalni_com,regionalni.com,regionalni.com,Regionalni,regional,TRUE,TRUE,Proposed seed classification: Urednički pregled; PI G1 ratification required.,explorations/okvir-katolicanstva-prototype/secular_outlets.csv,FALSE,proposed,TRUE
relaxino_com,relaxino.com,mail.relaxino.com;relaxino.com,relaxino.com,,NA,NA,needs_review: publisher identity and editorial/Croatia status not established; excluded from proposed eligibility.,raw_continuity_review,FALSE,proposed,FALSE
rijeka_hr,rijeka.hr,data.rijeka.hr;e-usluge3.rijeka.hr;ekonzultacije.rijeka.hr;gradanskiodgoj.rijeka.hr;ricikleta.rijeka.hr;rijeka.hr;shop.rijeka.hr;skolica-prehrane.rijeka.hr;sn.rijeka.hr;startup.rijeka.hr,rijeka.hr,institutional,FALSE,TRUE,Official municipal website. Source: https://www.rijeka.hr/,raw_continuity_review,FALSE,metadata_reviewed_2026-09-18,FALSE
rk_podravka_hr,rk-podravka.hr,rk-podravka.hr,rk-podravka.hr,,NA,NA,needs_review: publisher identity and editorial/Croatia status not established; excluded from proposed eligibility.,raw_continuity_review,FALSE,proposed,FALSE
roda_hr,roda.hr,edukacija2.roda.hr;forum.roda.hr;roda.hr;rodilista-app.roda.hr;rodilista.roda.hr,roda.hr,,NA,NA,needs_review: publisher identity and editorial/Croatia status not established; excluded from proposed eligibility.,raw_continuity_review,FALSE,proposed,FALSE
rogotin_hr,rogotin.hr,rogotin.hr,rogotin.hr,regional,TRUE,TRUE,Rogotin publisher association and named editor; Neretva local scope. Source: https://www.rogotin.hr/impressum/,raw_continuity_review,FALSE,metadata_reviewed_2026-09-18,TRUE
rtl_hr,rtl.hr,dubrovackidnevnik.rtl.hr;hranafina.rtl.hr;indizajn.rtl.hr;klinfo.rtl.hr;loveisland.rtl.hr;play.rtl.hr;putoholicari.rtl.hr;rtl.hr;specijali.rtl.hr;sportnet.rtl.hr;vijesti.rtl.hr;voyo.rtl.hr;zena.rtl.hr;zivotistil.rtl.hr,RTL,national,TRUE,TRUE,Proposed seed classification: Urednički pregled; PI G1 ratification required.,explorations/okvir-katolicanstva-prototype/secular_outlets.csv,FALSE,proposed,TRUE
sabor_hr,sabor.hr,edoc.sabor.hr;sabor.hr,sabor.hr,,NA,NA,needs_review: publisher identity and editorial/Croatia status not established; excluded from proposed eligibility.,raw_continuity_review,FALSE,proposed,FALSE
sasina_kuhinja_com,sasina-kuhinja.com,sasina-kuhinja.com,sasina-kuhinja.com,,NA,NA,needs_review: publisher identity and editorial/Croatia status not established; excluded from proposed eligibility.,raw_continuity_review,FALSE,proposed,FALSE
sbperiskop_net,sbperiskop.net,sbperiskop.net,sbperiskop.net,regional,TRUE,TRUE,Own imprint identifies newsroom; site identifies itself as Brod web magazine. Source: https://www.sbperiskop.net/impresum,raw_continuity_review,FALSE,metadata_reviewed_2026-09-18,TRUE
scubalife_hr,scubalife.hr,scubalife.hr,scubalife.hr,,NA,NA,needs_review: publisher identity and editorial/Croatia status not established; excluded from proposed eligibility.,raw_continuity_review,FALSE,proposed,FALSE
sdlsn_hr,sdlsn.hr,sdlsn.hr;zagreb-up.sdlsn.hr,sdlsn.hr,,NA,NA,needs_review: publisher identity and editorial/Croatia status not established; excluded from proposed eligibility.,raw_continuity_review,FALSE,proposed,FALSE
sdss_hr,sdss.hr,sdss.hr,sdss.hr,,NA,NA,needs_review: publisher identity and editorial/Croatia status not established; excluded from proposed eligibility.,raw_continuity_review,FALSE,proposed,FALSE
seebiz_eu,seebiz.eu,seebiz.eu,seebiz.eu,national,TRUE,TRUE,Current named newsroom; archived own imprint identifies Infoweb and HND records Infoweb/SEEbiz among contracted Croatian media publishers. Croatia link relies on historical publishing relationship plus current newsroom continuity; current publisher address unverified. Source: https://www.seebiz.eu/impressum/,raw_continuity_review,FALSE,metadata_reviewed_2026-09-18,TRUE
she_hr,she.hr,she.hr,she.hr,national,TRUE,TRUE,Croatian lifestyle editorial portal; Zagreb publisher. Source: https://she.hr/impressum/,raw_continuity_review,FALSE,metadata_reviewed_2026-09-18,TRUE
sibenik_hr,sibenik.hr,gov.sibenik.hr;sibenik.hr,sibenik.hr,institutional,FALSE,TRUE,Official municipal website. Source: https://www.sibenik.hr/,raw_continuity_review,FALSE,metadata_reviewed_2026-09-18,FALSE
sibenik_in,sibenik.in,m.sibenik.in;sibenik.in,ŠibenikIN,regional,TRUE,TRUE,Proposed seed classification: Urednički pregled; PI G1 ratification required.,explorations/okvir-katolicanstva-prototype/secular_outlets.csv,FALSE,proposed,TRUE
sibenskiportal_hr,sibenskiportal.hr,sibenskiportal.hr,Šibenski portal,regional,TRUE,TRUE,Proposed seed classification: Urednički pregled; PI G1 ratification required.,explorations/okvir-katolicanstva-prototype/secular_outlets.csv,FALSE,proposed,TRUE
sinjskarera_hr,sinjskarera.hr,sinjskarera.hr,Sinjska rera,regional,TRUE,TRUE,Proposed seed classification: Urednički pregled; PI G1 ratification required.,explorations/okvir-katolicanstva-prototype/secular_outlets.csv,FALSE,proposed,TRUE
sisak_info,sisak.info,sisak.info,Sisak.info,regional,TRUE,TRUE,Proposed seed classification: Urednički pregled; PI G1 ratification required.,explorations/okvir-katolicanstva-prototype/secular_outlets.csv,FALSE,proposed,TRUE
sisakportal_hr,sisakportal.hr,sisakportal.hr,sisakportal.hr,,NA,NA,needs_review: publisher identity and editorial/Croatia status not established; excluded from proposed eligibility.,raw_continuity_review,FALSE,proposed,FALSE
sjever_hr,sjever.hr,sjever.hr,Sjever.hr,regional,TRUE,TRUE,Proposed seed classification: Urednički pregled; PI G1 ratification required.,explorations/okvir-katolicanstva-prototype/secular_outlets.csv,FALSE,proposed,TRUE
skole_hr,skole.hr,centar-odgojiobrazovanje-ck.skole.hr;centar-odgojiobrazovanje-velikagorica.skole.hr;centar-tuskanac-zg.skole.hr;cms.skole.hr;gimnazija-deveta-zg.skole.hr;gimnazija-druga-vz.skole.hr;gimnazija-osamnaesta-zg.skole.hr;gimnazija-ppreradovica-vt.skole.hr;gimnazija-prva-os.skole.hr;gimnazija-sportska-zg.skole.hr;gimnazija-treca-zg.skole.hr;gimnazija-varazdin.skole.hr;gimnazija-vnazora-zd.skole.hr;gimnazija-vukovar.skole.hr;knjiznicari.skole.hr;kos-svetoga-josipa-ck.skole.hr;lektire.skole.hr;os-akanizlica-pozega.skole.hr;os-amohorovicica-matulji.skole.hr;os-astarcevic-resetari.skole.hr;os-barilovic.skole.hr;os-bedekovcina.skole.hr;os-beletinec.skole.hr;os-blato.skole.hr;os-bogumil-toni-samobor.skole.hr;os-budrovci.skole.hr;os-davorin-trstenjak-cadjavica.skole.hr;os-ddomjanica-zg.skole.hr;os-domovinske-zahvalnosti-kn.skole.hr;os-druga-bj.skole.hr;os-druga-ck.skole.hr;os-dubrava.skole.hr;os-fkfrankopan-brodnakupi.skole.hr;os-garesnica.skole.hr;os-gelsi-ri.skole.hr;os-gkrkleca-zg.skole.hr;os-gola.skole.hr;os-gornja-vezica-ri.skole.hr;os-gornjevrapce-zg.skole.hr;os-gracani-zg.skole.hr;os-gviteza-zg.skole.hr;os-gvozd.skole.hr;os-hbadalic-sb.skole.hr;os-igrandje-soblinec.skole.hr;os-jbadalica-graberjeivanicko.skole.hr;os-jhabdelica-velikagorica.skole.hr;os-jtruhelke-os.skole.hr;os-kkrstica-zd.skole.hr;os-klana.skole.hr;os-knezevi-vinogradi.skole.hr;os-kralja-tomislava-na.skole.hr;os-lucko.skole.hr;os-ljbabic-jastrebarsko.skole.hr;os-ljgaja-ng.skole.hr;os-ljgaja-os.skole.hr;os-mate-lovraka-kt.skole.hr;os-montessori-bdvranyczany-zg.skole.hr;os-mpavlinovica-podgora.skole.hr;os-mzaro-pu.skole.hr;os-novigrad.skole.hr;os-pakostane.skole.hr;os-petrijanec.skole.hr;os-pkanavelica-korcula.skole.hr;os-popovac.skole.hr;os-ppreradovica-zd.skole.hr;os-precko-zg.skole.hr;os-remete-zg.skole.hr;os-rugvica.skole.hr;os-salezijanska.skole.hr;os-santolovica-privlaka.skole.hr;os-sesvete-zg.skole.hr;os-sesvetska-sela-zg.skole.hr;os-sibinjskihzrtava-sibinj.skole.hr;os-sinise-glavasevica-vu.skole.hr;os-skurinje-ri.skole.hr;os-slava-raskaj-ozalj.skole.hr;os-sokolovac.skole.hr;os-spansko-oranice-zg.skole.hr;os-srdoci-ri.skole.hr;os-stobrec.skole.hr;os-stoja-pu.skole.hr;os-sucidar-st.skole.hr;os-suhopolje.skole.hr;os-sveti-matej-viskovo.skole.hr;os-trsat-ri.skole.hr;os-tujevica-si.skole.hr;os-turnic-ri.skole.hr;os-vcemin-donjiandrijevci.skole.hr;os-veliko-trgovisce.skole.hr;os-vnazor-svetiilija.skole.hr;os-vostarnica-zd.skole.hr;os-vrgorac.skole.hr;os-vspajo-nedescina.skole.hr;os-zagvozd.skole.hr;os-zmijavci.skole.hr;os-zorke-sever.skole.hr;os-zrinskih-nustar.skole.hr;os-zvonka-cara-crikvenica.skole.hr;skole.hr;ss-bracaradic-kastelstafilicnehaj.skole.hr;ss-cakovec.skole.hr;ss-centar-odgojiobrazovanje-zg.skole.hr;ss-duga-resa.skole.hr;ss-ekonomska-imotski.skole.hr;ss-ekonomska-mmirkovica-ri.skole.hr;ss-ekonomska-si.skole.hr;ss-ekonomska-sk.skole.hr;ss-ekonomskaituristicka-da.skole.hr;ss-glina.skole.hr;ss-gospodarska-ck.skole.hr;ss-graditeljsko-geodetska-os.skole.hr;ss-hrvatskikraljzvonimir-krk.skole.hr;ss-ilucica-trogir.skole.hr;ss-ios-pu.skole.hr;ss-jastrebarsko.skole.hr;ss-likovne-umjetnosti-st.skole.hr;ss-lovre-montija-knin.skole.hr;ss-medicinska-du.skole.hr;ss-mmarulica-slatina.skole.hr;ss-obrtnicka-os.skole.hr;ss-otocac.skole.hr;ss-poljoprivrednoprehrambena-pozega.skole.hr;ss-primijenjenaumjetnost-ri.skole.hr;ss-primijenjenihumjetnostiidizajna-pu.skole.hr;ss-prirodoslovna-graficka-ri.skole.hr;ss-strukovna-djurdjevac.skole.hr;ss-strukovna-velikagorica.skole.hr;ss-tehnicka-zg.skole.hr;ss-tujevic-vrgorac.skole.hr;ss-ugostiteljska-opatija.skole.hr;ss-umjetnicka-lsorkocevica-du.skole.hr;ss-zabok.skole.hr;ss-zeljeznickatehnicka-moravice.skole.hr;ucenicki-dom-tehnicka-zg.skole.hr;ucilica.skole.hr;web-arhiva.skole.hr,skole.hr,,NA,NA,needs_review: publisher identity and editorial/Croatia status not established; excluded from proposed eligibility.,raw_continuity_review,FALSE,proposed,FALSE
skolskiportal_hr,skolskiportal.hr,skolskiportal.hr,skolskiportal.hr,,NA,NA,needs_review: publisher identity and editorial/Croatia status not established; excluded from proposed eligibility.,raw_continuity_review,FALSE,proposed,FALSE
slatina_net,slatina.net,slatina.net,slatina.net,,NA,NA,needs_review: publisher identity and editorial/Croatia status not established; excluded from proposed eligibility.,raw_continuity_review,FALSE,proposed,FALSE
slobodna_dalmacija,slobodna.dalmacija,slobodna.dalmacija,Slobodna Dalmacija,regional,TRUE,TRUE,Proposed seed classification: Društvena mreža; PI G1 ratification required.,explorations/okvir-katolicanstva-prototype/secular_outlets.csv,FALSE,proposed,TRUE
slobodnadalmacija_hr,slobodnadalmacija.hr,dubrovacki.slobodnadalmacija.hr;maslina.slobodnadalmacija.hr;more.slobodnadalmacija.hr;sibenski.slobodnadalmacija.hr;slobodnadalmacija.hr;staging_slobodna.slobodnadalmacija.hr;zadarski.slobodnadalmacija.hr,Slobodna Dalmacija,regional,TRUE,TRUE,Proposed seed classification: Projektni katalog; PI G1 ratification required.,explorations/okvir-katolicanstva-prototype/secular_outlets.csv,FALSE,proposed,TRUE
smn_hr,smn.hr,rogoznica.smn.hr;savjetovaliste.smn.hr;sinoda.smn.hr;smn.hr;vepric.smn.hr,smn.hr,institutional,FALSE,TRUE,Official Split-Makarska archdiocese website; diocesan sites explicitly excluded. Source: https://smn.hr/kontakt,raw_continuity_review,FALSE,metadata_reviewed_2026-09-18,FALSE
smz_hr,smz.hr,smz.hr,smz.hr,,NA,NA,needs_review: publisher identity and editorial/Croatia status not established; excluded from proposed eligibility.,raw_continuity_review,FALSE,proposed,FALSE
snv_hr,snv.hr,snv.hr,snv.hr,,NA,NA,needs_review: publisher identity and editorial/Croatia status not established; excluded from proposed eligibility.,raw_continuity_review,FALSE,proposed,FALSE
split_hr,split.hr,advent.split.hr;smartcity.split.hr;split.hr,split.hr,institutional,FALSE,TRUE,Official municipal administration page. Source: https://split.hr/gradska-uprava/rad-sa-strankama,raw_continuity_review,FALSE,metadata_reviewed_2026-09-18,FALSE
sport_pozega_hr,sport-pozega.hr,sport-pozega.hr,sport-pozega.hr,,NA,NA,needs_review: publisher identity and editorial/Croatia status not established; excluded from proposed eligibility.,raw_continuity_review,FALSE,proposed,FALSE
sport_klub,sport.klub,sport.klub,Sport Klub,,NA,NA,needs_review: publisher identity and editorial/Croatia status not established; excluded from proposed eligibility.,explorations/okvir-katolicanstva-prototype/secular_outlets.csv,FALSE,proposed,FALSE
sportalo_hr,sportalo.hr,centar.sportalo.hr;cro.sportalo.hr;istok.sportalo.hr;sjever.sportalo.hr;sportalo.hr,sportalo.hr,,NA,NA,needs_review: publisher identity and editorial/Croatia status not established; excluded from proposed eligibility.,raw_continuity_review,FALSE,proposed,FALSE
sportarena_hr,sportarena.hr,sportarena.hr,sportarena.hr,,NA,NA,needs_review: publisher identity and editorial/Croatia status not established; excluded from proposed eligibility.,raw_continuity_review,FALSE,proposed,FALSE
sportvision_hr,sportvision.hr,sportvision.hr,sportvision.hr,,NA,NA,needs_review: publisher identity and editorial/Croatia status not established; excluded from proposed eligibility.,raw_continuity_review,FALSE,proposed,FALSE
srce_hr,srce.hr,50.srce.hr;dabar.srce.hr;dei-registracija.srce.hr;dei.srce.hr;filesender.srce.hr;hko.srce.hr;hrcak.srce.hr;issp.srce.hr;limesurvey.srce.hr;limesurvey2.srce.hr;lms3.srce.hr;mod.srce.hr;sistemac.srce.hr;srce.hr;wiki.srce.hr,srce.hr,institutional,FALSE,TRUE,University of Zagreb computing centre institutional website. Source: https://podrska.srce.hr/,raw_continuity_review,FALSE,metadata_reviewed_2026-09-18,FALSE
srednja_hr,srednja.hr,api.srednja.hr;pojmovnik.srednja.hr;srednja.hr,srednja.hr,national,TRUE,TRUE,Zagreb publisher and editorial staff. Source: https://www.srednja.hr/stranice/9/impressum,raw_continuity_review,FALSE,metadata_reviewed_2026-09-18,TRUE
ss_ivana_mestrovica_drnis_hr,ss-ivana-mestrovica-drnis.hr,gagarin.ss-ivana-mestrovica-drnis.hr;ss-ivana-mestrovica-drnis.hr,ss-ivana-mestrovica-drnis.hr,,NA,NA,needs_review: publisher identity and editorial/Croatia status not established; excluded from proposed eligibility.,raw_continuity_review,FALSE,proposed,FALSE
ssmi_hr,ssmi.hr,ssmi.hr,ssmi.hr,,NA,NA,needs_review: publisher identity and editorial/Croatia status not established; excluded from proposed eligibility.,raw_continuity_review,FALSE,proposed,FALSE
stecajna_hr,stecajna.hr,stecajna.hr,stecajna.hr,,NA,NA,needs_review: publisher identity and editorial/Croatia status not established; excluded from proposed eligibility.,raw_continuity_review,FALSE,proposed,FALSE
story_hr,story.hr,beautyinfluencerschoice.story.hr;insider.story.hr;native.story.hr;premium.story.hr;pretplata.story.hr;roditelji.story.hr;scena.story.hr;sensa.story.hr;skuhaj.story.hr;smartlife.story.hr;sportlife.story.hr;story.hr;storybook.story.hr;vjencanja.story.hr,Story,national,TRUE,TRUE,Proposed seed classification: Lifestyle medij; PI G1 ratification required.,explorations/okvir-katolicanstva-prototype/secular_outlets.csv,FALSE,proposed,TRUE
stripovi_com,stripovi.com,forum.stripovi.com;stripovi.com,stripovi.com,aggregator,FALSE,NA,"Excluded by BRIEF 4.2 aggregator rule; this is a scope exclusion, not an assessment of quality. PI G1 ratification required.",BRIEF.md#4.2,FALSE,proposed,FALSE
studentski_hr,studentski.hr,studentski.hr,studentski.hr,national,TRUE,TRUE,Zagreb publisher and independent editorial staff; student and general news. Source: https://studentski.hr/impressum,raw_continuity_review,FALSE,metadata_reviewed_2026-09-18,TRUE
sudovi_hr,sudovi.hr,odluke.sudovi.hr;sudovi.hr,sudovi.hr,,NA,NA,needs_review: publisher identity and editorial/Croatia status not established; excluded from proposed eligibility.,raw_continuity_review,FALSE,proposed,FALSE
superknjizara_hr,superknjizara.hr,superknjizara.hr,superknjizara.hr,non_news,FALSE,NA,"Excluded by BRIEF 4.2 non_news rule; this is a scope exclusion, not an assessment of quality. PI G1 ratification required.",BRIEF.md#4.2,FALSE,proposed,FALSE
svejetu_hr,svejetu.hr,svejetu.hr,svejetu.hr,non_news,FALSE,TRUE,"Own about identifies Invisit in Velika Croatia and explicitly describes aggregation of shopping discounts and group-buying offers. Commercial offer service, not news publication. Source: https://www.svejetu.hr/o-nama",raw_continuity_review,FALSE,metadata_reviewed_2026-09-18,FALSE
sveti_kriz_zacretje_hr,sveti-kriz-zacretje.hr,sveti-kriz-zacretje.hr,sveti-kriz-zacretje.hr,,NA,NA,needs_review: publisher identity and editorial/Croatia status not established; excluded from proposed eligibility.,raw_continuity_review,FALSE,proposed,FALSE
svetijurajnabregu_hr,svetijurajnabregu.hr,svetijurajnabregu.hr,svetijurajnabregu.hr,,NA,NA,needs_review: publisher identity and editorial/Croatia status not established; excluded from proposed eligibility.,raw_continuity_review,FALSE,proposed,FALSE
svijet_beba_hr,svijet-beba.hr,svijet-beba.hr,svijet-beba.hr,,NA,NA,needs_review: publisher identity and editorial/Croatia status not established; excluded from proposed eligibility.,raw_continuity_review,FALSE,proposed,FALSE
svijet_medija_hr,svijet-medija.hr,newsletter.svijet-medija.hr;svijet-medija.hr,svijet-medija.hr,non_news,FALSE,TRUE,Croatian electronics retailer. Source: https://www.svijet-medija.hr/,raw_continuity_review,FALSE,metadata_reviewed_2026-09-18,FALSE
svijetkladjenja_com,svijetkladjenja.com,svijetkladjenja.com,svijetkladjenja.com,non_news,FALSE,NA,"Excluded by BRIEF 4.2 non_news rule; this is a scope exclusion, not an assessment of quality. PI G1 ratification required.",BRIEF.md#4.2,FALSE,proposed,FALSE
tehix_hr,tehix.hr,agency.tehix.hr;tehix.hr,tehix.hr,,NA,NA,needs_review: publisher identity and editorial/Croatia status not established; excluded from proposed eligibility.,raw_continuity_review,FALSE,proposed,FALSE
teklic_hr,teklic.hr,teklic.hr,teklic.hr,regional,TRUE,TRUE,Rijeka publisher and editorial staff; AEM registration. Source: https://www.teklic.hr/impressum/,raw_continuity_review,FALSE,metadata_reviewed_2026-09-18,TRUE
tekstovi_net,tekstovi.net,tekstovi.net,tekstovi.net,non_news,FALSE,NA,"Excluded by BRIEF 4.2 non_news rule; this is a scope exclusion, not an assessment of quality. PI G1 ratification required.",BRIEF.md#4.2,FALSE,proposed,FALSE
telegram_hr,telegram.hr,aferalucic.telegram.hr;knjige.telegram.hr;pretplata.telegram.hr;super1.staging.telegram.hr;super1.telegram.hr;telegram.hr;telesport.telegram.hr,Telegram,national,TRUE,TRUE,Proposed seed classification: Projektni katalog; PI G1 ratification required.,explorations/okvir-katolicanstva-prototype/secular_outlets.csv,FALSE,proposed,TRUE
tockanai_hr,tockanai.hr,tockanai.hr,tockanai.hr,national,TRUE,TRUE,Zagreb publisher and business editorial mission. Source: https://tockanai.hr/o-nama-tocka-na-i-media/,raw_continuity_review,FALSE,metadata_reviewed_2026-09-18,TRUE
top_lista_hr,top-lista.hr,top-lista.hr,top-lista.hr,,NA,NA,needs_review: publisher identity and editorial/Croatia status not established; excluded from proposed eligibility.,raw_continuity_review,FALSE,proposed,FALSE
torpedo_media,torpedo.media,torpedo.media,torpedo.media,,NA,NA,needs_review: publisher identity and editorial/Croatia status not established; excluded from proposed eligibility.,raw_continuity_review,FALSE,proposed,FALSE
tower_center_rijeka_hr,tower-center-rijeka.hr,tower-center-rijeka.hr,tower-center-rijeka.hr,non_news,FALSE,TRUE,Shopping centre website. Source: https://tower-center-rijeka.hr/,raw_continuity_review,FALSE,metadata_reviewed_2026-09-18,FALSE
tportal_hr,tportal.hr,iskrica.tportal.hr;jumboiskon.tportal.hr;native.tportal.hr;noplanetb.tportal.hr;tportal.hr,tportal,national,TRUE,TRUE,Proposed seed classification: Projektni katalog; PI G1 ratification required.,explorations/okvir-katolicanstva-prototype/secular_outlets.csv,FALSE,proposed,TRUE
trilj_hr,trilj.hr,stariweb.trilj.hr;trilj.hr,trilj.hr,,NA,NA,needs_review: publisher identity and editorial/Croatia status not established; excluded from proposed eligibility.,raw_continuity_review,FALSE,proposed,FALSE
tris_com_hr,tris.com.hr,tris.com.hr,tris.com.hr,regional,TRUE,TRUE,Publisher-submitted imprint archived by regulator identifies independent news portal and Sibenik publisher; own imprint410. Source: https://www.aem.hr/wp-content/uploads/2023/01/6.-Solidarna-Solidarna.pdf,raw_continuity_review,FALSE,metadata_reviewed_2026-09-18,TRUE
trogirskiportal_hr,trogirskiportal.hr,trogirskiportal.hr,trogirskiportal.hr,,NA,NA,needs_review: publisher identity and editorial/Croatia status not established; excluded from proposed eligibility.,raw_continuity_review,FALSE,proposed,FALSE
tuhelj_hr,tuhelj.hr,tuhelj.hr,tuhelj.hr,,NA,NA,needs_review: publisher identity and editorial/Croatia status not established; excluded from proposed eligibility.,raw_continuity_review,FALSE,proposed,FALSE
tunera_info,tunera.info,tunera.info,tunera.info,,NA,NA,needs_review: publisher identity and editorial/Croatia status not established; excluded from proposed eligibility.,raw_continuity_review,FALSE,proposed,FALSE
turizmoteka_hr,turizmoteka.hr,turizmoteka.hr,turizmoteka.hr,national,TRUE,TRUE,AEM registered tourism electronic publication with Zagreb publisher. Source: https://pmu.e-mediji.hr/Forms/Common/DownloadStatic.aspx?id=1#page=15,raw_continuity_review,FALSE,metadata_reviewed_2026-09-18,TRUE
tvprofil_com,tvprofil.com,tvprofil.com,tvprofil.com,aggregator,FALSE,NA,"Excluded by BRIEF 4.2 aggregator rule; this is a scope exclusion, not an assessment of quality. PI G1 ratification required.",BRIEF.md#4.2,FALSE,proposed,FALSE
udruga_let_hr,udruga-let.hr,udruga-let.hr,udruga-let.hr,,NA,NA,needs_review: publisher identity and editorial/Croatia status not established; excluded from proposed eligibility.,raw_continuity_review,FALSE,proposed,FALSE
uhpa_hr,uhpa.hr,uhpa.hr,uhpa.hr,,NA,NA,needs_review: publisher identity and editorial/Croatia status not established; excluded from proposed eligibility.,raw_continuity_review,FALSE,proposed,FALSE
umag_hr,umag.hr,2021-2030.umag.hr;umag.hr,umag.hr,,NA,NA,needs_review: publisher identity and editorial/Croatia status not established; excluded from proposed eligibility.,raw_continuity_review,FALSE,proposed,FALSE
unicath_hr,unicath.hr,arhiva.unicath.hr;inp.unicath.hr;repozitorij.unicath.hr;tech.unicath.hr;unicath.hr,unicath.hr,,NA,NA,needs_review: publisher identity and editorial/Croatia status not established; excluded from proposed eligibility.,raw_continuity_review,FALSE,proposed,FALSE
unin_hr,unin.hr,pressedan.unin.hr;sport.unin.hr;strojarstvo.unin.hr;unin.hr,unin.hr,,NA,NA,needs_review: publisher identity and editorial/Croatia status not established; excluded from proposed eligibility.,raw_continuity_review,FALSE,proposed,FALSE
unios_hr,unios.hr,djkbf.unios.hr;doktorska.unios.hr;efos.unios.hr;fazos.unios.hr;ferit.unios.hr;ffos.unios.hr;fizika.unios.hr;gfos.unios.hr;gskos.unios.hr;mathos.unios.hr;mefos.unios.hr;ptfos.unios.hr;radio.unios.hr;rektorat.unios.hr;repozitorij.unios.hr;smotra.unios.hr;uaos.unios.hr;umo.mathos.unios.hr;unios.hr,unios.hr,,NA,NA,needs_review: publisher identity and editorial/Croatia status not established; excluded from proposed eligibility.,raw_continuity_review,FALSE,proposed,FALSE
uniri_hr,uniri.hr,apuri.uniri.hr;arhiva.gradri.uniri.hr;cji.uniri.hr;doktorska.uniri.hr;donart.uniri.hr;efri.uniri.hr;festivalznanosti.uniri.hr;ffri.uniri.hr;fthm.uniri.hr;fzsri.uniri.hr;gradri.uniri.hr;inf.uniri.hr;kampus.uniri.hr;kisobran.uniri.hr;laboratoriji.gradri.uniri.hr;libraries.uniri.hr;logo.uniri.hr;neuri.uniri.hr;palacemoise.uniri.hr;phy.uniri.hr;portal.uniri.hr;pravri.uniri.hr;realizator.uniri.hr;repository.ffri.uniri.hr;repository.gradri.uniri.hr;repository.pravri.uniri.hr;rijekapsihologije.uniri.hr;riteh.uniri.hr;scri.uniri.hr;skc.uniri.hr;socri.uniri.hr;ssc.uniri.hr;step.uniri.hr;sz.uniri.hr;ufri.uniri.hr;uniri.hr;uzp.ffri.uniri.hr;zaklada.uniri.hr;zr.gradri.uniri.hr,uniri.hr,,NA,NA,needs_review: publisher identity and editorial/Croatia status not established; excluded from proposed eligibility.,raw_continuity_review,FALSE,proposed,FALSE
unist_hr,unist.hr,arhiva-more.unist.hr;efst.unist.hr;fesb.unist.hr;ffst.unist.hr;gradst.unist.hr;humanitarna-aukcija.unist.hr;kbf.unist.hr;kim.unist.hr;ktf.unist.hr;mapmf.pmfst.unist.hr;mefst.unist.hr;moodle.oss.unist.hr;more.unist.hr;oss.unist.hr;ozs.unist.hr;pfst.unist.hr;pmfst.unist.hr;pravnaklinika.unist.hr;pravst.unist.hr;repozitorij.kifst.unist.hr;repozitorij.mefst.unist.hr;st-open.unist.hr;szst.unist.hr;umas.unist.hr;unist.hr;web.kifst.unist.hr,unist.hr,,NA,NA,needs_review: publisher identity and editorial/Croatia status not established; excluded from proposed eligibility.,raw_continuity_review,FALSE,proposed,FALSE
unizg_hr,unizg.hr,agr.unizg.hr;alu.unizg.hr;apps.unizg.hr;arheo.ffzg.unizg.hr;arhitekt.unizg.hr;bankakrvi.vef.unizg.hr;centar.ffzg.unizg.hr;centarzastranejezike.ffzg.unizg.hr;cirtt.unizg.hr;ckhis.ffzg.unizg.hr;cpeu.ffzg.unizg.hr;croala.ffzg.unizg.hr;croaticum.ffzg.unizg.hr;daninoc.pmf.unizg.hr;dzs.ffzg.unizg.hr;e-skola.biol.pmf.unizg.hr;efzg.unizg.hr;eitmanufacturing.unizg.hr;erf.unizg.hr;fer.unizg.hr;ffrz.unizg.hr;ffzg.unizg.hr;fhs.unizg.hr;filoz.ffzg.unizg.hr;fkit.unizg.hr;foi.unizg.hr;fpz.unizg.hr;fpzg.unizg.hr;francontraste.ffzg.unizg.hr;fsb.unizg.hr;geof.unizg.hr;grad.unizg.hr;hrrana.ffzg.unizg.hr;hrstud.unizg.hr;ikzstudentskiprojekti.ffzg.unizg.hr;inf.ffzg.unizg.hr;isvu.ffzg.unizg.hr;jobfair.fer.unizg.hr;kakosi.ffzg.unizg.hr;kbf.unizg.hr;ki.unizg.hr;kif.unizg.hr;knjiznica.ffzg.unizg.hr;ksp.ffzg.unizg.hr;kst.ffzg.unizg.hr;mailto:icingesar@fkit.unizg.hr;meet.math.pmf.unizg.hr;mef.unizg.hr;mse.mef.unizg.hr;muza.unizg.hr;oh.geof.unizg.hr;openbooks.ffzg.unizg.hr;pbf.unizg.hr;pharma.unizg.hr;pmf.unizg.hr;pokus.ffzg.unizg.hr;povcast.ffzg.unizg.hr;povum.ffzg.unizg.hr;pravo.unizg.hr;projectdufault.geof.pmf.unizg.hr;protempore.ffzg.unizg.hr;repozitorij.efzg.unizg.hr;repozitorij.fer.unizg.hr;repozitorij.ffzg.unizg.hr;repozitorij.foi.unizg.hr;repozitorij.fpz.unizg.hr;repozitorij.fsb.unizg.hr;repozitorij.kbf.unizg.hr;repozitorij.kif.unizg.hr;repozitorij.mef.unizg.hr;repozitorij.pmf.unizg.hr;repozitorij.rgn.unizg.hr;repozitorij.srce.unizg.hr;repozitorij.ufzg.unizg.hr;repozitorij.unizg.hr;rgn.unizg.hr;rjecnik.neologizam.ffzg.unizg.hr;scsr.pravo.unizg.hr;scvz.unizg.hr;sczg.unizg.hr;simet.unizg.hr;skandi.ffzg.unizg.hr;smotra.fer.unizg.hr;smotra.ffzg.unizg.hr;smotra.unizg.hr;srce.unizg.hr;studyinfo.ffzg.unizg.hr;sumfak.unizg.hr;szbor.ffzg.unizg.hr;szzg.unizg.hr;ttf.unizg.hr;tzk.ffzg.unizg.hr;ufzg.unizg.hr;unizg.hr;upisi.sumfak.unizg.hr;vef.unizg.hr;vojnakrajina.ffzg.unizg.hr;web.math.pmf.unizg.hr;web.studenti.math.pmf.unizg.hr;web2020.ffzg.unizg.hr;webshop.pmf.unizg.hr;wise.pmf.unizg.hr;wp.ffzg.unizg.hr;xa.ffzg.unizg.hr,unizg.hr,institutional,FALSE,NA,"Excluded by BRIEF 4.2 institutional rule; this is a scope exclusion, not an assessment of quality. PI G1 ratification required.",BRIEF.md#4.2,FALSE,proposed,FALSE
uzishop_hr,uzishop.hr,uzishop.hr,uzishop.hr,non_news,FALSE,NA,"Excluded by BRIEF 4.2 non_news rule; this is a scope exclusion, not an assessment of quality. PI G1 ratification required.",BRIEF.md#4.2,FALSE,proposed,FALSE
varazdinske_vijesti_hr,varazdinske-vijesti.hr,varazdinske-vijesti.hr,Varaždinske vijesti,regional,TRUE,TRUE,Proposed seed classification: Urednički pregled; PI G1 ratification required.,explorations/okvir-katolicanstva-prototype/secular_outlets.csv,FALSE,proposed,TRUE
vecernji_hr,vecernji.hr,arhiva.vecernji.hr;biciklijada.vecernji.hr;blog.vecernji.hr;cesvijet.vecernji.hr;diva-summer.vecernji.hr;diva.vecernji.hr;edukacija-bled.vecernji.hr;living.vecernji.hr;lokalni.vecernji.hr;mali-paket.vecernji.hr;mojahrvatska.vecernji.hr;ordinacija.vecernji.hr;ruza.vecernji.hr;sjecanje.vecernji.hr;specijal.vecernji.hr;sveracun.vecernji.hr;vecernji.hr;vjerujem.vecernji.hr;vojnapovijest.vecernji.hr;webshop.vecernji.hr;zvijezda-grill-pozivnica.vecernji.hr,Večernji list,national,TRUE,TRUE,Proposed seed classification: Projektni katalog; PI G1 ratification required.,explorations/okvir-katolicanstva-prototype/secular_outlets.csv,FALSE,proposed,TRUE
venatio_hr,venatio.hr,venatio.hr,venatio.hr,,NA,NA,needs_review: publisher identity and editorial/Croatia status not established; excluded from proposed eligibility.,raw_continuity_review,FALSE,proposed,FALSE
vern_hr,vern.hr,suvremene-teme.vern.hr;vern.hr,vern.hr,,NA,NA,needs_review: publisher identity and editorial/Croatia status not established; excluded from proposed eligibility.,raw_continuity_review,FALSE,proposed,FALSE
vgdanas_hr,vgdanas.hr,vgdanas.hr,VG danas,regional,TRUE,TRUE,Proposed seed classification: Urednički pregled; PI G1 ratification required.,explorations/okvir-katolicanstva-prototype/secular_outlets.csv,FALSE,proposed,TRUE
vidi_hr,vidi.hr,forum.vidi.hr;m.vidi.hr;vidi.hr;vidilab.vidi.hr,vidi.hr,national,TRUE,TRUE,Own imprint identifies Zagreb technology publisher. Source: https://m.vidi.hr/index.php/o-vidiju/content/61-o-vidiju,raw_continuity_review,FALSE,metadata_reviewed_2026-09-18,TRUE
vidiauto_com,vidiauto.com,vidiauto.com,vidiauto.com,,NA,NA,needs_review: publisher identity and editorial/Croatia status not established; excluded from proposed eligibility.,raw_continuity_review,FALSE,proposed,FALSE
vidilab_com,vidilab.com,vidilab.com,vidilab.com,,NA,NA,needs_review: publisher identity and editorial/Croatia status not established; excluded from proposed eligibility.,raw_continuity_review,FALSE,proposed,FALSE
vinkulja_hr,vinkulja.hr,vinkulja.hr,Vinkulja,regional,TRUE,TRUE,Proposed seed classification: Urednički pregled; PI G1 ratification required.,explorations/okvir-katolicanstva-prototype/secular_outlets.csv,FALSE,proposed,TRUE
virovitica_hr,virovitica.hr,virovitica.hr,virovitica.hr,,NA,NA,needs_review: publisher identity and editorial/Croatia status not established; excluded from proposed eligibility.,raw_continuity_review,FALSE,proposed,FALSE
voda_hr,voda.hr,voda.hr,voda.hr,,NA,NA,needs_review: publisher identity and editorial/Croatia status not established; excluded from proposed eligibility.,raw_continuity_review,FALSE,proposed,FALSE
voxfeminae_net,voxfeminae.net,voxfeminae.net,voxfeminae.net,,NA,NA,needs_review: publisher identity and editorial/Croatia status not established; excluded from proposed eligibility.,raw_continuity_review,FALSE,proposed,FALSE
vukovar_hr,vukovar.hr,vukovar.hr,vukovar.hr,institutional,FALSE,TRUE,Official municipal website. Source: https://www.vukovar.hr/,raw_continuity_review,FALSE,metadata_reviewed_2026-09-18,FALSE
webgradnja_hr,webgradnja.hr,web.webgradnja.hr;webgradnja.hr,webgradnja.hr,,NA,NA,needs_review: publisher identity and editorial/Croatia status not established; excluded from proposed eligibility.,raw_continuity_review,FALSE,proposed,FALSE
womeninadria_com,womeninadria.com,events.womeninadria.com;womeninadria.com,womeninadria.com,national,TRUE,TRUE,Zagreb publisher and editorial staff; business and careers. Source: https://womeninadria.com/impressum/,raw_continuity_review,FALSE,metadata_reviewed_2026-09-18,TRUE
yachtscroatia_hr,yachtscroatia.hr,yachtscroatia.hr,yachtscroatia.hr,,NA,NA,needs_review: publisher identity and editorial/Croatia status not established; excluded from proposed eligibility.,raw_continuity_review,FALSE,proposed,FALSE
zadarska_zupanija_hr,zadarska-zupanija.hr,drzavna-imovina.zadarska-zupanija.hr;javnanabava.zadarska-zupanija.hr;oglasnaploca.zadarska-zupanija.hr;zadarska-zupanija.hr,zadarska-zupanija.hr,,NA,NA,needs_review: publisher identity and editorial/Croatia status not established; excluded from proposed eligibility.,raw_continuity_review,FALSE,proposed,FALSE
zadarskilist_hr,zadarskilist.hr,zadarskilist.hr,Zadarski list,regional,TRUE,TRUE,Proposed seed classification: Urednički pregled; PI G1 ratification required.,explorations/okvir-katolicanstva-prototype/secular_outlets.csv,FALSE,proposed,TRUE
zagorje_com,zagorje.com,zagorje.com,Zagorje.com,regional,TRUE,TRUE,Proposed seed classification: Urednički pregled; PI G1 ratification required.,explorations/okvir-katolicanstva-prototype/secular_outlets.csv,FALSE,proposed,TRUE
zagreb_info,zagreb.info,carolijablagdana.zagreb.info;energreen.zagreb.info;zagreb.info,Zagreb.info,regional,TRUE,TRUE,Proposed seed classification: Urednički pregled; PI G1 ratification required.,explorations/okvir-katolicanstva-prototype/secular_outlets.csv,FALSE,proposed,TRUE
zagrebacka_zupanija_hr,zagrebacka-zupanija.hr,zagrebacka-zupanija.hr,zagrebacka-zupanija.hr,,NA,NA,needs_review: publisher identity and editorial/Croatia status not established; excluded from proposed eligibility.,raw_continuity_review,FALSE,proposed,FALSE
zagrebancija_com,zagrebancija.com,zagrebancija.com,zagrebancija.com,,NA,NA,needs_review: publisher identity and editorial/Croatia status not established; excluded from proposed eligibility.,raw_continuity_review,FALSE,proposed,FALSE
zagrebonline_hr,zagrebonline.hr,zagrebonline.hr,zagrebonline.hr,regional,TRUE,TRUE,Zagreb publisher and editorial staff; explicit city-oriented mission. Source: https://zagrebonline.hr/info/impressum/,raw_continuity_review,FALSE,metadata_reviewed_2026-09-18,TRUE
zaposlena_hr,zaposlena.hr,zaposlena.hr,zaposlena.hr,,NA,NA,needs_review: publisher identity and editorial/Croatia status not established; excluded from proposed eligibility.,raw_continuity_review,FALSE,proposed,FALSE
zastita_info,zastita.info,zastita.info,zastita.info,national,TRUE,TRUE,Independent security trade news magazine with Zagreb publisher and editorial staff. Source: https://www.zastita.info/hr/impressum/,raw_continuity_review,FALSE,metadata_reviewed_2026-09-18,TRUE
zelina_hr,zelina.hr,zelina.hr,zelina.hr,,NA,NA,needs_review: publisher identity and editorial/Croatia status not established; excluded from proposed eligibility.,raw_continuity_review,FALSE,proposed,FALSE
zet_hr,zet.hr,zet.hr,zet.hr,,NA,NA,needs_review: publisher identity and editorial/Croatia status not established; excluded from proposed eligibility.,raw_continuity_review,FALSE,proposed,FALSE
zgh_hr,zgh.hr,holdingcentar.zgh.hr;zgh.hr;zghack.zgh.hr,zgh.hr,,NA,NA,needs_review: publisher identity and editorial/Croatia status not established; excluded from proposed eligibility.,raw_continuity_review,FALSE,proposed,FALSE
zgportal_com,zgportal.com,zgportal.com,zgportal.com,,NA,NA,needs_review: publisher identity and editorial/Croatia status not established; excluded from proposed eligibility.,raw_continuity_review,FALSE,proposed,FALSE
ziher_hr,ziher.hr,ziher.hr,ziher.hr,,NA,NA,needs_review: publisher identity and editorial/Croatia status not established; excluded from proposed eligibility.,raw_continuity_review,FALSE,proposed,FALSE
zmaichek_com_hr,zmaichek.com.hr,zmaichek.com.hr,zmaichek.com.hr,,NA,NA,needs_review: publisher identity and editorial/Croatia status not established; excluded from proposed eligibility.,raw_continuity_review,FALSE,proposed,FALSE
znanje_hr,znanje.hr,hjp.znanje.hr;znanje.hr,znanje.hr,non_news,FALSE,TRUE,Bookseller and publisher shop rather than news publisher. Source: https://znanje.hr/o-nama,raw_continuity_review,FALSE,metadata_reviewed_2026-09-18,FALSE
zoo_hr,zoo.hr,zoo.hr,zoo.hr,,NA,NA,needs_review: publisher identity and editorial/Croatia status not established; excluded from proposed eligibility.,raw_continuity_review,FALSE,proposed,FALSE
zse_hr,zse.hr,eho.zse.hr;vb.zse.hr;zse.hr,zse.hr,,NA,NA,needs_review: publisher identity and editorial/Croatia status not established; excluded from proposed eligibility.,raw_continuity_review,FALSE,proposed,FALSE
zupa_duhasvetoga_jarun_hr,zupa-duhasvetoga-jarun.hr,zupa-duhasvetoga-jarun.hr,zupa-duhasvetoga-jarun.hr,,NA,NA,needs_review: publisher identity and editorial/Croatia status not established; excluded from proposed eligibility.,raw_continuity_review,FALSE,proposed,FALSE
zupcica_hr,zupcica.hr;zupcica.hr ,zupcica.hr,Župčica,regional,TRUE,TRUE,Homepage is local Župa dubrovačka news with editorial selection; not a parish site despite its name. https://www.zupcica.hr/ Explicit trailing-space FROM alias; no global whitespace trim.,raw_continuity_review;outlet_registry_review.csv,FALSE,proposed,TRUE
zvjezdano_selo_hr,zvjezdano-selo.hr,zvjezdano-selo.hr,zvjezdano-selo.hr,,NA,NA,needs_review: publisher identity and editorial/Croatia status not established; excluded from proposed eligibility.,raw_continuity_review,FALSE,proposed,FALSE
