date,posts,observed_range,collected,z,year,index
2021-01-01,177,TRUE,TRUE,0.0141590549110466,2021,0
2021-01-02,350,TRUE,TRUE,2.63439943176773,2021,1
2021-01-03,256,TRUE,TRUE,1.21068500734849,2021,2
2021-01-04,370,TRUE,TRUE,2.93731739441013,2021,3
2021-01-05,232,TRUE,TRUE,0.847183452177623,2021,4
2021-01-06,256,TRUE,TRUE,1.21068500734849,2021,5
2021-01-07,248,TRUE,TRUE,1.08951782229154,2021,6
2021-01-08,254,TRUE,TRUE,1.18039321108425,2021,7
2021-01-09,190,TRUE,TRUE,0.211055730628601,2021,8
2021-01-10,162,TRUE,TRUE,-0.213029417070747,2021,9
2021-01-11,212,TRUE,TRUE,0.544265489535232,2021,10
2021-01-12,314,TRUE,TRUE,2.08914709901143,2021,11
2021-01-13,306,TRUE,TRUE,1.96797991395447,2021,12
2021-01-14,356,TRUE,TRUE,2.72527482056045,2021,13
2021-01-15,328,TRUE,TRUE,2.3011896728611,2021,14
2021-01-16,204,TRUE,TRUE,0.423098304478275,2021,15
2021-01-17,298,TRUE,TRUE,1.84681272889752,2021,16
2021-01-18,348,TRUE,TRUE,2.6041076355035,2021,17
2021-01-19,238,TRUE,TRUE,0.938058840970341,2021,18
2021-01-20,292,TRUE,TRUE,1.7559373401048,2021,19
2021-01-21,308,TRUE,TRUE,1.99827171021871,2021,20
2021-01-22,188,TRUE,TRUE,0.180763934364362,2021,21
2021-01-23,160,TRUE,TRUE,-0.243321213334986,2021,22
2021-01-24,202,TRUE,TRUE,0.392806508214036,2021,23
2021-01-25,280,TRUE,TRUE,1.57418656251936,2021,24
2021-01-26,322,TRUE,TRUE,2.21031428406839,2021,25
2021-01-27,288,TRUE,TRUE,1.69535374757632,2021,26
2021-01-28,226,TRUE,TRUE,0.756308063384906,2021,27
2021-01-29,212,TRUE,TRUE,0.544265489535232,2021,28
2021-01-30,274,TRUE,TRUE,1.48331117372665,2021,29
2021-01-31,127,TRUE,TRUE,-0.743135851694933,2021,30
2021-02-01,178,TRUE,TRUE,0.0293049530431662,2021,31
2021-02-02,165,TRUE,TRUE,-0.167591722674388,2021,32
2021-02-03,221,TRUE,TRUE,0.680578572724308,2021,33
2021-02-04,140,TRUE,TRUE,-0.546239175977378,2021,34
2021-02-05,131,TRUE,TRUE,-0.682552259166454,2021,35
2021-02-06,108,TRUE,TRUE,-1.0309079162052,2021,36
2021-02-07,183,TRUE,TRUE,0.105034443703764,2021,37
2021-02-08,204,TRUE,TRUE,0.423098304478275,2021,38
2021-02-09,187,TRUE,TRUE,0.165618036232242,2021,39
2021-02-10,288,TRUE,TRUE,1.69535374757632,2021,40
2021-02-11,237,TRUE,TRUE,0.922912942838222,2021,41
2021-02-12,322,TRUE,TRUE,2.21031428406839,2021,42
2021-02-13,309,TRUE,TRUE,2.01341760835083,2021,43
2021-02-14,235,TRUE,TRUE,0.892621146573982,2021,44
2021-02-15,201,TRUE,TRUE,0.377660610081917,2021,45
2021-02-16,130,TRUE,TRUE,-0.697698157298574,2021,46
2021-02-17,264,TRUE,TRUE,1.33185219240545,2021,47
2021-02-18,192,TRUE,TRUE,0.24134752689284,2021,48
2021-02-19,182,TRUE,TRUE,0.0898885455716445,2021,49
2021-02-20,103,TRUE,TRUE,-1.1066374068658,2021,50
2021-02-21,73,TRUE,TRUE,-1.56101435082939,2021,51
2021-02-22,128,TRUE,TRUE,-0.727989953562813,2021,52
2021-02-23,87,TRUE,TRUE,-1.34897177697972,2021,53
2021-02-24,143,TRUE,TRUE,-0.500801481581019,2021,54
2021-02-25,99,TRUE,TRUE,-1.16722099939428,2021,55
2021-02-26,102,TRUE,TRUE,-1.12178330499792,2021,56
2021-02-27,123,TRUE,TRUE,-0.803719444223411,2021,57
2021-02-28,133,TRUE,TRUE,-0.652260462902215,2021,58
2021-03-01,112,TRUE,TRUE,-0.970324323676726,2021,59
2021-03-02,124,TRUE,TRUE,-0.788573546091291,2021,60
2021-03-03,190,TRUE,TRUE,0.211055730628601,2021,61
2021-03-04,164,TRUE,TRUE,-0.182737620806508,2021,62
2021-03-05,245,TRUE,TRUE,1.04408012789518,2021,63
2021-03-06,142,TRUE,TRUE,-0.515947379713139,2021,64
2021-03-07,160,TRUE,TRUE,-0.243321213334986,2021,65
2021-03-08,187,TRUE,TRUE,0.165618036232242,2021,66
2021-03-09,117,TRUE,TRUE,-0.894594833016128,2021,67
2021-03-10,154,TRUE,TRUE,-0.334196602127704,2021,68
2021-03-11,141,TRUE,TRUE,-0.531093277845258,2021,69
2021-03-12,152,TRUE,TRUE,-0.364488398391943,2021,70
2021-03-13,78,TRUE,TRUE,-1.48528486016879,2021,71
2021-03-14,70,TRUE,TRUE,-1.60645204522575,2021,72
2021-03-15,172,TRUE,TRUE,-0.0615704357495513,2021,73
2021-03-16,143,TRUE,TRUE,-0.500801481581019,2021,74
2021-03-17,177,TRUE,TRUE,0.0141590549110466,2021,75
2021-03-18,168,TRUE,TRUE,-0.12215402827803,2021,76
2021-03-19,231,TRUE,TRUE,0.832037554045504,2021,77
2021-03-20,143,TRUE,TRUE,-0.500801481581019,2021,78
2021-03-21,115,TRUE,TRUE,-0.924886629280367,2021,79
2021-03-22,209,TRUE,TRUE,0.498827795138873,2021,80
2021-03-23,173,TRUE,TRUE,-0.0464245376174318,2021,81
2021-03-24,157,TRUE,TRUE,-0.288758907731345,2021,82
2021-03-25,156,TRUE,TRUE,-0.303904805863465,2021,83
2021-03-26,198,TRUE,TRUE,0.332222915685558,2021,84
2021-03-27,140,TRUE,TRUE,-0.546239175977378,2021,85
2021-03-28,262,TRUE,TRUE,1.30156039614121,2021,86
2021-03-29,189,TRUE,TRUE,0.195909832496482,2021,87
2021-03-30,191,TRUE,TRUE,0.226201628760721,2021,88
2021-03-31,231,TRUE,TRUE,0.832037554045504,2021,89
2021-04-01,296,TRUE,TRUE,1.81652093263328,2021,90
2021-04-02,380,TRUE,TRUE,3.08877637573132,2021,91
2021-04-03,356,TRUE,TRUE,2.72527482056045,2021,92
2021-04-04,488,TRUE,TRUE,4.72453337400024,2021,93
2021-04-05,167,TRUE,TRUE,-0.137299926410149,2021,94
2021-04-06,127,TRUE,TRUE,-0.743135851694933,2021,95
2021-04-07,126,TRUE,TRUE,-0.758281749827052,2021,96
2021-04-08,108,TRUE,TRUE,-1.0309079162052,2021,97
2021-04-09,96,TRUE,TRUE,-1.21265869379064,2021,98
2021-04-10,87,TRUE,TRUE,-1.34897177697972,2021,99
2021-04-11,197,TRUE,TRUE,0.317077017553438,2021,100
2021-04-12,159,TRUE,TRUE,-0.258467111467106,2021,101
2021-04-13,122,TRUE,TRUE,-0.81886534235553,2021,102
2021-04-14,174,TRUE,TRUE,-0.0312786394853122,2021,103
2021-04-15,160,TRUE,TRUE,-0.243321213334986,2021,104
2021-04-16,125,TRUE,TRUE,-0.773427647959172,2021,105
2021-04-17,133,TRUE,TRUE,-0.652260462902215,2021,106
2021-04-18,119,TRUE,TRUE,-0.864303036751889,2021,107
2021-04-19,97,TRUE,TRUE,-1.19751279565852,2021,108
2021-04-20,81,TRUE,TRUE,-1.43984716577243,2021,109
2021-04-21,131,TRUE,TRUE,-0.682552259166454,2021,110
2021-04-22,232,TRUE,TRUE,0.847183452177623,2021,111
2021-04-23,146,TRUE,TRUE,-0.45536378718466,2021,112
2021-04-24,81,TRUE,TRUE,-1.43984716577243,2021,113
2021-04-25,130,TRUE,TRUE,-0.697698157298574,2021,114
2021-04-26,136,TRUE,TRUE,-0.606822768505856,2021,115
2021-04-27,147,TRUE,TRUE,-0.440217889052541,2021,116
2021-04-28,149,TRUE,TRUE,-0.409926092788302,2021,117
2021-04-29,152,TRUE,TRUE,-0.364488398391943,2021,118
2021-04-30,184,TRUE,TRUE,0.120180341835884,2021,119
2021-05-01,133,TRUE,TRUE,-0.652260462902215,2021,120
2021-05-02,166,TRUE,TRUE,-0.152445824542269,2021,121
2021-05-03,196,TRUE,TRUE,0.301931119421319,2021,122
2021-05-04,154,TRUE,TRUE,-0.334196602127704,2021,123
2021-05-05,93,TRUE,TRUE,-1.258096388187,2021,124
2021-05-06,140,TRUE,TRUE,-0.546239175977378,2021,125
2021-05-07,201,TRUE,TRUE,0.377660610081917,2021,126
2021-05-08,142,TRUE,TRUE,-0.515947379713139,2021,127
2021-05-09,90,TRUE,TRUE,-1.30353408258336,2021,128
2021-05-10,179,TRUE,TRUE,0.0444508511752857,2021,129
2021-05-11,136,TRUE,TRUE,-0.606822768505856,2021,130
2021-05-12,154,TRUE,TRUE,-0.334196602127704,2021,131
2021-05-13,158,TRUE,TRUE,-0.273613009599226,2021,132
2021-05-14,123,TRUE,TRUE,-0.803719444223411,2021,133
2021-05-15,134,TRUE,TRUE,-0.637114564770095,2021,134
2021-05-16,117,TRUE,TRUE,-0.894594833016128,2021,135
2021-05-17,165,TRUE,TRUE,-0.167591722674388,2021,136
2021-05-18,140,TRUE,TRUE,-0.546239175977378,2021,137
2021-05-19,157,TRUE,TRUE,-0.288758907731345,2021,138
2021-05-20,137,TRUE,TRUE,-0.591676870373737,2021,139
2021-05-21,141,TRUE,TRUE,-0.531093277845258,2021,140
2021-05-22,135,TRUE,TRUE,-0.621968666637976,2021,141
2021-05-23,158,TRUE,TRUE,-0.273613009599226,2021,142
2021-05-24,198,TRUE,TRUE,0.332222915685558,2021,143
2021-05-25,159,TRUE,TRUE,-0.258467111467106,2021,144
2021-05-26,137,TRUE,TRUE,-0.591676870373737,2021,145
2021-05-27,150,TRUE,TRUE,-0.394780194656182,2021,146
2021-05-28,0,TRUE,FALSE,,2021,147
2021-05-29,0,TRUE,FALSE,,2021,148
2021-05-30,168,TRUE,TRUE,-0.12215402827803,2021,149
2021-05-31,222,TRUE,TRUE,0.695724470856428,2021,150
2021-06-01,153,TRUE,TRUE,-0.349342500259823,2021,151
2021-06-02,154,TRUE,TRUE,-0.334196602127704,2021,152
2021-06-03,266,TRUE,TRUE,1.36214398866969,2021,153
2021-06-04,204,TRUE,TRUE,0.423098304478275,2021,154
2021-06-05,153,TRUE,TRUE,-0.349342500259823,2021,155
2021-06-06,151,TRUE,TRUE,-0.379634296524063,2021,156
2021-06-07,189,TRUE,TRUE,0.195909832496482,2021,157
2021-06-08,173,TRUE,TRUE,-0.0464245376174318,2021,158
2021-06-09,171,TRUE,TRUE,-0.0767163338816709,2021,159
2021-06-10,158,TRUE,TRUE,-0.273613009599226,2021,160
2021-06-11,190,TRUE,TRUE,0.211055730628601,2021,161
2021-06-12,152,TRUE,TRUE,-0.364488398391943,2021,162
2021-06-13,191,TRUE,TRUE,0.226201628760721,2021,163
2021-06-14,189,TRUE,TRUE,0.195909832496482,2021,164
2021-06-15,133,TRUE,TRUE,-0.652260462902215,2021,165
2021-06-16,98,TRUE,TRUE,-1.1823668975264,2021,166
2021-06-17,140,TRUE,TRUE,-0.546239175977378,2021,167
2021-06-18,131,TRUE,TRUE,-0.682552259166454,2021,168
2021-06-19,121,TRUE,TRUE,-0.83401124048765,2021,169
2021-06-20,107,TRUE,TRUE,-1.04605381433732,2021,170
2021-06-21,0,TRUE,FALSE,,2021,171
2021-06-22,0,TRUE,FALSE,,2021,172
2021-06-23,194,TRUE,TRUE,0.271639323157079,2021,173
2021-06-24,236,TRUE,TRUE,0.907767044706102,2021,174
2021-06-25,196,TRUE,TRUE,0.301931119421319,2021,175
2021-06-26,123,TRUE,TRUE,-0.803719444223411,2021,176
2021-06-27,127,TRUE,TRUE,-0.743135851694933,2021,177
2021-06-28,146,TRUE,TRUE,-0.45536378718466,2021,178
2021-06-29,163,TRUE,TRUE,-0.197883518938628,2021,179
2021-06-30,138,TRUE,TRUE,-0.576530972241617,2021,180
2021-07-01,142,TRUE,TRUE,-0.515947379713139,2021,181
2021-07-02,138,TRUE,TRUE,-0.576530972241617,2021,182
2021-07-03,146,TRUE,TRUE,-0.45536378718466,2021,183
2021-07-04,150,TRUE,TRUE,-0.394780194656182,2021,184
2021-07-05,188,TRUE,TRUE,0.180763934364362,2021,185
2021-07-06,129,TRUE,TRUE,-0.712844055430693,2021,186
2021-07-07,141,TRUE,TRUE,-0.531093277845258,2021,187
2021-07-08,172,TRUE,TRUE,-0.0615704357495513,2021,188
2021-07-09,152,TRUE,TRUE,-0.364488398391943,2021,189
2021-07-10,87,TRUE,TRUE,-1.34897177697972,2021,190
2021-07-11,108,TRUE,TRUE,-1.0309079162052,2021,191
2021-07-12,141,TRUE,TRUE,-0.531093277845258,2021,192
2021-07-13,135,TRUE,TRUE,-0.621968666637976,2021,193
2021-07-14,116,TRUE,TRUE,-0.909740731148248,2021,194
2021-07-15,133,TRUE,TRUE,-0.652260462902215,2021,195
2021-07-16,132,TRUE,TRUE,-0.667406361034335,2021,196
2021-07-17,104,TRUE,TRUE,-1.09149150873368,2021,197
2021-07-18,184,TRUE,TRUE,0.120180341835884,2021,198
2021-07-19,156,TRUE,TRUE,-0.303904805863465,2021,199
2021-07-20,144,TRUE,TRUE,-0.4856555834489,2021,200
2021-07-21,164,TRUE,TRUE,-0.182737620806508,2021,201
2021-07-22,149,TRUE,TRUE,-0.409926092788302,2021,202
2021-07-23,153,TRUE,TRUE,-0.349342500259823,2021,203
2021-07-24,97,TRUE,TRUE,-1.19751279565852,2021,204
2021-07-25,129,TRUE,TRUE,-0.712844055430693,2021,205
2021-07-26,179,TRUE,TRUE,0.0444508511752857,2021,206
2021-07-27,155,TRUE,TRUE,-0.319050703995584,2021,207
2021-07-28,141,TRUE,TRUE,-0.531093277845258,2021,208
2021-07-29,95,TRUE,TRUE,-1.22780459192276,2021,209
2021-07-30,105,TRUE,TRUE,-1.07634561060156,2021,210
2021-07-31,94,TRUE,TRUE,-1.24295049005488,2021,211
2021-08-01,125,TRUE,TRUE,-0.773427647959172,2021,212
2021-08-02,344,TRUE,TRUE,2.54352404297502,2021,213
2021-08-03,125,TRUE,TRUE,-0.773427647959172,2021,214
2021-08-04,165,TRUE,TRUE,-0.167591722674388,2021,215
2021-08-05,114,TRUE,TRUE,-0.940032527412487,2021,216
2021-08-06,131,TRUE,TRUE,-0.682552259166454,2021,217
2021-08-07,138,TRUE,TRUE,-0.576530972241617,2021,218
2021-08-08,109,TRUE,TRUE,-1.01576201807308,2021,219
2021-08-09,166,TRUE,TRUE,-0.152445824542269,2021,220
2021-08-10,202,TRUE,TRUE,0.392806508214036,2021,221
2021-08-11,149,TRUE,TRUE,-0.409926092788302,2021,222
2021-08-12,0,TRUE,FALSE,,2021,223
2021-08-13,0,TRUE,FALSE,,2021,224
2021-08-14,186,TRUE,TRUE,0.150472138100123,2021,225
2021-08-15,419,TRUE,TRUE,3.67946640288399,2021,226
2021-08-16,196,TRUE,TRUE,0.301931119421319,2021,227
2021-08-17,134,TRUE,TRUE,-0.637114564770095,2021,228
2021-08-18,120,TRUE,TRUE,-0.84915713861977,2021,229
2021-08-19,176,TRUE,TRUE,-0.000986843221073003,2021,230
2021-08-20,148,TRUE,TRUE,-0.425071990920421,2021,231
2021-08-21,141,TRUE,TRUE,-0.531093277845258,2021,232
2021-08-22,164,TRUE,TRUE,-0.182737620806508,2021,233
2021-08-23,189,TRUE,TRUE,0.195909832496482,2021,234
2021-08-24,118,TRUE,TRUE,-0.879448934884009,2021,235
2021-08-25,147,TRUE,TRUE,-0.440217889052541,2021,236
2021-08-26,144,TRUE,TRUE,-0.4856555834489,2021,237
2021-08-27,133,TRUE,TRUE,-0.652260462902215,2021,238
2021-08-28,114,TRUE,TRUE,-0.940032527412487,2021,239
2021-08-29,115,TRUE,TRUE,-0.924886629280367,2021,240
2021-08-30,174,TRUE,TRUE,-0.0312786394853122,2021,241
2021-08-31,154,TRUE,TRUE,-0.334196602127704,2021,242
2021-09-01,157,TRUE,TRUE,-0.288758907731345,2021,243
2021-09-02,126,TRUE,TRUE,-0.758281749827052,2021,244
2021-09-03,161,TRUE,TRUE,-0.228175315202867,2021,245
2021-09-04,165,TRUE,TRUE,-0.167591722674388,2021,246
2021-09-05,172,TRUE,TRUE,-0.0615704357495513,2021,247
2021-09-06,234,TRUE,TRUE,0.877475248441863,2021,248
2021-09-07,172,TRUE,TRUE,-0.0615704357495513,2021,249
2021-09-08,287,TRUE,TRUE,1.6802078494442,2021,250
2021-09-09,163,TRUE,TRUE,-0.197883518938628,2021,251
2021-09-10,164,TRUE,TRUE,-0.182737620806508,2021,252
2021-09-11,0,TRUE,FALSE,,2021,253
2021-09-12,0,TRUE,FALSE,,2021,254
2021-09-13,0,TRUE,FALSE,,2021,255
2021-09-14,0,TRUE,FALSE,,2021,256
2021-09-15,201,TRUE,TRUE,0.377660610081917,2021,257
2021-09-16,154,TRUE,TRUE,-0.334196602127704,2021,258
2021-09-17,186,TRUE,TRUE,0.150472138100123,2021,259
2021-09-18,130,TRUE,TRUE,-0.697698157298574,2021,260
2021-09-19,187,TRUE,TRUE,0.165618036232242,2021,261
2021-09-20,181,TRUE,TRUE,0.0747426474395249,2021,262
2021-09-21,170,TRUE,TRUE,-0.0918622320137905,2021,263
2021-09-22,132,TRUE,TRUE,-0.667406361034335,2021,264
2021-09-23,194,TRUE,TRUE,0.271639323157079,2021,265
2021-09-24,196,TRUE,TRUE,0.301931119421319,2021,266
2021-09-25,112,TRUE,TRUE,-0.970324323676726,2021,267
2021-09-26,138,TRUE,TRUE,-0.576530972241617,2021,268
2021-09-27,191,TRUE,TRUE,0.226201628760721,2021,269
2021-09-28,181,TRUE,TRUE,0.0747426474395249,2021,270
2021-09-29,176,TRUE,TRUE,-0.000986843221073003,2021,271
2021-09-30,165,TRUE,TRUE,-0.167591722674388,2021,272
2021-10-01,155,TRUE,TRUE,-0.319050703995584,2021,273
2021-10-02,136,TRUE,TRUE,-0.606822768505856,2021,274
2021-10-03,184,TRUE,TRUE,0.120180341835884,2021,275
2021-10-04,262,TRUE,TRUE,1.30156039614121,2021,276
2021-10-05,232,TRUE,TRUE,0.847183452177623,2021,277
2021-10-06,160,TRUE,TRUE,-0.243321213334986,2021,278
2021-10-07,194,TRUE,TRUE,0.271639323157079,2021,279
2021-10-08,170,TRUE,TRUE,-0.0918622320137905,2021,280
2021-10-09,107,TRUE,TRUE,-1.04605381433732,2021,281
2021-10-10,166,TRUE,TRUE,-0.152445824542269,2021,282
2021-10-11,112,TRUE,TRUE,-0.970324323676726,2021,283
2021-10-12,146,TRUE,TRUE,-0.45536378718466,2021,284
2021-10-13,137,TRUE,TRUE,-0.591676870373737,2021,285
2021-10-14,171,TRUE,TRUE,-0.0767163338816709,2021,286
2021-10-15,179,TRUE,TRUE,0.0444508511752857,2021,287
2021-10-16,142,TRUE,TRUE,-0.515947379713139,2021,288
2021-10-17,155,TRUE,TRUE,-0.319050703995584,2021,289
2021-10-18,174,TRUE,TRUE,-0.0312786394853122,2021,290
2021-10-19,159,TRUE,TRUE,-0.258467111467106,2021,291
2021-10-20,107,TRUE,TRUE,-1.04605381433732,2021,292
2021-10-21,134,TRUE,TRUE,-0.637114564770095,2021,293
2021-10-22,166,TRUE,TRUE,-0.152445824542269,2021,294
2021-10-23,145,TRUE,TRUE,-0.47050968531678,2021,295
2021-10-24,141,TRUE,TRUE,-0.531093277845258,2021,296
2021-10-25,174,TRUE,TRUE,-0.0312786394853122,2021,297
2021-10-26,141,TRUE,TRUE,-0.531093277845258,2021,298
2021-10-27,123,TRUE,TRUE,-0.803719444223411,2021,299
2021-10-28,139,TRUE,TRUE,-0.561385074109498,2021,300
2021-10-29,199,TRUE,TRUE,0.347368813817677,2021,301
2021-10-30,140,TRUE,TRUE,-0.546239175977378,2021,302
2021-10-31,158,TRUE,TRUE,-0.273613009599226,2021,303
2021-11-01,315,TRUE,TRUE,2.10429299714355,2021,304
2021-11-02,182,TRUE,TRUE,0.0898885455716445,2021,305
2021-11-03,159,TRUE,TRUE,-0.258467111467106,2021,306
2021-11-04,173,TRUE,TRUE,-0.0464245376174318,2021,307
2021-11-05,141,TRUE,TRUE,-0.531093277845258,2021,308
2021-11-06,109,TRUE,TRUE,-1.01576201807308,2021,309
2021-11-07,100,TRUE,TRUE,-1.15207510126216,2021,310
2021-11-08,181,TRUE,TRUE,0.0747426474395249,2021,311
2021-11-09,144,TRUE,TRUE,-0.4856555834489,2021,312
2021-11-10,149,TRUE,TRUE,-0.409926092788302,2021,313
2021-11-11,187,TRUE,TRUE,0.165618036232242,2021,314
2021-11-12,248,TRUE,TRUE,1.08951782229154,2021,315
2021-11-13,221,TRUE,TRUE,0.680578572724308,2021,316
2021-11-14,177,TRUE,TRUE,0.0141590549110466,2021,317
2021-11-15,317,TRUE,TRUE,2.13458479340779,2021,318
2021-11-16,161,TRUE,TRUE,-0.228175315202867,2021,319
2021-11-17,173,TRUE,TRUE,-0.0464245376174318,2021,320
2021-11-18,165,TRUE,TRUE,-0.167591722674388,2021,321
2021-11-19,125,TRUE,TRUE,-0.773427647959172,2021,322
2021-11-20,104,TRUE,TRUE,-1.09149150873368,2021,323
2021-11-21,180,TRUE,TRUE,0.0595967493074053,2021,324
2021-11-22,186,TRUE,TRUE,0.150472138100123,2021,325
2021-11-23,177,TRUE,TRUE,0.0141590549110466,2021,326
2021-11-24,179,TRUE,TRUE,0.0444508511752857,2021,327
2021-11-25,192,TRUE,TRUE,0.24134752689284,2021,328
2021-11-26,178,TRUE,TRUE,0.0293049530431662,2021,329
2021-11-27,236,TRUE,TRUE,0.907767044706102,2021,330
2021-11-28,220,TRUE,TRUE,0.665432674592189,2021,331
2021-11-29,192,TRUE,TRUE,0.24134752689284,2021,332
2021-11-30,265,TRUE,TRUE,1.34699809053757,2021,333
2021-12-01,168,TRUE,TRUE,-0.12215402827803,2021,334
2021-12-02,139,TRUE,TRUE,-0.561385074109498,2021,335
2021-12-03,164,TRUE,TRUE,-0.182737620806508,2021,336
2021-12-04,175,TRUE,TRUE,-0.0161327413531926,2021,337
2021-12-05,169,TRUE,TRUE,-0.10700813014591,2021,338
2021-12-06,326,TRUE,TRUE,2.27089787659686,2021,339
2021-12-07,189,TRUE,TRUE,0.195909832496482,2021,340
2021-12-08,207,TRUE,TRUE,0.468535998874634,2021,341
2021-12-09,175,TRUE,TRUE,-0.0161327413531926,2021,342
2021-12-10,156,TRUE,TRUE,-0.303904805863465,2021,343
2021-12-11,139,TRUE,TRUE,-0.561385074109498,2021,344
2021-12-12,213,TRUE,TRUE,0.559411387667351,2021,345
2021-12-13,243,TRUE,TRUE,1.01378833163094,2021,346
2021-12-14,198,TRUE,TRUE,0.332222915685558,2021,347
2021-12-15,168,TRUE,TRUE,-0.12215402827803,2021,348
2021-12-16,168,TRUE,TRUE,-0.12215402827803,2021,349
2021-12-17,178,TRUE,TRUE,0.0293049530431662,2021,350
2021-12-18,186,TRUE,TRUE,0.150472138100123,2021,351
2021-12-19,142,TRUE,TRUE,-0.515947379713139,2021,352
2021-12-20,217,TRUE,TRUE,0.61999498019583,2021,353
2021-12-21,218,TRUE,TRUE,0.635140878327949,2021,354
2021-12-22,243,TRUE,TRUE,1.01378833163094,2021,355
2021-12-23,257,TRUE,TRUE,1.22583090548061,2021,356
2021-12-24,453,TRUE,TRUE,4.19442693937605,2021,357
2021-12-25,600,TRUE,TRUE,6.42087396479763,2021,358
2021-12-26,288,TRUE,TRUE,1.69535374757632,2021,359
2021-12-27,180,TRUE,TRUE,0.0595967493074053,2021,360
2021-12-28,130,TRUE,TRUE,-0.697698157298574,2021,361
2021-12-29,171,TRUE,TRUE,-0.0767163338816709,2021,362
2021-12-30,0,TRUE,FALSE,,2021,363
2021-12-31,0,TRUE,FALSE,,2021,364
2022-01-01,187,TRUE,TRUE,0.280250610246452,2022,0
2022-01-02,114,TRUE,TRUE,-0.993374933322735,2022,1
2022-01-03,107,TRUE,TRUE,-1.11550341010334,2022,2
2022-01-04,115,TRUE,TRUE,-0.975928008068363,2022,3
2022-01-05,168,TRUE,TRUE,-0.0512409695866239,2022,4
2022-01-06,257,TRUE,TRUE,1.50153537805252,2022,5
2022-01-07,185,TRUE,TRUE,0.245356759737708,2022,6
2022-01-08,118,TRUE,TRUE,-0.923587232305246,2022,7
2022-01-09,150,TRUE,TRUE,-0.365285624165328,2022,8
2022-01-10,154,TRUE,TRUE,-0.295497923147838,2022,9
2022-01-11,142,TRUE,TRUE,-0.504861026200307,2022,10
2022-01-12,171,TRUE,TRUE,0.00109980617649338,2022,11
2022-01-13,147,TRUE,TRUE,-0.417626399928445,2022,12
2022-01-14,148,TRUE,TRUE,-0.400179474674073,2022,13
2022-01-15,142,TRUE,TRUE,-0.504861026200307,2022,14
2022-01-16,113,TRUE,TRUE,-1.01082185857711,2022,15
2022-01-17,210,TRUE,TRUE,0.681529891097018,2022,16
2022-01-18,164,TRUE,TRUE,-0.121028670604114,2022,17
2022-01-19,148,TRUE,TRUE,-0.400179474674073,2022,18
2022-01-20,233,TRUE,TRUE,1.08280917194758,2022,19
2022-01-21,193,TRUE,TRUE,0.384932161772687,2022,20
2022-01-22,328,TRUE,TRUE,2.74026707111297,2022,21
2022-01-23,159,TRUE,TRUE,-0.208263296875976,2022,22
2022-01-24,212,TRUE,TRUE,0.716423741605763,2022,23
2022-01-25,175,TRUE,TRUE,0.0708875071939831,2022,24
2022-01-26,169,TRUE,TRUE,-0.0337940443322515,2022,25
2022-01-27,141,TRUE,TRUE,-0.52230795145468,2022,26
2022-01-28,171,TRUE,TRUE,0.00109980617649338,2022,27
2022-01-29,169,TRUE,TRUE,-0.0337940443322515,2022,28
2022-01-30,105,TRUE,TRUE,-1.15039726061209,2022,29
2022-01-31,215,TRUE,TRUE,0.768764517368881,2022,30
2022-02-01,219,TRUE,TRUE,0.83855221838637,2022,31
2022-02-02,252,TRUE,TRUE,1.41430075178066,2022,32
2022-02-03,267,TRUE,TRUE,1.67600463059625,2022,33
2022-02-04,189,TRUE,TRUE,0.315144460755197,2022,34
2022-02-05,146,TRUE,TRUE,-0.435073325182818,2022,35
2022-02-06,189,TRUE,TRUE,0.315144460755197,2022,36
2022-02-07,209,TRUE,TRUE,0.664082965842646,2022,37
2022-02-08,193,TRUE,TRUE,0.384932161772687,2022,38
2022-02-09,208,TRUE,TRUE,0.646636040588274,2022,39
2022-02-10,287,TRUE,TRUE,2.0249431356837,2022,40
2022-02-11,227,TRUE,TRUE,0.97812762042135,2022,41
2022-02-12,179,TRUE,TRUE,0.140675208211473,2022,42
2022-02-13,170,TRUE,TRUE,-0.0163471190778791,2022,43
2022-02-14,192,TRUE,TRUE,0.367485236518315,2022,44
2022-02-15,130,TRUE,TRUE,-0.714224129252776,2022,45
2022-02-16,109,TRUE,TRUE,-1.0806095595946,2022,46
2022-02-17,121,TRUE,TRUE,-0.871246456542128,2022,47
2022-02-18,143,TRUE,TRUE,-0.487414100945935,2022,48
2022-02-19,104,TRUE,TRUE,-1.16784418586646,2022,49
2022-02-20,108,TRUE,TRUE,-1.09805648484897,2022,50
2022-02-21,126,TRUE,TRUE,-0.784011830270266,2022,51
2022-02-22,121,TRUE,TRUE,-0.871246456542128,2022,52
2022-02-23,129,TRUE,TRUE,-0.731671054507149,2022,53
2022-02-24,125,TRUE,TRUE,-0.801458755524639,2022,54
2022-02-25,170,TRUE,TRUE,-0.0163471190778791,2022,55
2022-02-26,0,TRUE,FALSE,,2022,56
2022-02-27,0,TRUE,FALSE,,2022,57
2022-02-28,206,TRUE,TRUE,0.611742190079529,2022,58
2022-03-01,150,TRUE,TRUE,-0.365285624165328,2022,59
2022-03-02,294,TRUE,TRUE,2.1470716124643,2022,60
2022-03-03,159,TRUE,TRUE,-0.208263296875976,2022,61
2022-03-04,129,TRUE,TRUE,-0.731671054507149,2022,62
2022-03-05,130,TRUE,TRUE,-0.714224129252776,2022,63
2022-03-06,129,TRUE,TRUE,-0.731671054507149,2022,64
2022-03-07,185,TRUE,TRUE,0.245356759737708,2022,65
2022-03-08,140,TRUE,TRUE,-0.539754876709052,2022,66
2022-03-09,140,TRUE,TRUE,-0.539754876709052,2022,67
2022-03-10,151,TRUE,TRUE,-0.347838698910955,2022,68
2022-03-11,162,TRUE,TRUE,-0.155922521112859,2022,69
2022-03-12,184,TRUE,TRUE,0.227909834483335,2022,70
2022-03-13,144,TRUE,TRUE,-0.469967175691562,2022,71
2022-03-14,194,TRUE,TRUE,0.402379087027059,2022,72
2022-03-15,187,TRUE,TRUE,0.280250610246452,2022,73
2022-03-16,203,TRUE,TRUE,0.559401414316411,2022,74
2022-03-17,177,TRUE,TRUE,0.105781357702728,2022,75
2022-03-18,167,TRUE,TRUE,-0.0686878948409964,2022,76
2022-03-19,170,TRUE,TRUE,-0.0163471190778791,2022,77
2022-03-20,159,TRUE,TRUE,-0.208263296875976,2022,78
2022-03-21,157,TRUE,TRUE,-0.243157147384721,2022,79
2022-03-22,170,TRUE,TRUE,-0.0163471190778791,2022,80
2022-03-23,169,TRUE,TRUE,-0.0337940443322515,2022,81
2022-03-24,148,TRUE,TRUE,-0.400179474674073,2022,82
2022-03-25,217,TRUE,TRUE,0.803658367877626,2022,83
2022-03-26,133,TRUE,TRUE,-0.661883353489659,2022,84
2022-03-27,149,TRUE,TRUE,-0.3827325494197,2022,85
2022-03-28,177,TRUE,TRUE,0.105781357702728,2022,86
2022-03-29,164,TRUE,TRUE,-0.121028670604114,2022,87
2022-03-30,140,TRUE,TRUE,-0.539754876709052,2022,88
2022-03-31,144,TRUE,TRUE,-0.469967175691562,2022,89
2022-04-01,170,TRUE,TRUE,-0.0163471190778791,2022,90
2022-04-02,167,TRUE,TRUE,-0.0686878948409964,2022,91
2022-04-03,163,TRUE,TRUE,-0.138475595858486,2022,92
2022-04-04,166,TRUE,TRUE,-0.0861348200953688,2022,93
2022-04-05,160,TRUE,TRUE,-0.190816371621603,2022,94
2022-04-06,173,TRUE,TRUE,0.0359936566852383,2022,95
2022-04-07,243,TRUE,TRUE,1.25727842449131,2022,96
2022-04-08,208,TRUE,TRUE,0.646636040588274,2022,97
2022-04-09,221,TRUE,TRUE,0.873446068895115,2022,98
2022-04-10,312,TRUE,TRUE,2.46111626704301,2022,99
2022-04-11,218,TRUE,TRUE,0.821105293131998,2022,100
2022-04-12,224,TRUE,TRUE,0.925786844658233,2022,101
2022-04-13,211,TRUE,TRUE,0.698976816351391,2022,102
2022-04-14,355,TRUE,TRUE,3.21133405298102,2022,103
2022-04-15,379,TRUE,TRUE,3.63006025908596,2022,104
2022-04-16,485,TRUE,TRUE,5.47943433604944,2022,105
2022-04-17,565,TRUE,TRUE,6.87518835639923,2022,106
2022-04-18,159,TRUE,TRUE,-0.208263296875976,2022,107
2022-04-19,148,TRUE,TRUE,-0.400179474674073,2022,108
2022-04-20,170,TRUE,TRUE,-0.0163471190778791,2022,109
2022-04-21,149,TRUE,TRUE,-0.3827325494197,2022,110
2022-04-22,153,TRUE,TRUE,-0.31294484840221,2022,111
2022-04-23,161,TRUE,TRUE,-0.173369446367231,2022,112
2022-04-24,186,TRUE,TRUE,0.26280368499208,2022,113
2022-04-25,172,TRUE,TRUE,0.0185467314308658,2022,114
2022-04-26,183,TRUE,TRUE,0.210462909228963,2022,115
2022-04-27,157,TRUE,TRUE,-0.243157147384721,2022,116
2022-04-28,192,TRUE,TRUE,0.367485236518315,2022,117
2022-04-29,169,TRUE,TRUE,-0.0337940443322515,2022,118
2022-04-30,153,TRUE,TRUE,-0.31294484840221,2022,119
2022-05-01,142,TRUE,TRUE,-0.504861026200307,2022,120
2022-05-02,208,TRUE,TRUE,0.646636040588274,2022,121
2022-05-03,202,TRUE,TRUE,0.541954489062039,2022,122
2022-05-04,194,TRUE,TRUE,0.402379087027059,2022,123
2022-05-05,168,TRUE,TRUE,-0.0512409695866239,2022,124
2022-05-06,182,TRUE,TRUE,0.19301598397459,2022,125
2022-05-07,146,TRUE,TRUE,-0.435073325182818,2022,126
2022-05-08,148,TRUE,TRUE,-0.400179474674073,2022,127
2022-05-09,202,TRUE,TRUE,0.541954489062039,2022,128
2022-05-10,257,TRUE,TRUE,1.50153537805252,2022,129
2022-05-11,190,TRUE,TRUE,0.33259138600957,2022,130
2022-05-12,204,TRUE,TRUE,0.576848339570784,2022,131
2022-05-13,0,TRUE,FALSE,,2022,132
2022-05-14,0,TRUE,FALSE,,2022,133
2022-05-15,147,TRUE,TRUE,-0.417626399928445,2022,134
2022-05-16,171,TRUE,TRUE,0.00109980617649338,2022,135
2022-05-17,141,TRUE,TRUE,-0.52230795145468,2022,136
2022-05-18,229,TRUE,TRUE,1.01302147093009,2022,137
2022-05-19,162,TRUE,TRUE,-0.155922521112859,2022,138
2022-05-20,216,TRUE,TRUE,0.786211442623253,2022,139
2022-05-21,136,TRUE,TRUE,-0.609542577726542,2022,140
2022-05-22,117,TRUE,TRUE,-0.941034157559618,2022,141
2022-05-23,169,TRUE,TRUE,-0.0337940443322515,2022,142
2022-05-24,118,TRUE,TRUE,-0.923587232305246,2022,143
2022-05-25,182,TRUE,TRUE,0.19301598397459,2022,144
2022-05-26,182,TRUE,TRUE,0.19301598397459,2022,145
2022-05-27,177,TRUE,TRUE,0.105781357702728,2022,146
2022-05-28,184,TRUE,TRUE,0.227909834483335,2022,147
2022-05-29,129,TRUE,TRUE,-0.731671054507149,2022,148
2022-05-30,145,TRUE,TRUE,-0.45252025043719,2022,149
2022-05-31,199,TRUE,TRUE,0.489613713298922,2022,150
2022-06-01,143,TRUE,TRUE,-0.487414100945935,2022,151
2022-06-02,130,TRUE,TRUE,-0.714224129252776,2022,152
2022-06-03,168,TRUE,TRUE,-0.0512409695866239,2022,153
2022-06-04,148,TRUE,TRUE,-0.400179474674073,2022,154
2022-06-05,172,TRUE,TRUE,0.0185467314308658,2022,155
2022-06-06,169,TRUE,TRUE,-0.0337940443322515,2022,156
2022-06-07,174,TRUE,TRUE,0.0534405819396107,2022,157
2022-06-08,150,TRUE,TRUE,-0.365285624165328,2022,158
2022-06-09,138,TRUE,TRUE,-0.574648727217797,2022,159
2022-06-10,167,TRUE,TRUE,-0.0686878948409964,2022,160
2022-06-11,161,TRUE,TRUE,-0.173369446367231,2022,161
2022-06-12,146,TRUE,TRUE,-0.435073325182818,2022,162
2022-06-13,257,TRUE,TRUE,1.50153537805252,2022,163
2022-06-14,178,TRUE,TRUE,0.1232282829571,2022,164
2022-06-15,159,TRUE,TRUE,-0.208263296875976,2022,165
2022-06-16,266,TRUE,TRUE,1.65855770534187,2022,166
2022-06-17,181,TRUE,TRUE,0.175569058720218,2022,167
2022-06-18,107,TRUE,TRUE,-1.11550341010334,2022,168
2022-06-19,124,TRUE,TRUE,-0.818905680779011,2022,169
2022-06-20,150,TRUE,TRUE,-0.365285624165328,2022,170
2022-06-21,137,TRUE,TRUE,-0.592095652472169,2022,171
2022-06-22,152,TRUE,TRUE,-0.330391773656583,2022,172
2022-06-23,164,TRUE,TRUE,-0.121028670604114,2022,173
2022-06-24,182,TRUE,TRUE,0.19301598397459,2022,174
2022-06-25,187,TRUE,TRUE,0.280250610246452,2022,175
2022-06-26,145,TRUE,TRUE,-0.45252025043719,2022,176
2022-06-27,173,TRUE,TRUE,0.0359936566852383,2022,177
2022-06-28,124,TRUE,TRUE,-0.818905680779011,2022,178
2022-06-29,183,TRUE,TRUE,0.210462909228963,2022,179
2022-06-30,152,TRUE,TRUE,-0.330391773656583,2022,180
2022-07-01,165,TRUE,TRUE,-0.103581745349741,2022,181
2022-07-02,117,TRUE,TRUE,-0.941034157559618,2022,182
2022-07-03,157,TRUE,TRUE,-0.243157147384721,2022,183
2022-07-04,194,TRUE,TRUE,0.402379087027059,2022,184
2022-07-05,125,TRUE,TRUE,-0.801458755524639,2022,185
2022-07-06,128,TRUE,TRUE,-0.749117979761521,2022,186
2022-07-07,113,TRUE,TRUE,-1.01082185857711,2022,187
2022-07-08,96,TRUE,TRUE,-1.30741958790144,2022,188
2022-07-09,113,TRUE,TRUE,-1.01082185857711,2022,189
2022-07-10,100,TRUE,TRUE,-1.23763188688395,2022,190
2022-07-11,139,TRUE,TRUE,-0.557201801963425,2022,191
2022-07-12,111,TRUE,TRUE,-1.04571570908585,2022,192
2022-07-13,155,TRUE,TRUE,-0.278050997893466,2022,193
2022-07-14,122,TRUE,TRUE,-0.853799531287756,2022,194
2022-07-15,122,TRUE,TRUE,-0.853799531287756,2022,195
2022-07-16,104,TRUE,TRUE,-1.16784418586646,2022,196
2022-07-17,105,TRUE,TRUE,-1.15039726061209,2022,197
2022-07-18,147,TRUE,TRUE,-0.417626399928445,2022,198
2022-07-19,114,TRUE,TRUE,-0.993374933322735,2022,199
2022-07-20,0,TRUE,FALSE,,2022,200
2022-07-21,0,TRUE,FALSE,,2022,201
2022-07-22,96,TRUE,TRUE,-1.30741958790144,2022,202
2022-07-23,120,TRUE,TRUE,-0.888693381796501,2022,203
2022-07-24,0,TRUE,FALSE,,2022,204
2022-07-25,0,TRUE,FALSE,,2022,205
2022-07-26,144,TRUE,TRUE,-0.469967175691562,2022,206
2022-07-27,142,TRUE,TRUE,-0.504861026200307,2022,207
2022-07-28,120,TRUE,TRUE,-0.888693381796501,2022,208
2022-07-29,158,TRUE,TRUE,-0.225710222130348,2022,209
2022-07-30,129,TRUE,TRUE,-0.731671054507149,2022,210
2022-07-31,118,TRUE,TRUE,-0.923587232305246,2022,211
2022-08-01,177,TRUE,TRUE,0.105781357702728,2022,212
2022-08-02,160,TRUE,TRUE,-0.190816371621603,2022,213
2022-08-03,136,TRUE,TRUE,-0.609542577726542,2022,214
2022-08-04,114,TRUE,TRUE,-0.993374933322735,2022,215
2022-08-05,126,TRUE,TRUE,-0.784011830270266,2022,216
2022-08-06,164,TRUE,TRUE,-0.121028670604114,2022,217
2022-08-07,153,TRUE,TRUE,-0.31294484840221,2022,218
2022-08-08,156,TRUE,TRUE,-0.260604072639093,2022,219
2022-08-09,135,TRUE,TRUE,-0.626989502980914,2022,220
2022-08-10,130,TRUE,TRUE,-0.714224129252776,2022,221
2022-08-11,126,TRUE,TRUE,-0.784011830270266,2022,222
2022-08-12,147,TRUE,TRUE,-0.417626399928445,2022,223
2022-08-13,117,TRUE,TRUE,-0.941034157559618,2022,224
2022-08-14,199,TRUE,TRUE,0.489613713298922,2022,225
2022-08-15,497,TRUE,TRUE,5.68879743910191,2022,226
2022-08-16,213,TRUE,TRUE,0.733870666860136,2022,227
2022-08-17,0,TRUE,FALSE,,2022,228
2022-08-18,0,TRUE,FALSE,,2022,229
2022-08-19,123,TRUE,TRUE,-0.836352606033384,2022,230
2022-08-20,150,TRUE,TRUE,-0.365285624165328,2022,231
2022-08-21,153,TRUE,TRUE,-0.31294484840221,2022,232
2022-08-22,170,TRUE,TRUE,-0.0163471190778791,2022,233
2022-08-23,115,TRUE,TRUE,-0.975928008068363,2022,234
2022-08-24,162,TRUE,TRUE,-0.155922521112859,2022,235
2022-08-25,147,TRUE,TRUE,-0.417626399928445,2022,236
2022-08-26,153,TRUE,TRUE,-0.31294484840221,2022,237
2022-08-27,173,TRUE,TRUE,0.0359936566852383,2022,238
2022-08-28,157,TRUE,TRUE,-0.243157147384721,2022,239
2022-08-29,168,TRUE,TRUE,-0.0512409695866239,2022,240
2022-08-30,154,TRUE,TRUE,-0.295497923147838,2022,241
2022-08-31,139,TRUE,TRUE,-0.557201801963425,2022,242
2022-09-01,216,TRUE,TRUE,0.786211442623253,2022,243
2022-09-02,134,TRUE,TRUE,-0.644436428235287,2022,244
2022-09-03,166,TRUE,TRUE,-0.0861348200953688,2022,245
2022-09-04,219,TRUE,TRUE,0.83855221838637,2022,246
2022-09-05,191,TRUE,TRUE,0.350038311263942,2022,247
2022-09-06,129,TRUE,TRUE,-0.731671054507149,2022,248
2022-09-07,172,TRUE,TRUE,0.0185467314308658,2022,249
2022-09-08,199,TRUE,TRUE,0.489613713298922,2022,250
2022-09-09,135,TRUE,TRUE,-0.626989502980914,2022,251
2022-09-10,159,TRUE,TRUE,-0.208263296875976,2022,252
2022-09-11,142,TRUE,TRUE,-0.504861026200307,2022,253
2022-09-12,170,TRUE,TRUE,-0.0163471190778791,2022,254
2022-09-13,141,TRUE,TRUE,-0.52230795145468,2022,255
2022-09-14,171,TRUE,TRUE,0.00109980617649338,2022,256
2022-09-15,175,TRUE,TRUE,0.0708875071939831,2022,257
2022-09-16,144,TRUE,TRUE,-0.469967175691562,2022,258
2022-09-17,156,TRUE,TRUE,-0.260604072639093,2022,259
2022-09-18,135,TRUE,TRUE,-0.626989502980914,2022,260
2022-09-19,192,TRUE,TRUE,0.367485236518315,2022,261
2022-09-20,152,TRUE,TRUE,-0.330391773656583,2022,262
2022-09-21,125,TRUE,TRUE,-0.801458755524639,2022,263
2022-09-22,0,TRUE,FALSE,,2022,264
2022-09-23,0,TRUE,FALSE,,2022,265
2022-09-24,137,TRUE,TRUE,-0.592095652472169,2022,266
2022-09-25,163,TRUE,TRUE,-0.138475595858486,2022,267
2022-09-26,0,TRUE,FALSE,,2022,268
2022-09-27,0,TRUE,FALSE,,2022,269
2022-09-28,174,TRUE,TRUE,0.0534405819396107,2022,270
2022-09-29,175,TRUE,TRUE,0.0708875071939831,2022,271
2022-09-30,167,TRUE,TRUE,-0.0686878948409964,2022,272
2022-10-01,154,TRUE,TRUE,-0.295497923147838,2022,273
2022-10-02,202,TRUE,TRUE,0.541954489062039,2022,274
2022-10-03,254,TRUE,TRUE,1.44919460228941,2022,275
2022-10-04,198,TRUE,TRUE,0.472166788044549,2022,276
2022-10-05,167,TRUE,TRUE,-0.0686878948409964,2022,277
2022-10-06,162,TRUE,TRUE,-0.155922521112859,2022,278
2022-10-07,178,TRUE,TRUE,0.1232282829571,2022,279
2022-10-08,151,TRUE,TRUE,-0.347838698910955,2022,280
2022-10-09,136,TRUE,TRUE,-0.609542577726542,2022,281
2022-10-10,184,TRUE,TRUE,0.227909834483335,2022,282
2022-10-11,176,TRUE,TRUE,0.0883344324483556,2022,283
2022-10-12,110,TRUE,TRUE,-1.06316263434023,2022,284
2022-10-13,144,TRUE,TRUE,-0.469967175691562,2022,285
2022-10-14,154,TRUE,TRUE,-0.295497923147838,2022,286
2022-10-15,131,TRUE,TRUE,-0.696777203998404,2022,287
2022-10-16,143,TRUE,TRUE,-0.487414100945935,2022,288
2022-10-17,211,TRUE,TRUE,0.698976816351391,2022,289
2022-10-18,177,TRUE,TRUE,0.105781357702728,2022,290
2022-10-19,198,TRUE,TRUE,0.472166788044549,2022,291
2022-10-20,182,TRUE,TRUE,0.19301598397459,2022,292
2022-10-21,176,TRUE,TRUE,0.0883344324483556,2022,293
2022-10-22,164,TRUE,TRUE,-0.121028670604114,2022,294
2022-10-23,163,TRUE,TRUE,-0.138475595858486,2022,295
2022-10-24,225,TRUE,TRUE,0.943233769912605,2022,296
2022-10-25,157,TRUE,TRUE,-0.243157147384721,2022,297
2022-10-26,169,TRUE,TRUE,-0.0337940443322515,2022,298
2022-10-27,194,TRUE,TRUE,0.402379087027059,2022,299
2022-10-28,156,TRUE,TRUE,-0.260604072639093,2022,300
2022-10-29,95,TRUE,TRUE,-1.32486651315581,2022,301
2022-10-30,121,TRUE,TRUE,-0.871246456542128,2022,302
2022-10-31,207,TRUE,TRUE,0.629189115333901,2022,303
2022-11-01,299,TRUE,TRUE,2.23430623873617,2022,304
2022-11-02,192,TRUE,TRUE,0.367485236518315,2022,305
2022-11-03,137,TRUE,TRUE,-0.592095652472169,2022,306
2022-11-04,192,TRUE,TRUE,0.367485236518315,2022,307
2022-11-05,155,TRUE,TRUE,-0.278050997893466,2022,308
2022-11-06,149,TRUE,TRUE,-0.3827325494197,2022,309
2022-11-07,194,TRUE,TRUE,0.402379087027059,2022,310
2022-11-08,150,TRUE,TRUE,-0.365285624165328,2022,311
2022-11-09,140,TRUE,TRUE,-0.539754876709052,2022,312
2022-11-10,164,TRUE,TRUE,-0.121028670604114,2022,313
2022-11-11,147,TRUE,TRUE,-0.417626399928445,2022,314
2022-11-12,121,TRUE,TRUE,-0.871246456542128,2022,315
2022-11-13,157,TRUE,TRUE,-0.243157147384721,2022,316
2022-11-14,174,TRUE,TRUE,0.0534405819396107,2022,317
2022-11-15,130,TRUE,TRUE,-0.714224129252776,2022,318
2022-11-16,129,TRUE,TRUE,-0.731671054507149,2022,319
2022-11-17,161,TRUE,TRUE,-0.173369446367231,2022,320
2022-11-18,139,TRUE,TRUE,-0.557201801963425,2022,321
2022-11-19,133,TRUE,TRUE,-0.661883353489659,2022,322
2022-11-20,122,TRUE,TRUE,-0.853799531287756,2022,323
2022-11-21,196,TRUE,TRUE,0.437272937535804,2022,324
2022-11-22,188,TRUE,TRUE,0.297697535500825,2022,325
2022-11-23,157,TRUE,TRUE,-0.243157147384721,2022,326
2022-11-24,130,TRUE,TRUE,-0.714224129252776,2022,327
2022-11-25,198,TRUE,TRUE,0.472166788044549,2022,328
2022-11-26,187,TRUE,TRUE,0.280250610246452,2022,329
2022-11-27,203,TRUE,TRUE,0.559401414316411,2022,330
2022-11-28,196,TRUE,TRUE,0.437272937535804,2022,331
2022-11-29,0,TRUE,FALSE,,2022,332
2022-11-30,0,TRUE,FALSE,,2022,333
2022-12-01,147,TRUE,TRUE,-0.417626399928445,2022,334
2022-12-02,136,TRUE,TRUE,-0.609542577726542,2022,335
2022-12-03,162,TRUE,TRUE,-0.155922521112859,2022,336
2022-12-04,162,TRUE,TRUE,-0.155922521112859,2022,337
2022-12-05,229,TRUE,TRUE,1.01302147093009,2022,338
2022-12-06,171,TRUE,TRUE,0.00109980617649338,2022,339
2022-12-07,168,TRUE,TRUE,-0.0512409695866239,2022,340
2022-12-08,189,TRUE,TRUE,0.315144460755197,2022,341
2022-12-09,153,TRUE,TRUE,-0.31294484840221,2022,342
2022-12-10,141,TRUE,TRUE,-0.52230795145468,2022,343
2022-12-11,127,TRUE,TRUE,-0.766564905015894,2022,344
2022-12-12,169,TRUE,TRUE,-0.0337940443322515,2022,345
2022-12-13,120,TRUE,TRUE,-0.888693381796501,2022,346
2022-12-14,146,TRUE,TRUE,-0.435073325182818,2022,347
2022-12-15,149,TRUE,TRUE,-0.3827325494197,2022,348
2022-12-16,149,TRUE,TRUE,-0.3827325494197,2022,349
2022-12-17,162,TRUE,TRUE,-0.155922521112859,2022,350
2022-12-18,151,TRUE,TRUE,-0.347838698910955,2022,351
2022-12-19,197,TRUE,TRUE,0.454719862790177,2022,352
2022-12-20,213,TRUE,TRUE,0.733870666860136,2022,353
2022-12-21,195,TRUE,TRUE,0.419826012281432,2022,354
2022-12-22,228,TRUE,TRUE,0.995574545675722,2022,355
2022-12-23,187,TRUE,TRUE,0.280250610246452,2022,356
2022-12-24,346,TRUE,TRUE,3.05431172569167,2022,357
2022-12-25,528,TRUE,TRUE,6.22965212198745,2022,358
2022-12-26,185,TRUE,TRUE,0.245356759737708,2022,359
2022-12-27,165,TRUE,TRUE,-0.103581745349741,2022,360
2022-12-28,159,TRUE,TRUE,-0.208263296875976,2022,361
2022-12-29,179,TRUE,TRUE,0.140675208211473,2022,362
2022-12-30,161,TRUE,TRUE,-0.173369446367231,2022,363
2022-12-31,440,TRUE,TRUE,4.69432269960268,2022,364
2023-01-01,201,TRUE,TRUE,0.383592719046638,2023,0
2023-01-02,186,TRUE,TRUE,0.138991379711081,2023,1
2023-01-03,175,TRUE,TRUE,-0.0403829358016599,2023,2
2023-01-04,192,TRUE,TRUE,0.236831915445304,2023,3
2023-01-05,269,TRUE,TRUE,1.49245212403449,2023,4
2023-01-06,289,TRUE,TRUE,1.81858724314857,2023,5
2023-01-07,161,TRUE,TRUE,-0.268677519181512,2023,6
2023-01-08,135,TRUE,TRUE,-0.69265317402981,2023,7
2023-01-09,150,TRUE,TRUE,-0.448051834694254,2023,8
2023-01-10,124,TRUE,TRUE,-0.872027489542551,2023,9
2023-01-11,205,TRUE,TRUE,0.448819742869453,2023,10
2023-01-12,137,TRUE,TRUE,-0.660039662118402,2023,11
2023-01-13,158,TRUE,TRUE,-0.317597787048624,2023,12
2023-01-14,385,TRUE,TRUE,3.38403581489613,2023,13
2023-01-15,363,TRUE,TRUE,3.02528718387064,2023,14
2023-01-16,156,TRUE,TRUE,-0.350211298960031,2023,15
2023-01-17,114,TRUE,TRUE,-1.03509504909959,2023,16
2023-01-18,132,TRUE,TRUE,-0.741573441896921,2023,17
2023-01-19,135,TRUE,TRUE,-0.69265317402981,2023,18
2023-01-20,172,TRUE,TRUE,-0.0893032036687711,2023,19
2023-01-21,98,TRUE,TRUE,-1.29600314439085,2023,20
2023-01-22,135,TRUE,TRUE,-0.69265317402981,2023,21
2023-01-23,186,TRUE,TRUE,0.138991379711081,2023,22
2023-01-24,173,TRUE,TRUE,-0.0729964477130674,2023,23
2023-01-25,157,TRUE,TRUE,-0.333904543004327,2023,24
2023-01-26,152,TRUE,TRUE,-0.415438322782846,2023,25
2023-01-27,171,TRUE,TRUE,-0.105609959624475,2023,26
2023-01-28,150,TRUE,TRUE,-0.448051834694254,2023,27
2023-01-29,135,TRUE,TRUE,-0.69265317402981,2023,28
2023-01-30,175,TRUE,TRUE,-0.0403829358016599,2023,29
2023-01-31,235,TRUE,TRUE,0.938022421540565,2023,30
2023-02-01,190,TRUE,TRUE,0.204218403533896,2023,31
2023-02-02,272,TRUE,TRUE,1.5413723919016,2023,32
2023-02-03,319,TRUE,TRUE,2.30778992181968,2023,33
2023-02-04,187,TRUE,TRUE,0.155298135666785,2023,34
2023-02-05,146,TRUE,TRUE,-0.513278858517069,2023,35
2023-02-06,171,TRUE,TRUE,-0.105609959624475,2023,36
2023-02-07,158,TRUE,TRUE,-0.317597787048624,2023,37
2023-02-08,165,TRUE,TRUE,-0.203450495358697,2023,38
2023-02-09,168,TRUE,TRUE,-0.154530227491586,2023,39
2023-02-10,238,TRUE,TRUE,0.986942689407676,2023,40
2023-02-11,206,TRUE,TRUE,0.465126498825156,2023,41
2023-02-12,160,TRUE,TRUE,-0.284984275137216,2023,42
2023-02-13,200,TRUE,TRUE,0.367285963090934,2023,43
2023-02-14,352,TRUE,TRUE,2.8459128683579,2023,44
2023-02-15,171,TRUE,TRUE,-0.105609959624475,2023,45
2023-02-16,152,TRUE,TRUE,-0.415438322782846,2023,46
2023-02-17,114,TRUE,TRUE,-1.03509504909959,2023,47
2023-02-18,135,TRUE,TRUE,-0.69265317402981,2023,48
2023-02-19,108,TRUE,TRUE,-1.13293558483381,2023,49
2023-02-20,160,TRUE,TRUE,-0.284984275137216,2023,50
2023-02-21,132,TRUE,TRUE,-0.741573441896921,2023,51
2023-02-22,249,TRUE,TRUE,1.16631700492042,2023,52
2023-02-23,166,TRUE,TRUE,-0.187143739402994,2023,53
2023-02-24,157,TRUE,TRUE,-0.333904543004327,2023,54
2023-02-25,120,TRUE,TRUE,-0.937254513365366,2023,55
2023-02-26,111,TRUE,TRUE,-1.0840153169667,2023,56
2023-02-27,176,TRUE,TRUE,-0.0240761798459561,2023,57
2023-02-28,131,TRUE,TRUE,-0.757880197852625,2023,58
2023-03-01,169,TRUE,TRUE,-0.138223471535882,2023,59
2023-03-02,152,TRUE,TRUE,-0.415438322782846,2023,60
2023-03-03,139,TRUE,TRUE,-0.627426150206995,2023,61
2023-03-04,170,TRUE,TRUE,-0.121916715580179,2023,62
2023-03-05,153,TRUE,TRUE,-0.399131566827142,2023,63
2023-03-06,172,TRUE,TRUE,-0.0893032036687711,2023,64
2023-03-07,137,TRUE,TRUE,-0.660039662118402,2023,65
2023-03-08,154,TRUE,TRUE,-0.382824810871439,2023,66
2023-03-09,155,TRUE,TRUE,-0.366518054915735,2023,67
2023-03-10,160,TRUE,TRUE,-0.284984275137216,2023,68
2023-03-11,192,TRUE,TRUE,0.236831915445304,2023,69
2023-03-12,153,TRUE,TRUE,-0.399131566827142,2023,70
2023-03-13,192,TRUE,TRUE,0.236831915445304,2023,71
2023-03-14,172,TRUE,TRUE,-0.0893032036687711,2023,72
2023-03-15,157,TRUE,TRUE,-0.333904543004327,2023,73
2023-03-16,181,TRUE,TRUE,0.0574575999325626,2023,74
2023-03-17,205,TRUE,TRUE,0.448819742869453,2023,75
2023-03-18,160,TRUE,TRUE,-0.284984275137216,2023,76
2023-03-19,190,TRUE,TRUE,0.204218403533896,2023,77
2023-03-20,234,TRUE,TRUE,0.921715665584861,2023,78
2023-03-21,263,TRUE,TRUE,1.39461158830027,2023,79
2023-03-22,182,TRUE,TRUE,0.0737643558882664,2023,80
2023-03-23,195,TRUE,TRUE,0.285752183312415,2023,81
2023-03-24,194,TRUE,TRUE,0.269445427356711,2023,82
2023-03-25,220,TRUE,TRUE,0.693421082205009,2023,83
2023-03-26,209,TRUE,TRUE,0.514046766692268,2023,84
2023-03-27,251,TRUE,TRUE,1.19893051683183,2023,85
2023-03-28,259,TRUE,TRUE,1.32938456447746,2023,86
2023-03-29,299,TRUE,TRUE,1.98165480270561,2023,87
2023-03-30,266,TRUE,TRUE,1.44353185616738,2023,88
2023-03-31,233,TRUE,TRUE,0.905408909629157,2023,89
2023-04-01,332,TRUE,TRUE,2.51977774924383,2023,90
2023-04-02,410,TRUE,TRUE,3.79170471378872,2023,91
2023-04-03,274,TRUE,TRUE,1.57398590381301,2023,92
2023-04-04,222,TRUE,TRUE,0.726034594116416,2023,93
2023-04-05,245,TRUE,TRUE,1.1010899810976,2023,94
2023-04-06,374,TRUE,TRUE,3.20466149938339,2023,95
2023-04-07,381,TRUE,TRUE,3.31880879107331,2023,96
2023-04-08,371,TRUE,TRUE,3.15574123151627,2023,97
2023-04-09,472,TRUE,TRUE,4.80272358304235,2023,98
2023-04-10,168,TRUE,TRUE,-0.154530227491586,2023,99
2023-04-11,161,TRUE,TRUE,-0.268677519181512,2023,100
2023-04-12,149,TRUE,TRUE,-0.464358590649957,2023,101
2023-04-13,122,TRUE,TRUE,-0.904641001453959,2023,102
2023-04-14,146,TRUE,TRUE,-0.513278858517069,2023,103
2023-04-15,324,TRUE,TRUE,2.3893237015982,2023,104
2023-04-16,206,TRUE,TRUE,0.465126498825156,2023,105
2023-04-17,173,TRUE,TRUE,-0.0729964477130674,2023,106
2023-04-18,159,TRUE,TRUE,-0.30129103109292,2023,107
2023-04-19,145,TRUE,TRUE,-0.529585614472772,2023,108
2023-04-20,163,TRUE,TRUE,-0.236064007270105,2023,109
2023-04-21,126,TRUE,TRUE,-0.839413977631143,2023,110
2023-04-22,109,TRUE,TRUE,-1.11662882887811,2023,111
2023-04-23,133,TRUE,TRUE,-0.725266685941217,2023,112
2023-04-24,154,TRUE,TRUE,-0.382824810871439,2023,113
2023-04-25,192,TRUE,TRUE,0.236831915445304,2023,114
2023-04-26,181,TRUE,TRUE,0.0574575999325626,2023,115
2023-04-27,194,TRUE,TRUE,0.269445427356711,2023,116
2023-04-28,190,TRUE,TRUE,0.204218403533896,2023,117
2023-04-29,286,TRUE,TRUE,1.76966697528146,2023,118
2023-04-30,179,TRUE,TRUE,0.0248440880211551,2023,119
2023-05-01,189,TRUE,TRUE,0.187911647578193,2023,120
2023-05-02,201,TRUE,TRUE,0.383592719046638,2023,121
2023-05-03,187,TRUE,TRUE,0.155298135666785,2023,122
2023-05-04,188,TRUE,TRUE,0.171604891622489,2023,123
2023-05-05,195,TRUE,TRUE,0.285752183312415,2023,124
2023-05-06,172,TRUE,TRUE,-0.0893032036687711,2023,125
2023-05-07,172,TRUE,TRUE,-0.0893032036687711,2023,126
2023-05-08,0,TRUE,FALSE,,2023,127
2023-05-09,0,TRUE,FALSE,,2023,128
2023-05-10,206,TRUE,TRUE,0.465126498825156,2023,129
2023-05-11,151,TRUE,TRUE,-0.43174507873855,2023,130
2023-05-12,200,TRUE,TRUE,0.367285963090934,2023,131
2023-05-13,228,TRUE,TRUE,0.823875129850639,2023,132
2023-05-14,133,TRUE,TRUE,-0.725266685941217,2023,133
2023-05-15,247,TRUE,TRUE,1.13370349300901,2023,134
2023-05-16,163,TRUE,TRUE,-0.236064007270105,2023,135
2023-05-17,154,TRUE,TRUE,-0.382824810871439,2023,136
2023-05-18,130,TRUE,TRUE,-0.774186953808329,2023,137
2023-05-19,205,TRUE,TRUE,0.448819742869453,2023,138
2023-05-20,0,TRUE,FALSE,,2023,139
2023-05-21,0,TRUE,FALSE,,2023,140
2023-05-22,256,TRUE,TRUE,1.28046429661034,2023,141
2023-05-23,237,TRUE,TRUE,0.970635933451972,2023,142
2023-05-24,182,TRUE,TRUE,0.0737643558882664,2023,143
2023-05-25,168,TRUE,TRUE,-0.154530227491586,2023,144
2023-05-26,199,TRUE,TRUE,0.35097920713523,2023,145
2023-05-27,145,TRUE,TRUE,-0.529585614472772,2023,146
2023-05-28,185,TRUE,TRUE,0.122684623755378,2023,147
2023-05-29,167,TRUE,TRUE,-0.17083698344729,2023,148
2023-05-30,153,TRUE,TRUE,-0.399131566827142,2023,149
2023-05-31,182,TRUE,TRUE,0.0737643558882664,2023,150
2023-06-01,140,TRUE,TRUE,-0.611119394251291,2023,151
2023-06-02,156,TRUE,TRUE,-0.350211298960031,2023,152
2023-06-03,156,TRUE,TRUE,-0.350211298960031,2023,153
2023-06-04,161,TRUE,TRUE,-0.268677519181512,2023,154
2023-06-05,211,TRUE,TRUE,0.546660278603675,2023,155
2023-06-06,177,TRUE,TRUE,-0.00776942389025237,2023,156
2023-06-07,257,TRUE,TRUE,1.29677105256605,2023,157
2023-06-08,323,TRUE,TRUE,2.3730169456425,2023,158
2023-06-09,216,TRUE,TRUE,0.628194058382194,2023,159
2023-06-10,120,TRUE,TRUE,-0.937254513365366,2023,160
2023-06-11,147,TRUE,TRUE,-0.496972102561365,2023,161
2023-06-12,176,TRUE,TRUE,-0.0240761798459561,2023,162
2023-06-13,225,TRUE,TRUE,0.774954861983528,2023,163
2023-06-14,190,TRUE,TRUE,0.204218403533896,2023,164
2023-06-15,165,TRUE,TRUE,-0.203450495358697,2023,165
2023-06-16,224,TRUE,TRUE,0.758648106027824,2023,166
2023-06-17,143,TRUE,TRUE,-0.56219912638418,2023,167
2023-06-18,122,TRUE,TRUE,-0.904641001453959,2023,168
2023-06-19,152,TRUE,TRUE,-0.415438322782846,2023,169
2023-06-20,224,TRUE,TRUE,0.758648106027824,2023,170
2023-06-21,158,TRUE,TRUE,-0.317597787048624,2023,171
2023-06-22,125,TRUE,TRUE,-0.855720733586847,2023,172
2023-06-23,149,TRUE,TRUE,-0.464358590649957,2023,173
2023-06-24,161,TRUE,TRUE,-0.268677519181512,2023,174
2023-06-25,164,TRUE,TRUE,-0.219757251314401,2023,175
2023-06-26,208,TRUE,TRUE,0.497740010736564,2023,176
2023-06-27,148,TRUE,TRUE,-0.480665346605661,2023,177
2023-06-28,182,TRUE,TRUE,0.0737643558882664,2023,178
2023-06-29,206,TRUE,TRUE,0.465126498825156,2023,179
2023-06-30,169,TRUE,TRUE,-0.138223471535882,2023,180
2023-07-01,156,TRUE,TRUE,-0.350211298960031,2023,181
2023-07-02,122,TRUE,TRUE,-0.904641001453959,2023,182
2023-07-03,160,TRUE,TRUE,-0.284984275137216,2023,183
2023-07-04,114,TRUE,TRUE,-1.03509504909959,2023,184
2023-07-05,120,TRUE,TRUE,-0.937254513365366,2023,185
2023-07-06,113,TRUE,TRUE,-1.05140180505529,2023,186
2023-07-07,118,TRUE,TRUE,-0.969868025276774,2023,187
2023-07-08,89,TRUE,TRUE,-1.44276394799218,2023,188
2023-07-09,131,TRUE,TRUE,-0.757880197852625,2023,189
2023-07-10,130,TRUE,TRUE,-0.774186953808329,2023,190
2023-07-11,97,TRUE,TRUE,-1.31230990034655,2023,191
2023-07-12,95,TRUE,TRUE,-1.34492341225796,2023,192
2023-07-13,128,TRUE,TRUE,-0.806800465719736,2023,193
2023-07-14,123,TRUE,TRUE,-0.888334245498255,2023,194
2023-07-15,89,TRUE,TRUE,-1.44276394799218,2023,195
2023-07-16,98,TRUE,TRUE,-1.29600314439085,2023,196
2023-07-17,126,TRUE,TRUE,-0.839413977631143,2023,197
2023-07-18,113,TRUE,TRUE,-1.05140180505529,2023,198
2023-07-19,137,TRUE,TRUE,-0.660039662118402,2023,199
2023-07-20,120,TRUE,TRUE,-0.937254513365366,2023,200
2023-07-21,113,TRUE,TRUE,-1.05140180505529,2023,201
2023-07-22,99,TRUE,TRUE,-1.27969638843514,2023,202
2023-07-23,133,TRUE,TRUE,-0.725266685941217,2023,203
2023-07-24,145,TRUE,TRUE,-0.529585614472772,2023,204
2023-07-25,150,TRUE,TRUE,-0.448051834694254,2023,205
2023-07-26,163,TRUE,TRUE,-0.236064007270105,2023,206
2023-07-27,130,TRUE,TRUE,-0.774186953808329,2023,207
2023-07-28,112,TRUE,TRUE,-1.067708561011,2023,208
2023-07-29,97,TRUE,TRUE,-1.31230990034655,2023,209
2023-07-30,124,TRUE,TRUE,-0.872027489542551,2023,210
2023-07-31,130,TRUE,TRUE,-0.774186953808329,2023,211
2023-08-01,148,TRUE,TRUE,-0.480665346605661,2023,212
2023-08-02,195,TRUE,TRUE,0.285752183312415,2023,213
2023-08-03,211,TRUE,TRUE,0.546660278603675,2023,214
2023-08-04,163,TRUE,TRUE,-0.236064007270105,2023,215
2023-08-05,181,TRUE,TRUE,0.0574575999325626,2023,216
2023-08-06,156,TRUE,TRUE,-0.350211298960031,2023,217
2023-08-07,185,TRUE,TRUE,0.122684623755378,2023,218
2023-08-08,148,TRUE,TRUE,-0.480665346605661,2023,219
2023-08-09,153,TRUE,TRUE,-0.399131566827142,2023,220
2023-08-10,154,TRUE,TRUE,-0.382824810871439,2023,221
2023-08-11,149,TRUE,TRUE,-0.464358590649957,2023,222
2023-08-12,125,TRUE,TRUE,-0.855720733586847,2023,223
2023-08-13,129,TRUE,TRUE,-0.790493709764032,2023,224
2023-08-14,240,TRUE,TRUE,1.01955620131908,2023,225
2023-08-15,491,TRUE,TRUE,5.11255194620073,2023,226
2023-08-16,265,TRUE,TRUE,1.42722510021168,2023,227
2023-08-17,166,TRUE,TRUE,-0.187143739402994,2023,228
2023-08-18,120,TRUE,TRUE,-0.937254513365366,2023,229
2023-08-19,110,TRUE,TRUE,-1.1003220729224,2023,230
2023-08-20,121,TRUE,TRUE,-0.920947757409662,2023,231
2023-08-21,142,TRUE,TRUE,-0.578505882339884,2023,232
2023-08-22,135,TRUE,TRUE,-0.69265317402981,2023,233
2023-08-23,116,TRUE,TRUE,-1.00248153718818,2023,234
2023-08-24,171,TRUE,TRUE,-0.105609959624475,2023,235
2023-08-25,158,TRUE,TRUE,-0.317597787048624,2023,236
2023-08-26,139,TRUE,TRUE,-0.627426150206995,2023,237
2023-08-27,156,TRUE,TRUE,-0.350211298960031,2023,238
2023-08-28,193,TRUE,TRUE,0.253138671401008,2023,239
2023-08-29,140,TRUE,TRUE,-0.611119394251291,2023,240
2023-08-30,138,TRUE,TRUE,-0.643732906162699,2023,241
2023-08-31,151,TRUE,TRUE,-0.43174507873855,2023,242
2023-09-01,152,TRUE,TRUE,-0.415438322782846,2023,243
2023-09-02,168,TRUE,TRUE,-0.154530227491586,2023,244
2023-09-03,226,TRUE,TRUE,0.791261617939231,2023,245
2023-09-04,167,TRUE,TRUE,-0.17083698344729,2023,246
2023-09-05,159,TRUE,TRUE,-0.30129103109292,2023,247
2023-09-06,141,TRUE,TRUE,-0.594812638295587,2023,248
2023-09-07,172,TRUE,TRUE,-0.0893032036687711,2023,249
2023-09-08,324,TRUE,TRUE,2.3893237015982,2023,250
2023-09-09,183,TRUE,TRUE,0.0900711118439701,2023,251
2023-09-10,150,TRUE,TRUE,-0.448051834694254,2023,252
2023-09-11,202,TRUE,TRUE,0.399899475002341,2023,253
2023-09-12,128,TRUE,TRUE,-0.806800465719736,2023,254
2023-09-13,149,TRUE,TRUE,-0.464358590649957,2023,255
2023-09-14,160,TRUE,TRUE,-0.284984275137216,2023,256
2023-09-15,165,TRUE,TRUE,-0.203450495358697,2023,257
2023-09-16,118,TRUE,TRUE,-0.969868025276774,2023,258
2023-09-17,153,TRUE,TRUE,-0.399131566827142,2023,259
2023-09-18,184,TRUE,TRUE,0.106377867799674,2023,260
2023-09-19,117,TRUE,TRUE,-0.986174781232477,2023,261
2023-09-20,154,TRUE,TRUE,-0.382824810871439,2023,262
2023-09-21,129,TRUE,TRUE,-0.790493709764032,2023,263
2023-09-22,133,TRUE,TRUE,-0.725266685941217,2023,264
2023-09-23,138,TRUE,TRUE,-0.643732906162699,2023,265
2023-09-24,129,TRUE,TRUE,-0.790493709764032,2023,266
2023-09-25,180,TRUE,TRUE,0.0411508439768589,2023,267
2023-09-26,187,TRUE,TRUE,0.155298135666785,2023,268
2023-09-27,172,TRUE,TRUE,-0.0893032036687711,2023,269
2023-09-28,171,TRUE,TRUE,-0.105609959624475,2023,270
2023-09-29,168,TRUE,TRUE,-0.154530227491586,2023,271
2023-09-30,161,TRUE,TRUE,-0.268677519181512,2023,272
2023-10-01,144,TRUE,TRUE,-0.545892370428476,2023,273
2023-10-02,258,TRUE,TRUE,1.31307780852175,2023,274
2023-10-03,213,TRUE,TRUE,0.579273790515083,2023,275
2023-10-04,208,TRUE,TRUE,0.497740010736564,2023,276
2023-10-05,146,TRUE,TRUE,-0.513278858517069,2023,277
2023-10-06,146,TRUE,TRUE,-0.513278858517069,2023,278
2023-10-07,139,TRUE,TRUE,-0.627426150206995,2023,279
2023-10-08,154,TRUE,TRUE,-0.382824810871439,2023,280
2023-10-09,193,TRUE,TRUE,0.253138671401008,2023,281
2023-10-10,119,TRUE,TRUE,-0.95356126932107,2023,282
2023-10-11,128,TRUE,TRUE,-0.806800465719736,2023,283
2023-10-12,126,TRUE,TRUE,-0.839413977631143,2023,284
2023-10-13,152,TRUE,TRUE,-0.415438322782846,2023,285
2023-10-14,121,TRUE,TRUE,-0.920947757409662,2023,286
2023-10-15,159,TRUE,TRUE,-0.30129103109292,2023,287
2023-10-16,183,TRUE,TRUE,0.0900711118439701,2023,288
2023-10-17,175,TRUE,TRUE,-0.0403829358016599,2023,289
2023-10-18,199,TRUE,TRUE,0.35097920713523,2023,290
2023-10-19,168,TRUE,TRUE,-0.154530227491586,2023,291
2023-10-20,181,TRUE,TRUE,0.0574575999325626,2023,292
2023-10-21,148,TRUE,TRUE,-0.480665346605661,2023,293
2023-10-22,145,TRUE,TRUE,-0.529585614472772,2023,294
2023-10-23,182,TRUE,TRUE,0.0737643558882664,2023,295
2023-10-24,189,TRUE,TRUE,0.187911647578193,2023,296
2023-10-25,135,TRUE,TRUE,-0.69265317402981,2023,297
2023-10-26,118,TRUE,TRUE,-0.969868025276774,2023,298
2023-10-27,157,TRUE,TRUE,-0.333904543004327,2023,299
2023-10-28,132,TRUE,TRUE,-0.741573441896921,2023,300
2023-10-29,146,TRUE,TRUE,-0.513278858517069,2023,301
2023-10-30,252,TRUE,TRUE,1.21523727278753,2023,302
2023-10-31,196,TRUE,TRUE,0.302058939268119,2023,303
2023-11-01,266,TRUE,TRUE,1.44353185616738,2023,304
2023-11-02,186,TRUE,TRUE,0.138991379711081,2023,305
2023-11-03,141,TRUE,TRUE,-0.594812638295587,2023,306
2023-11-04,122,TRUE,TRUE,-0.904641001453959,2023,307
2023-11-05,145,TRUE,TRUE,-0.529585614472772,2023,308
2023-11-06,146,TRUE,TRUE,-0.513278858517069,2023,309
2023-11-07,130,TRUE,TRUE,-0.774186953808329,2023,310
2023-11-08,167,TRUE,TRUE,-0.17083698344729,2023,311
2023-11-09,177,TRUE,TRUE,-0.00776942389025237,2023,312
2023-11-10,173,TRUE,TRUE,-0.0729964477130674,2023,313
2023-11-11,168,TRUE,TRUE,-0.154530227491586,2023,314
2023-11-12,131,TRUE,TRUE,-0.757880197852625,2023,315
2023-11-13,188,TRUE,TRUE,0.171604891622489,2023,316
2023-11-14,155,TRUE,TRUE,-0.366518054915735,2023,317
2023-11-15,164,TRUE,TRUE,-0.219757251314401,2023,318
2023-11-16,142,TRUE,TRUE,-0.578505882339884,2023,319
2023-11-17,138,TRUE,TRUE,-0.643732906162699,2023,320
2023-11-18,115,TRUE,TRUE,-1.01878829314388,2023,321
2023-11-19,112,TRUE,TRUE,-1.067708561011,2023,322
2023-11-20,187,TRUE,TRUE,0.155298135666785,2023,323
2023-11-21,155,TRUE,TRUE,-0.366518054915735,2023,324
2023-11-22,134,TRUE,TRUE,-0.708959929985514,2023,325
2023-11-23,155,TRUE,TRUE,-0.366518054915735,2023,326
2023-11-24,160,TRUE,TRUE,-0.284984275137216,2023,327
2023-11-25,154,TRUE,TRUE,-0.382824810871439,2023,328
2023-11-26,168,TRUE,TRUE,-0.154530227491586,2023,329
2023-11-27,174,TRUE,TRUE,-0.0566896917573636,2023,330
2023-11-28,170,TRUE,TRUE,-0.121916715580179,2023,331
2023-11-29,197,TRUE,TRUE,0.318365695223823,2023,332
2023-11-30,158,TRUE,TRUE,-0.317597787048624,2023,333
2023-12-01,171,TRUE,TRUE,-0.105609959624475,2023,334
2023-12-02,184,TRUE,TRUE,0.106377867799674,2023,335
2023-12-03,253,TRUE,TRUE,1.23154402874323,2023,336
2023-12-04,187,TRUE,TRUE,0.155298135666785,2023,337
2023-12-05,137,TRUE,TRUE,-0.660039662118402,2023,338
2023-12-06,214,TRUE,TRUE,0.595580546470786,2023,339
2023-12-07,171,TRUE,TRUE,-0.105609959624475,2023,340
2023-12-08,239,TRUE,TRUE,1.00324944536338,2023,341
2023-12-09,174,TRUE,TRUE,-0.0566896917573636,2023,342
2023-12-10,164,TRUE,TRUE,-0.219757251314401,2023,343
2023-12-11,204,TRUE,TRUE,0.432512986913749,2023,344
2023-12-12,132,TRUE,TRUE,-0.741573441896921,2023,345
2023-12-13,171,TRUE,TRUE,-0.105609959624475,2023,346
2023-12-14,152,TRUE,TRUE,-0.415438322782846,2023,347
2023-12-15,170,TRUE,TRUE,-0.121916715580179,2023,348
2023-12-16,144,TRUE,TRUE,-0.545892370428476,2023,349
2023-12-17,183,TRUE,TRUE,0.0900711118439701,2023,350
2023-12-18,306,TRUE,TRUE,2.09580209439553,2023,351
2023-12-19,229,TRUE,TRUE,0.840181885806343,2023,352
2023-12-20,243,TRUE,TRUE,1.0684764691862,2023,353
2023-12-21,240,TRUE,TRUE,1.01955620131908,2023,354
2023-12-22,266,TRUE,TRUE,1.44353185616738,2023,355
2023-12-23,276,TRUE,TRUE,1.60659941572442,2023,356
2023-12-24,412,TRUE,TRUE,3.82431822570013,2023,357
2023-12-25,510,TRUE,TRUE,5.4223803093591,2023,358
2023-12-26,297,TRUE,TRUE,1.9490412907942,2023,359
2023-12-27,178,TRUE,TRUE,0.00853733206545138,2023,360
2023-12-28,121,TRUE,TRUE,-0.920947757409662,2023,361
2023-12-29,122,TRUE,TRUE,-0.904641001453959,2023,362
2023-12-30,139,TRUE,TRUE,-0.627426150206995,2023,363
2023-12-31,147,TRUE,TRUE,-0.496972102561365,2023,364
2024-01-01,150,TRUE,TRUE,-1.15814970491018,2024,0
2024-01-02,151,TRUE,TRUE,-1.14888379106499,2024,1
2024-01-03,125,TRUE,TRUE,-1.38979755103974,2024,2
2024-01-04,171,TRUE,TRUE,-0.963565514161344,2024,3
2024-01-05,146,TRUE,TRUE,-1.19521336029091,2024,4
2024-01-06,295,TRUE,TRUE,0.185407802641284,2024,5
2024-01-07,150,TRUE,TRUE,-1.15814970491018,2024,6
2024-01-08,175,TRUE,TRUE,-0.926501858780614,2024,7
2024-01-09,0,TRUE,FALSE,,2024,8
2024-01-10,0,TRUE,FALSE,,2024,9
2024-01-11,0,TRUE,FALSE,,2024,10
2024-01-12,0,TRUE,FALSE,,2024,11
2024-01-13,0,TRUE,FALSE,,2024,12
2024-01-14,0,TRUE,FALSE,,2024,13
2024-01-15,0,TRUE,FALSE,,2024,14
2024-01-16,0,TRUE,FALSE,,2024,15
2024-01-17,0,TRUE,FALSE,,2024,16
2024-01-18,0,TRUE,FALSE,,2024,17
2024-01-19,0,TRUE,FALSE,,2024,18
2024-01-20,0,TRUE,FALSE,,2024,19
2024-01-21,0,TRUE,FALSE,,2024,20
2024-01-22,0,TRUE,FALSE,,2024,21
2024-01-23,0,TRUE,FALSE,,2024,22
2024-01-24,0,TRUE,FALSE,,2024,23
2024-01-25,0,TRUE,FALSE,,2024,24
2024-01-26,0,TRUE,FALSE,,2024,25
2024-01-27,0,TRUE,FALSE,,2024,26
2024-01-28,0,TRUE,FALSE,,2024,27
2024-01-29,0,TRUE,FALSE,,2024,28
2024-01-30,0,TRUE,FALSE,,2024,29
2024-01-31,0,TRUE,FALSE,,2024,30
2024-02-01,0,TRUE,FALSE,,2024,31
2024-02-02,0,TRUE,FALSE,,2024,32
2024-02-03,0,TRUE,FALSE,,2024,33
2024-02-04,0,TRUE,FALSE,,2024,34
2024-02-05,0,TRUE,FALSE,,2024,35
2024-02-06,0,TRUE,FALSE,,2024,36
2024-02-07,0,TRUE,FALSE,,2024,37
2024-02-08,0,TRUE,FALSE,,2024,38
2024-02-09,0,TRUE,FALSE,,2024,39
2024-02-10,0,TRUE,FALSE,,2024,40
2024-02-11,0,TRUE,FALSE,,2024,41
2024-02-12,0,TRUE,FALSE,,2024,42
2024-02-13,0,TRUE,FALSE,,2024,43
2024-02-14,0,TRUE,FALSE,,2024,44
2024-02-15,0,TRUE,FALSE,,2024,45
2024-02-16,0,TRUE,FALSE,,2024,46
2024-02-17,0,TRUE,FALSE,,2024,47
2024-02-18,0,TRUE,FALSE,,2024,48
2024-02-19,0,TRUE,FALSE,,2024,49
2024-02-20,0,TRUE,FALSE,,2024,50
2024-02-21,0,TRUE,FALSE,,2024,51
2024-02-22,0,TRUE,FALSE,,2024,52
2024-02-23,0,TRUE,FALSE,,2024,53
2024-02-24,0,TRUE,FALSE,,2024,54
2024-02-25,0,TRUE,FALSE,,2024,55
2024-02-26,0,TRUE,FALSE,,2024,56
2024-02-27,0,TRUE,FALSE,,2024,57
2024-02-28,0,TRUE,FALSE,,2024,58
2024-02-29,0,TRUE,FALSE,,2024,59
2024-03-01,0,TRUE,FALSE,,2024,60
2024-03-02,0,TRUE,FALSE,,2024,61
2024-03-03,0,TRUE,FALSE,,2024,62
2024-03-04,0,TRUE,FALSE,,2024,63
2024-03-05,0,TRUE,FALSE,,2024,64
2024-03-06,0,TRUE,FALSE,,2024,65
2024-03-07,0,TRUE,FALSE,,2024,66
2024-03-08,0,TRUE,FALSE,,2024,67
2024-03-09,0,TRUE,FALSE,,2024,68
2024-03-10,0,TRUE,FALSE,,2024,69
2024-03-11,0,TRUE,FALSE,,2024,70
2024-03-12,0,TRUE,FALSE,,2024,71
2024-03-13,0,TRUE,FALSE,,2024,72
2024-03-14,0,TRUE,FALSE,,2024,73
2024-03-15,0,TRUE,FALSE,,2024,74
2024-03-16,0,TRUE,FALSE,,2024,75
2024-03-17,0,TRUE,FALSE,,2024,76
2024-03-18,0,TRUE,FALSE,,2024,77
2024-03-19,0,TRUE,FALSE,,2024,78
2024-03-20,0,TRUE,FALSE,,2024,79
2024-03-21,0,TRUE,FALSE,,2024,80
2024-03-22,0,TRUE,FALSE,,2024,81
2024-03-23,0,TRUE,FALSE,,2024,82
2024-03-24,0,TRUE,FALSE,,2024,83
2024-03-25,0,TRUE,FALSE,,2024,84
2024-03-26,0,TRUE,FALSE,,2024,85
2024-03-27,0,TRUE,FALSE,,2024,86
2024-03-28,0,TRUE,FALSE,,2024,87
2024-03-29,0,TRUE,FALSE,,2024,88
2024-03-30,0,TRUE,FALSE,,2024,89
2024-03-31,0,TRUE,FALSE,,2024,90
2024-04-01,0,TRUE,FALSE,,2024,91
2024-04-02,0,TRUE,FALSE,,2024,92
2024-04-03,0,TRUE,FALSE,,2024,93
2024-04-04,0,TRUE,FALSE,,2024,94
2024-04-05,0,TRUE,FALSE,,2024,95
2024-04-06,0,TRUE,FALSE,,2024,96
2024-04-07,0,TRUE,FALSE,,2024,97
2024-04-08,0,TRUE,FALSE,,2024,98
2024-04-09,0,TRUE,FALSE,,2024,99
2024-04-10,0,TRUE,FALSE,,2024,100
2024-04-11,0,TRUE,FALSE,,2024,101
2024-04-12,0,TRUE,FALSE,,2024,102
2024-04-13,0,TRUE,FALSE,,2024,103
2024-04-14,0,TRUE,FALSE,,2024,104
2024-04-15,0,TRUE,FALSE,,2024,105
2024-04-16,0,TRUE,FALSE,,2024,106
2024-04-17,0,TRUE,FALSE,,2024,107
2024-04-18,0,TRUE,FALSE,,2024,108
2024-04-19,0,TRUE,FALSE,,2024,109
2024-04-20,0,TRUE,FALSE,,2024,110
2024-04-21,0,TRUE,FALSE,,2024,111
2024-04-22,0,TRUE,FALSE,,2024,112
2024-04-23,0,TRUE,FALSE,,2024,113
2024-04-24,0,TRUE,FALSE,,2024,114
2024-04-25,0,TRUE,FALSE,,2024,115
2024-04-26,0,TRUE,FALSE,,2024,116
2024-04-27,0,TRUE,FALSE,,2024,117
2024-04-28,0,TRUE,FALSE,,2024,118
2024-04-29,0,TRUE,FALSE,,2024,119
2024-04-30,0,TRUE,FALSE,,2024,120
2024-05-01,0,TRUE,FALSE,,2024,121
2024-05-02,0,TRUE,FALSE,,2024,122
2024-05-03,0,TRUE,FALSE,,2024,123
2024-05-04,0,TRUE,FALSE,,2024,124
2024-05-05,0,TRUE,FALSE,,2024,125
2024-05-06,0,TRUE,FALSE,,2024,126
2024-05-07,0,TRUE,FALSE,,2024,127
2024-05-08,0,TRUE,FALSE,,2024,128
2024-05-09,0,TRUE,FALSE,,2024,129
2024-05-10,0,TRUE,FALSE,,2024,130
2024-05-11,0,TRUE,FALSE,,2024,131
2024-05-12,0,TRUE,FALSE,,2024,132
2024-05-13,0,TRUE,FALSE,,2024,133
2024-05-14,0,TRUE,FALSE,,2024,134
2024-05-15,0,TRUE,FALSE,,2024,135
2024-05-16,0,TRUE,FALSE,,2024,136
2024-05-17,0,TRUE,FALSE,,2024,137
2024-05-18,0,TRUE,FALSE,,2024,138
2024-05-19,0,TRUE,FALSE,,2024,139
2024-05-20,0,TRUE,FALSE,,2024,140
2024-05-21,0,TRUE,FALSE,,2024,141
2024-05-22,0,TRUE,FALSE,,2024,142
2024-05-23,0,TRUE,FALSE,,2024,143
2024-05-24,0,TRUE,FALSE,,2024,144
2024-05-25,0,TRUE,FALSE,,2024,145
2024-05-26,0,TRUE,FALSE,,2024,146
2024-05-27,0,TRUE,FALSE,,2024,147
2024-05-28,0,TRUE,FALSE,,2024,148
2024-05-29,0,TRUE,FALSE,,2024,149
2024-05-30,0,TRUE,FALSE,,2024,150
2024-05-31,0,TRUE,FALSE,,2024,151
2024-06-01,144,TRUE,TRUE,-1.21374518798127,2024,152
2024-06-02,132,TRUE,TRUE,-1.32493615412346,2024,153
2024-06-03,209,TRUE,TRUE,-0.61146078804441,2024,154
2024-06-04,166,TRUE,TRUE,-1.00989508338726,2024,155
2024-06-05,267,TRUE,TRUE,-0.0740377850238255,2024,156
2024-06-06,216,TRUE,TRUE,-0.546599391128132,2024,157
2024-06-07,254,TRUE,TRUE,-0.194494665011198,2024,158
2024-06-08,192,TRUE,TRUE,-0.768981323412512,2024,159
2024-06-09,142,TRUE,TRUE,-1.23227701567164,2024,160
2024-06-10,222,TRUE,TRUE,-0.491003908057038,2024,161
2024-06-11,176,TRUE,TRUE,-0.917235944935432,2024,162
2024-06-12,169,TRUE,TRUE,-0.982097341851709,2024,163
2024-06-13,200,TRUE,TRUE,-0.694854012651052,2024,164
2024-06-14,182,TRUE,TRUE,-0.861640461864337,2024,165
2024-06-15,138,TRUE,TRUE,-1.26934067105237,2024,166
2024-06-16,108,TRUE,TRUE,-1.54731808640784,2024,167
2024-06-17,208,TRUE,TRUE,-0.620726701889592,2024,168
2024-06-18,181,TRUE,TRUE,-0.870906375709519,2024,169
2024-06-19,151,TRUE,TRUE,-1.14888379106499,2024,170
2024-06-20,206,TRUE,TRUE,-0.639258529579957,2024,171
2024-06-21,169,TRUE,TRUE,-0.982097341851709,2024,172
2024-06-22,125,TRUE,TRUE,-1.38979755103974,2024,173
2024-06-23,153,TRUE,TRUE,-1.13035196337463,2024,174
2024-06-24,199,TRUE,TRUE,-0.704119926496235,2024,175
2024-06-25,164,TRUE,TRUE,-1.02842691107762,2024,176
2024-06-26,169,TRUE,TRUE,-0.982097341851709,2024,177
2024-06-27,146,TRUE,TRUE,-1.19521336029091,2024,178
2024-06-28,211,TRUE,TRUE,-0.592928960354045,2024,179
2024-06-29,191,TRUE,TRUE,-0.778247237257695,2024,180
2024-06-30,157,TRUE,TRUE,-1.0932883079939,2024,181
2024-07-01,320,TRUE,TRUE,0.417055648770846,2024,182
2024-07-02,336,TRUE,TRUE,0.565310270293766,2024,183
2024-07-03,409,TRUE,TRUE,1.24172198099209,2024,184
2024-07-04,359,TRUE,TRUE,0.778426288732964,2024,185
2024-07-05,296,TRUE,TRUE,0.194673716486467,2024,186
2024-07-06,240,TRUE,TRUE,-0.324217458843753,2024,187
2024-07-07,254,TRUE,TRUE,-0.194494665011198,2024,188
2024-07-08,261,TRUE,TRUE,-0.12963326809492,2024,189
2024-07-09,247,TRUE,TRUE,-0.259356061927475,2024,190
2024-07-10,273,TRUE,TRUE,-0.0184423019527305,2024,191
2024-07-11,203,TRUE,TRUE,-0.667056271115505,2024,192
2024-07-12,223,TRUE,TRUE,-0.481737994211855,2024,193
2024-07-13,240,TRUE,TRUE,-0.324217458843753,2024,194
2024-07-14,196,TRUE,TRUE,-0.731917668031782,2024,195
2024-07-15,245,TRUE,TRUE,-0.27788788961784,2024,196
2024-07-16,237,TRUE,TRUE,-0.3520152003793,2024,197
2024-07-17,227,TRUE,TRUE,-0.444674338831125,2024,198
2024-07-18,194,TRUE,TRUE,-0.750449495722147,2024,199
2024-07-19,200,TRUE,TRUE,-0.694854012651052,2024,200
2024-07-20,174,TRUE,TRUE,-0.935767772625797,2024,201
2024-07-21,181,TRUE,TRUE,-0.870906375709519,2024,202
2024-07-22,252,TRUE,TRUE,-0.213026492701563,2024,203
2024-07-23,209,TRUE,TRUE,-0.61146078804441,2024,204
2024-07-24,207,TRUE,TRUE,-0.629992615734775,2024,205
2024-07-25,204,TRUE,TRUE,-0.657790357270322,2024,206
2024-07-26,224,TRUE,TRUE,-0.472472080366673,2024,207
2024-07-27,191,TRUE,TRUE,-0.778247237257695,2024,208
2024-07-28,292,TRUE,TRUE,0.157610061105737,2024,209
2024-07-29,308,TRUE,TRUE,0.305864682628657,2024,210
2024-07-30,260,TRUE,TRUE,-0.138899181940103,2024,211
2024-07-31,205,TRUE,TRUE,-0.64852444342514,2024,212
2024-08-01,219,TRUE,TRUE,-0.518801649592585,2024,213
2024-08-02,265,TRUE,TRUE,-0.0925696127141905,2024,214
2024-08-03,271,TRUE,TRUE,-0.0369741296430955,2024,215
2024-08-04,230,TRUE,TRUE,-0.416876597295578,2024,216
2024-08-05,246,TRUE,TRUE,-0.268621975772658,2024,217
2024-08-06,284,TRUE,TRUE,0.0834827503442768,2024,218
2024-08-07,264,TRUE,TRUE,-0.101835526559373,2024,219
2024-08-08,242,TRUE,TRUE,-0.305685631153388,2024,220
2024-08-09,256,TRUE,TRUE,-0.175962837320833,2024,221
2024-08-10,191,TRUE,TRUE,-0.778247237257695,2024,222
2024-08-11,185,TRUE,TRUE,-0.833842720328789,2024,223
2024-08-12,303,TRUE,TRUE,0.259535113402744,2024,224
2024-08-13,264,TRUE,TRUE,-0.101835526559373,2024,225
2024-08-14,347,TRUE,TRUE,0.667235322590774,2024,226
2024-08-15,806,TRUE,TRUE,4.92028977752954,2024,227
2024-08-16,322,TRUE,TRUE,0.435587476461211,2024,228
2024-08-17,205,TRUE,TRUE,-0.64852444342514,2024,229
2024-08-18,262,TRUE,TRUE,-0.120367354249738,2024,230
2024-08-19,289,TRUE,TRUE,0.129812319570189,2024,231
2024-08-20,262,TRUE,TRUE,-0.120367354249738,2024,232
2024-08-21,277,TRUE,TRUE,0.0186213534279994,2024,233
2024-08-22,277,TRUE,TRUE,0.0186213534279994,2024,234
2024-08-23,254,TRUE,TRUE,-0.194494665011198,2024,235
2024-08-24,230,TRUE,TRUE,-0.416876597295578,2024,236
2024-08-25,229,TRUE,TRUE,-0.42614251114076,2024,237
2024-08-26,244,TRUE,TRUE,-0.287153803463023,2024,238
2024-08-27,214,TRUE,TRUE,-0.565131218818497,2024,239
2024-08-28,199,TRUE,TRUE,-0.704119926496235,2024,240
2024-08-29,255,TRUE,TRUE,-0.185228751166015,2024,241
2024-08-30,204,TRUE,TRUE,-0.657790357270322,2024,242
2024-08-31,175,TRUE,TRUE,-0.926501858780614,2024,243
2024-09-01,248,TRUE,TRUE,-0.250090148082293,2024,244
2024-09-02,309,TRUE,TRUE,0.315130596473839,2024,245
2024-09-03,269,TRUE,TRUE,-0.0555059573334605,2024,246
2024-09-04,219,TRUE,TRUE,-0.518801649592585,2024,247
2024-09-05,243,TRUE,TRUE,-0.296419717308205,2024,248
2024-09-06,279,TRUE,TRUE,0.0371531811183644,2024,249
2024-09-07,286,TRUE,TRUE,0.102014578034642,2024,250
2024-09-08,343,TRUE,TRUE,0.630171667210044,2024,251
2024-09-09,363,TRUE,TRUE,0.815489944113693,2024,252
2024-09-10,272,TRUE,TRUE,-0.027708215797913,2024,253
2024-09-11,254,TRUE,TRUE,-0.194494665011198,2024,254
2024-09-12,329,TRUE,TRUE,0.500448873377489,2024,255
2024-09-13,332,TRUE,TRUE,0.528246614913036,2024,256
2024-09-14,253,TRUE,TRUE,-0.20376057885638,2024,257
2024-09-15,241,TRUE,TRUE,-0.31495154499857,2024,258
2024-09-16,0,TRUE,FALSE,,2024,259
2024-09-17,0,TRUE,FALSE,,2024,260
2024-09-18,0,TRUE,FALSE,,2024,261
2024-09-19,0,TRUE,FALSE,,2024,262
2024-09-20,0,TRUE,FALSE,,2024,263
2024-09-21,0,TRUE,FALSE,,2024,264
2024-09-22,0,TRUE,FALSE,,2024,265
2024-09-23,0,TRUE,FALSE,,2024,266
2024-09-24,0,TRUE,FALSE,,2024,267
2024-09-25,0,TRUE,FALSE,,2024,268
2024-09-26,0,TRUE,FALSE,,2024,269
2024-09-27,0,TRUE,FALSE,,2024,270
2024-09-28,0,TRUE,FALSE,,2024,271
2024-09-29,0,TRUE,FALSE,,2024,272
2024-09-30,0,TRUE,FALSE,,2024,273
2024-10-01,297,TRUE,TRUE,0.203939630331649,2024,274
2024-10-02,307,TRUE,TRUE,0.296598768783474,2024,275
2024-10-03,286,TRUE,TRUE,0.102014578034642,2024,276
2024-10-04,346,TRUE,TRUE,0.657969408745591,2024,277
2024-10-05,222,TRUE,TRUE,-0.491003908057038,2024,278
2024-10-06,318,TRUE,TRUE,0.398523821080481,2024,279
2024-10-07,381,TRUE,TRUE,0.982276393326978,2024,280
2024-10-08,236,TRUE,TRUE,-0.361281114224483,2024,281
2024-10-09,215,TRUE,TRUE,-0.555865304973315,2024,282
2024-10-10,232,TRUE,TRUE,-0.398344769605213,2024,283
2024-10-11,271,TRUE,TRUE,-0.0369741296430955,2024,284
2024-10-12,211,TRUE,TRUE,-0.592928960354045,2024,285
2024-10-13,174,TRUE,TRUE,-0.935767772625797,2024,286
2024-10-14,245,TRUE,TRUE,-0.27788788961784,2024,287
2024-10-15,223,TRUE,TRUE,-0.481737994211855,2024,288
2024-10-16,208,TRUE,TRUE,-0.620726701889592,2024,289
2024-10-17,295,TRUE,TRUE,0.185407802641284,2024,290
2024-10-18,236,TRUE,TRUE,-0.361281114224483,2024,291
2024-10-19,198,TRUE,TRUE,-0.713385840341417,2024,292
2024-10-20,219,TRUE,TRUE,-0.518801649592585,2024,293
2024-10-21,258,TRUE,TRUE,-0.157431009630468,2024,294
2024-10-22,221,TRUE,TRUE,-0.50026982190222,2024,295
2024-10-23,216,TRUE,TRUE,-0.546599391128132,2024,296
2024-10-24,228,TRUE,TRUE,-0.435408424985943,2024,297
2024-10-25,218,TRUE,TRUE,-0.528067563437767,2024,298
2024-10-26,251,TRUE,TRUE,-0.222292406546745,2024,299
2024-10-27,214,TRUE,TRUE,-0.565131218818497,2024,300
2024-10-28,295,TRUE,TRUE,0.185407802641284,2024,301
2024-10-29,285,TRUE,TRUE,0.0927486641894593,2024,302
2024-10-30,370,TRUE,TRUE,0.880351341029971,2024,303
2024-10-31,337,TRUE,TRUE,0.574576184138949,2024,304
2024-11-01,461,TRUE,TRUE,1.72354950094158,2024,305
2024-11-02,218,TRUE,TRUE,-0.528067563437767,2024,306
2024-11-03,223,TRUE,TRUE,-0.481737994211855,2024,307
2024-11-04,253,TRUE,TRUE,-0.20376057885638,2024,308
2024-11-05,276,TRUE,TRUE,0.00935543958281692,2024,309
2024-11-06,281,TRUE,TRUE,0.0556850088087294,2024,310
2024-11-07,276,TRUE,TRUE,0.00935543958281692,2024,311
2024-11-08,263,TRUE,TRUE,-0.111101440404555,2024,312
2024-11-09,216,TRUE,TRUE,-0.546599391128132,2024,313
2024-11-10,277,TRUE,TRUE,0.0186213534279994,2024,314
2024-11-11,382,TRUE,TRUE,0.991542307172161,2024,315
2024-11-12,349,TRUE,TRUE,0.685767150281139,2024,316
2024-11-13,299,TRUE,TRUE,0.222471458022014,2024,317
2024-11-14,291,TRUE,TRUE,0.148344147260554,2024,318
2024-11-15,327,TRUE,TRUE,0.481917045687124,2024,319
2024-11-16,210,TRUE,TRUE,-0.602194874199227,2024,320
2024-11-17,282,TRUE,TRUE,0.0649509226539119,2024,321
2024-11-18,314,TRUE,TRUE,0.361460165699751,2024,322
2024-11-19,287,TRUE,TRUE,0.111280491879824,2024,323
2024-11-20,361,TRUE,TRUE,0.796958116423329,2024,324
2024-11-21,394,TRUE,TRUE,1.10273327331435,2024,325
2024-11-22,295,TRUE,TRUE,0.185407802641284,2024,326
2024-11-23,248,TRUE,TRUE,-0.250090148082293,2024,327
2024-11-24,257,TRUE,TRUE,-0.16669692347565,2024,328
2024-11-25,367,TRUE,TRUE,0.852553599494423,2024,329
2024-11-26,368,TRUE,TRUE,0.861819513339606,2024,330
2024-11-27,357,TRUE,TRUE,0.759894461042599,2024,331
2024-11-28,337,TRUE,TRUE,0.574576184138949,2024,332
2024-11-29,330,TRUE,TRUE,0.509714787222671,2024,333
2024-11-30,337,TRUE,TRUE,0.574576184138949,2024,334
2024-12-01,564,TRUE,TRUE,2.67793862699537,2024,335
2024-12-02,453,TRUE,TRUE,1.64942219018012,2024,336
2024-12-03,390,TRUE,TRUE,1.06566961793362,2024,337
2024-12-04,386,TRUE,TRUE,1.02860596255289,2024,338
2024-12-05,381,TRUE,TRUE,0.982276393326978,2024,339
2024-12-06,396,TRUE,TRUE,1.12126510100472,2024,340
2024-12-07,338,TRUE,TRUE,0.583842097984131,2024,341
2024-12-08,340,TRUE,TRUE,0.602373925674496,2024,342
2024-12-09,375,TRUE,TRUE,0.926680910255883,2024,343
2024-12-10,373,TRUE,TRUE,0.908149082565518,2024,344
2024-12-11,328,TRUE,TRUE,0.491182959532306,2024,345
2024-12-12,369,TRUE,TRUE,0.871085427184788,2024,346
2024-12-13,357,TRUE,TRUE,0.759894461042599,2024,347
2024-12-14,374,TRUE,TRUE,0.917414996410701,2024,348
2024-12-15,416,TRUE,TRUE,1.30658337790837,2024,349
2024-12-16,438,TRUE,TRUE,1.51043348250238,2024,350
2024-12-17,368,TRUE,TRUE,0.861819513339606,2024,351
2024-12-18,365,TRUE,TRUE,0.834021771804058,2024,352
2024-12-19,461,TRUE,TRUE,1.72354950094158,2024,353
2024-12-20,441,TRUE,TRUE,1.53823122403793,2024,354
2024-12-21,305,TRUE,TRUE,0.278066941093109,2024,355
2024-12-22,349,TRUE,TRUE,0.685767150281139,2024,356
2024-12-23,474,TRUE,TRUE,1.84400638092895,2024,357
2024-12-24,716,TRUE,TRUE,4.08635753146311,2024,358
2024-12-25,1050,TRUE,TRUE,7.18117275575406,2024,359
2024-12-26,478,TRUE,TRUE,1.88107003630968,2024,360
2024-12-27,403,TRUE,TRUE,1.18612649792099,2024,361
2024-12-28,357,TRUE,TRUE,0.759894461042599,2024,362
2024-12-29,338,TRUE,TRUE,0.583842097984131,2024,363
2024-12-30,267,TRUE,TRUE,-0.0740377850238255,2024,364
2024-12-31,236,TRUE,TRUE,-0.361281114224483,2024,365
2025-01-01,205,TRUE,TRUE,-0.726567062640897,2025,0
2025-01-02,246,TRUE,TRUE,-0.526990291850778,2025,1
2025-01-03,308,TRUE,TRUE,-0.225191272607182,2025,2
2025-01-04,259,TRUE,TRUE,-0.463709852331959,2025,3
2025-01-05,238,TRUE,TRUE,-0.565932100785435,2025,4
2025-01-06,557,TRUE,TRUE,0.986872530484031,2025,5
2025-01-07,466,TRUE,TRUE,0.543909453852303,2025,6
2025-01-08,313,TRUE,TRUE,-0.200852642023021,2025,7
2025-01-09,294,TRUE,TRUE,-0.293339438242833,2025,8
2025-01-10,269,TRUE,TRUE,-0.415032591163637,2025,9
2025-01-11,196,TRUE,TRUE,-0.770376597692387,2025,10
2025-01-12,196,TRUE,TRUE,-0.770376597692387,2025,11
2025-01-13,243,TRUE,TRUE,-0.541593470201274,2025,12
2025-01-14,405,TRUE,TRUE,0.246978160725539,2025,13
2025-01-15,260,TRUE,TRUE,-0.458842126215127,2025,14
2025-01-16,283,TRUE,TRUE,-0.346884425527987,2025,15
2025-01-17,273,TRUE,TRUE,-0.395561686696309,2025,16
2025-01-18,191,TRUE,TRUE,-0.794715228276548,2025,17
2025-01-19,243,TRUE,TRUE,-0.541593470201274,2025,18
2025-01-20,318,TRUE,TRUE,-0.17651401143886,2025,19
2025-01-21,113,TRUE,TRUE,-1.17439786538946,2025,20
2025-01-22,146,TRUE,TRUE,-1.013762903534,2025,21
2025-01-23,163,TRUE,TRUE,-0.931011559547849,2025,22
2025-01-24,134,TRUE,TRUE,-1.07217561693598,2025,23
2025-01-25,101,TRUE,TRUE,-1.23281057879144,2025,24
2025-01-26,128,TRUE,TRUE,-1.10138197363698,2025,25
2025-01-27,150,TRUE,TRUE,-0.994291999066667,2025,26
2025-01-28,279,TRUE,TRUE,-0.366355329995316,2025,27
2025-01-29,304,TRUE,TRUE,-0.244662177074511,2025,28
2025-01-30,287,TRUE,TRUE,-0.327413521060658,2025,29
2025-01-31,262,TRUE,TRUE,-0.449106673981463,2025,30
2025-02-01,310,TRUE,TRUE,-0.215455820373518,2025,31
2025-02-02,376,TRUE,TRUE,0.105814103337406,2025,32
2025-02-03,423,TRUE,TRUE,0.334597230828519,2025,33
2025-02-04,317,TRUE,TRUE,-0.181381737555693,2025,34
2025-02-05,286,TRUE,TRUE,-0.33228124717749,2025,35
2025-02-06,314,TRUE,TRUE,-0.195984915906189,2025,36
2025-02-07,332,TRUE,TRUE,-0.10836584580321,2025,37
2025-02-08,245,TRUE,TRUE,-0.53185801796761,2025,38
2025-02-09,337,TRUE,TRUE,-0.084027215219049,2025,39
2025-02-10,567,TRUE,TRUE,1.03554979165235,2025,40
2025-02-11,381,TRUE,TRUE,0.130152733921567,2025,41
2025-02-12,282,TRUE,TRUE,-0.351752151644819,2025,42
2025-02-13,253,TRUE,TRUE,-0.492916209032952,2025,43
2025-02-14,363,TRUE,TRUE,0.0425336638185878,2025,44
2025-02-15,262,TRUE,TRUE,-0.449106673981463,2025,45
2025-02-16,251,TRUE,TRUE,-0.502651661266617,2025,46
2025-02-17,343,TRUE,TRUE,-0.0548208585180559,2025,47
2025-02-18,364,TRUE,TRUE,0.04740138993542,2025,48
2025-02-19,406,TRUE,TRUE,0.251845886842372,2025,49
2025-02-20,469,TRUE,TRUE,0.558512632202799,2025,50
2025-02-21,361,TRUE,TRUE,0.0327982115849234,2025,51
2025-02-22,322,TRUE,TRUE,-0.157043106971532,2025,52
2025-02-23,349,TRUE,TRUE,-0.0256145018170628,2025,53
2025-02-24,417,TRUE,TRUE,0.305390874127526,2025,54
2025-02-25,458,TRUE,TRUE,0.504967644917645,2025,55
2025-02-26,386,TRUE,TRUE,0.154491364505728,2025,56
2025-02-27,333,TRUE,TRUE,-0.103498119686378,2025,57
2025-02-28,392,TRUE,TRUE,0.183697721206721,2025,58
2025-03-01,314,TRUE,TRUE,-0.195984915906189,2025,59
2025-03-02,339,TRUE,TRUE,-0.0742917629853846,2025,60
2025-03-03,379,TRUE,TRUE,0.120417281687903,2025,61
2025-03-04,377,TRUE,TRUE,0.110681829454238,2025,62
2025-03-05,579,TRUE,TRUE,1.09396250505434,2025,63
2025-03-06,470,TRUE,TRUE,0.563380358319631,2025,64
2025-03-07,338,TRUE,TRUE,-0.0791594891022168,2025,65
2025-03-08,284,TRUE,TRUE,-0.342016699411155,2025,66
2025-03-09,344,TRUE,TRUE,-0.0499531324012237,2025,67
2025-03-10,447,TRUE,TRUE,0.451422657632491,2025,68
2025-03-11,400,TRUE,TRUE,0.222639530141379,2025,69
2025-03-12,369,TRUE,TRUE,0.0717400205195809,2025,70
2025-03-13,364,TRUE,TRUE,0.04740138993542,2025,71
2025-03-14,344,TRUE,TRUE,-0.0499531324012237,2025,72
2025-03-15,283,TRUE,TRUE,-0.346884425527987,2025,73
2025-03-16,326,TRUE,TRUE,-0.137572202504203,2025,74
2025-03-17,432,TRUE,TRUE,0.378406765880008,2025,75
2025-03-18,388,TRUE,TRUE,0.164226816739392,2025,76
2025-03-19,454,TRUE,TRUE,0.485496740450317,2025,77
2025-03-20,321,TRUE,TRUE,-0.161910833088364,2025,78
2025-03-21,383,TRUE,TRUE,0.139888186155231,2025,79
2025-03-22,406,TRUE,TRUE,0.251845886842372,2025,80
2025-03-23,379,TRUE,TRUE,0.120417281687903,2025,81
2025-03-24,398,TRUE,TRUE,0.212904077907714,2025,82
2025-03-25,378,TRUE,TRUE,0.115549555571071,2025,83
2025-03-26,354,TRUE,TRUE,-0.00127587123290186,2025,84
2025-03-27,316,TRUE,TRUE,-0.186249463672525,2025,85
2025-03-28,213,TRUE,TRUE,-0.68762525370624,2025,86
2025-03-29,106,TRUE,TRUE,-1.20847194820728,2025,87
2025-03-30,121,TRUE,TRUE,-1.1354560564548,2025,88
2025-03-31,178,TRUE,TRUE,-0.857995667795366,2025,89
2025-04-01,158,TRUE,TRUE,-0.95535019013201,2025,90
2025-04-02,143,TRUE,TRUE,-1.02836608188449,2025,91
2025-04-03,177,TRUE,TRUE,-0.862863393912198,2025,92
2025-04-04,144,TRUE,TRUE,-1.02349835576766,2025,93
2025-04-05,120,TRUE,TRUE,-1.14032378257163,2025,94
2025-04-06,133,TRUE,TRUE,-1.07704334305281,2025,95
2025-04-07,167,TRUE,TRUE,-0.91154065508052,2025,96
2025-04-08,161,TRUE,TRUE,-0.940747011781513,2025,97
2025-04-09,148,TRUE,TRUE,-1.00402745130033,2025,98
2025-04-10,229,TRUE,TRUE,-0.609741635836925,2025,99
2025-04-11,386,TRUE,TRUE,0.154491364505728,2025,100
2025-04-12,334,TRUE,TRUE,-0.0986303935695455,2025,101
2025-04-13,657,TRUE,TRUE,1.47364514216725,2025,102
2025-04-14,407,TRUE,TRUE,0.256713612959204,2025,103
2025-04-15,395,TRUE,TRUE,0.198300899557218,2025,104
2025-04-16,473,TRUE,TRUE,0.577983536670128,2025,105
2025-04-17,597,TRUE,TRUE,1.18158157515732,2025,106
2025-04-18,822,TRUE,TRUE,2.27681995144456,2025,107
2025-04-19,801,TRUE,TRUE,2.17459770299108,2025,108
2025-04-20,1065,TRUE,TRUE,3.45967739783478,2025,109
2025-04-21,2825,TRUE,TRUE,12.0268753634594,2025,110
2025-04-22,1549,TRUE,TRUE,5.81565683838156,2025,111
2025-04-23,1045,TRUE,TRUE,3.36232287549814,2025,112
2025-04-24,835,TRUE,TRUE,2.34010039096338,2025,113
2025-04-25,809,TRUE,TRUE,2.21353951192574,2025,114
2025-04-26,1320,TRUE,TRUE,4.70094755762699,2025,115
2025-04-27,606,TRUE,TRUE,1.22539111020881,2025,116
2025-04-28,368,TRUE,TRUE,0.0668722944027487,2025,117
2025-04-29,226,TRUE,TRUE,-0.624344814187421,2025,118
2025-04-30,227,TRUE,TRUE,-0.619477088070589,2025,119
2025-05-01,180,TRUE,TRUE,-0.848260215561702,2025,120
2025-05-02,199,TRUE,TRUE,-0.75577341934189,2025,121
2025-05-03,161,TRUE,TRUE,-0.940747011781513,2025,122
2025-05-04,158,TRUE,TRUE,-0.95535019013201,2025,123
2025-05-05,235,TRUE,TRUE,-0.580535279135932,2025,124
2025-05-06,217,TRUE,TRUE,-0.668154349238911,2025,125
2025-05-07,411,TRUE,TRUE,0.276184517426533,2025,126
2025-05-08,860,TRUE,TRUE,2.46179354388418,2025,127
2025-05-09,574,TRUE,TRUE,1.06962387447018,2025,128
2025-05-10,275,TRUE,TRUE,-0.385826234462644,2025,129
2025-05-11,348,TRUE,TRUE,-0.030482227933895,2025,130
2025-05-12,510,TRUE,TRUE,0.758089402992919,2025,131
2025-05-13,422,TRUE,TRUE,0.329729504711687,2025,132
2025-05-14,399,TRUE,TRUE,0.217771804024546,2025,133
2025-05-15,320,TRUE,TRUE,-0.166778559205196,2025,134
2025-05-16,325,TRUE,TRUE,-0.142439928621035,2025,135
2025-05-17,321,TRUE,TRUE,-0.161910833088364,2025,136
2025-05-18,604,TRUE,TRUE,1.21565565797514,2025,137
2025-05-19,334,TRUE,TRUE,-0.0986303935695455,2025,138
2025-05-20,325,TRUE,TRUE,-0.142439928621035,2025,139
2025-05-21,339,TRUE,TRUE,-0.0742917629853846,2025,140
2025-05-22,290,TRUE,TRUE,-0.312810342710162,2025,141
2025-05-23,343,TRUE,TRUE,-0.0548208585180559,2025,142
2025-05-24,251,TRUE,TRUE,-0.502651661266617,2025,143
2025-05-25,283,TRUE,TRUE,-0.346884425527987,2025,144
2025-05-26,326,TRUE,TRUE,-0.137572202504203,2025,145
2025-05-27,338,TRUE,TRUE,-0.0791594891022168,2025,146
2025-05-28,325,TRUE,TRUE,-0.142439928621035,2025,147
2025-05-29,325,TRUE,TRUE,-0.142439928621035,2025,148
2025-05-30,303,TRUE,TRUE,-0.249529903191343,2025,149
2025-05-31,264,TRUE,TRUE,-0.439371221747798,2025,150
2025-06-01,272,TRUE,TRUE,-0.400429412813141,2025,151
2025-06-02,288,TRUE,TRUE,-0.322545794943826,2025,152
2025-06-03,281,TRUE,TRUE,-0.356619877761651,2025,153
2025-06-04,357,TRUE,TRUE,0.0133273071175947,2025,154
2025-06-05,383,TRUE,TRUE,0.139888186155231,2025,155
2025-06-06,293,TRUE,TRUE,-0.298207164359665,2025,156
2025-06-07,286,TRUE,TRUE,-0.33228124717749,2025,157
2025-06-08,430,TRUE,TRUE,0.368671313646344,2025,158
2025-06-09,347,TRUE,TRUE,-0.0353499540507271,2025,159
2025-06-10,329,TRUE,TRUE,-0.122969024153706,2025,160
2025-06-11,301,TRUE,TRUE,-0.259265355425008,2025,161
2025-06-12,302,TRUE,TRUE,-0.254397629308175,2025,162
2025-06-13,467,TRUE,TRUE,0.548777179969135,2025,163
2025-06-14,269,TRUE,TRUE,-0.415032591163637,2025,164
2025-06-15,292,TRUE,TRUE,-0.303074890476497,2025,165
2025-06-16,319,TRUE,TRUE,-0.171646285322028,2025,166
2025-06-17,274,TRUE,TRUE,-0.390693960579477,2025,167
2025-06-18,306,TRUE,TRUE,-0.234926724840847,2025,168
2025-06-19,549,TRUE,TRUE,0.947930721549374,2025,169
2025-06-20,369,TRUE,TRUE,0.0717400205195809,2025,170
2025-06-21,254,TRUE,TRUE,-0.48804848291612,2025,171
2025-06-22,296,TRUE,TRUE,-0.283603986009168,2025,172
2025-06-23,331,TRUE,TRUE,-0.113233571920042,2025,173
2025-06-24,363,TRUE,TRUE,0.0425336638185878,2025,174
2025-06-25,390,TRUE,TRUE,0.173962268973057,2025,175
2025-06-26,314,TRUE,TRUE,-0.195984915906189,2025,176
2025-06-27,380,TRUE,TRUE,0.125285007804735,2025,177
2025-06-28,341,TRUE,TRUE,-0.0645563107517202,2025,178
2025-06-29,289,TRUE,TRUE,-0.317678068826994,2025,179
2025-06-30,332,TRUE,TRUE,-0.10836584580321,2025,180
2025-07-01,330,TRUE,TRUE,-0.118101298036874,2025,181
2025-07-02,270,TRUE,TRUE,-0.410164865046805,2025,182
2025-07-03,304,TRUE,TRUE,-0.244662177074511,2025,183
2025-07-04,254,TRUE,TRUE,-0.48804848291612,2025,184
2025-07-05,375,TRUE,TRUE,0.100946377220574,2025,185
2025-07-06,312,TRUE,TRUE,-0.205720368139854,2025,186
2025-07-07,363,TRUE,TRUE,0.0425336638185878,2025,187
2025-07-08,237,TRUE,TRUE,-0.570799826902267,2025,188
2025-07-09,319,TRUE,TRUE,-0.171646285322028,2025,189
2025-07-10,278,TRUE,TRUE,-0.371223056112148,2025,190
2025-07-11,265,TRUE,TRUE,-0.434503495630966,2025,191
2025-07-12,245,TRUE,TRUE,-0.53185801796761,2025,192
2025-07-13,368,TRUE,TRUE,0.0668722944027487,2025,193
2025-07-14,296,TRUE,TRUE,-0.283603986009168,2025,194
2025-07-15,267,TRUE,TRUE,-0.424768043397302,2025,195
2025-07-16,303,TRUE,TRUE,-0.249529903191343,2025,196
2025-07-17,356,TRUE,TRUE,0.00845958100076251,2025,197
2025-07-18,287,TRUE,TRUE,-0.327413521060658,2025,198
2025-07-19,257,TRUE,TRUE,-0.473445304565624,2025,199
2025-07-20,290,TRUE,TRUE,-0.312810342710162,2025,200
2025-07-21,390,TRUE,TRUE,0.173962268973057,2025,201
2025-07-22,296,TRUE,TRUE,-0.283603986009168,2025,202
2025-07-23,317,TRUE,TRUE,-0.181381737555693,2025,203
2025-07-24,324,TRUE,TRUE,-0.147307654737867,2025,204
2025-07-25,322,TRUE,TRUE,-0.157043106971532,2025,205
2025-07-26,322,TRUE,TRUE,-0.157043106971532,2025,206
2025-07-27,274,TRUE,TRUE,-0.390693960579477,2025,207
2025-07-28,268,TRUE,TRUE,-0.41990031728047,2025,208
2025-07-29,279,TRUE,TRUE,-0.366355329995316,2025,209
2025-07-30,314,TRUE,TRUE,-0.195984915906189,2025,210
2025-07-31,320,TRUE,TRUE,-0.166778559205196,2025,211
2025-08-01,252,TRUE,TRUE,-0.497783935149785,2025,212
2025-08-02,308,TRUE,TRUE,-0.225191272607182,2025,213
2025-08-03,270,TRUE,TRUE,-0.410164865046805,2025,214
2025-08-04,335,TRUE,TRUE,-0.0937626674527133,2025,215
2025-08-05,338,TRUE,TRUE,-0.0791594891022168,2025,216
2025-08-06,325,TRUE,TRUE,-0.142439928621035,2025,217
2025-08-07,350,TRUE,TRUE,-0.0207467757002306,2025,218
2025-08-08,340,TRUE,TRUE,-0.0694240368685524,2025,219
2025-08-09,254,TRUE,TRUE,-0.48804848291612,2025,220
2025-08-10,280,TRUE,TRUE,-0.361487603878483,2025,221
2025-08-11,300,TRUE,TRUE,-0.26413308154184,2025,222
2025-08-12,301,TRUE,TRUE,-0.259265355425008,2025,223
2025-08-13,414,TRUE,TRUE,0.290787695777029,2025,224
2025-08-14,491,TRUE,TRUE,0.665602606773107,2025,225
2025-08-15,1045,TRUE,TRUE,3.36232287549814,2025,226
2025-08-16,513,TRUE,TRUE,0.772692581343415,2025,227
2025-08-17,370,TRUE,TRUE,0.0766077466364131,2025,228
2025-08-18,327,TRUE,TRUE,-0.132704476387371,2025,229
2025-08-19,311,TRUE,TRUE,-0.210588094256686,2025,230
2025-08-20,289,TRUE,TRUE,-0.317678068826994,2025,231
2025-08-21,260,TRUE,TRUE,-0.458842126215127,2025,232
2025-08-22,258,TRUE,TRUE,-0.468577578448791,2025,233
2025-08-23,284,TRUE,TRUE,-0.342016699411155,2025,234
2025-08-24,263,TRUE,TRUE,-0.444238947864631,2025,235
2025-08-25,300,TRUE,TRUE,-0.26413308154184,2025,236
2025-08-26,276,TRUE,TRUE,-0.380958508345812,2025,237
2025-08-27,278,TRUE,TRUE,-0.371223056112148,2025,238
2025-08-28,340,TRUE,TRUE,-0.0694240368685524,2025,239
2025-08-29,273,TRUE,TRUE,-0.395561686696309,2025,240
2025-08-30,202,TRUE,TRUE,-0.741170240991394,2025,241
2025-08-31,244,TRUE,TRUE,-0.536725744084442,2025,242
2025-09-01,0,TRUE,FALSE,,2025,243
2025-09-02,0,TRUE,FALSE,,2025,244
2025-09-03,0,TRUE,FALSE,,2025,245
2025-09-04,0,TRUE,FALSE,,2025,246
2025-09-05,0,TRUE,FALSE,,2025,247
2025-09-06,0,TRUE,FALSE,,2025,248
2025-09-07,0,TRUE,FALSE,,2025,249
2025-09-08,0,TRUE,FALSE,,2025,250
2025-09-09,0,TRUE,FALSE,,2025,251
2025-09-10,0,TRUE,FALSE,,2025,252
2025-09-11,0,TRUE,FALSE,,2025,253
2025-09-12,0,TRUE,FALSE,,2025,254
2025-09-13,0,TRUE,FALSE,,2025,255
2025-09-14,0,TRUE,FALSE,,2025,256
2025-09-15,360,TRUE,TRUE,0.0279304854680912,2025,257
2025-09-16,285,TRUE,TRUE,-0.337148973294322,2025,258
2025-09-17,224,TRUE,TRUE,-0.634080266421086,2025,259
2025-09-18,322,TRUE,TRUE,-0.157043106971532,2025,260
2025-09-19,290,TRUE,TRUE,-0.312810342710162,2025,261
2025-09-20,209,TRUE,TRUE,-0.707096158173568,2025,262
2025-09-21,285,TRUE,TRUE,-0.337148973294322,2025,263
2025-09-22,346,TRUE,TRUE,-0.0402176801675593,2025,264
2025-09-23,279,TRUE,TRUE,-0.366355329995316,2025,265
2025-09-24,293,TRUE,TRUE,-0.298207164359665,2025,266
2025-09-25,276,TRUE,TRUE,-0.380958508345812,2025,267
2025-09-26,288,TRUE,TRUE,-0.322545794943826,2025,268
2025-09-27,248,TRUE,TRUE,-0.517254839617113,2025,269
2025-09-28,280,TRUE,TRUE,-0.361487603878483,2025,270
2025-09-29,372,TRUE,TRUE,0.0863431988700774,2025,271
2025-09-30,307,TRUE,TRUE,-0.230058998724014,2025,272
2025-10-01,355,TRUE,TRUE,0.00359185488393033,2025,273
2025-10-02,352,TRUE,TRUE,-0.0110113234665662,2025,274
2025-10-03,289,TRUE,TRUE,-0.317678068826994,2025,275
2025-10-04,292,TRUE,TRUE,-0.303074890476497,2025,276
2025-10-05,297,TRUE,TRUE,-0.278736259892336,2025,277
2025-10-06,388,TRUE,TRUE,0.164226816739392,2025,278
2025-10-07,445,TRUE,TRUE,0.441687205398827,2025,279
2025-10-08,356,TRUE,TRUE,0.00845958100076251,2025,280
2025-10-09,314,TRUE,TRUE,-0.195984915906189,2025,281
2025-10-10,274,TRUE,TRUE,-0.390693960579477,2025,282
2025-10-11,235,TRUE,TRUE,-0.580535279135932,2025,283
2025-10-12,265,TRUE,TRUE,-0.434503495630966,2025,284
2025-10-13,308,TRUE,TRUE,-0.225191272607182,2025,285
2025-10-14,280,TRUE,TRUE,-0.361487603878483,2025,286
2025-10-15,283,TRUE,TRUE,-0.346884425527987,2025,287
2025-10-16,374,TRUE,TRUE,0.0960786511037418,2025,288
2025-10-17,343,TRUE,TRUE,-0.0548208585180559,2025,289
2025-10-18,287,TRUE,TRUE,-0.327413521060658,2025,290
2025-10-19,354,TRUE,TRUE,-0.00127587123290186,2025,291
2025-10-20,403,TRUE,TRUE,0.237242708491875,2025,292
2025-10-21,310,TRUE,TRUE,-0.215455820373518,2025,293
2025-10-22,407,TRUE,TRUE,0.256713612959204,2025,294
2025-10-23,359,TRUE,TRUE,0.0230627593512591,2025,295
2025-10-24,353,TRUE,TRUE,-0.00614359734973404,2025,296
2025-10-25,309,TRUE,TRUE,-0.22032354649035,2025,297
2025-10-26,327,TRUE,TRUE,-0.132704476387371,2025,298
2025-10-27,345,TRUE,TRUE,-0.0450854062843915,2025,299
2025-10-28,309,TRUE,TRUE,-0.22032354649035,2025,300
2025-10-29,293,TRUE,TRUE,-0.298207164359665,2025,301
2025-10-30,324,TRUE,TRUE,-0.147307654737867,2025,302
2025-10-31,505,TRUE,TRUE,0.733750772408758,2025,303
2025-11-01,552,TRUE,TRUE,0.96253389989987,2025,304
2025-11-02,285,TRUE,TRUE,-0.337148973294322,2025,305
2025-11-03,320,TRUE,TRUE,-0.166778559205196,2025,306
2025-11-04,328,TRUE,TRUE,-0.127836750270539,2025,307
2025-11-05,274,TRUE,TRUE,-0.390693960579477,2025,308
2025-11-06,285,TRUE,TRUE,-0.337148973294322,2025,309
2025-11-07,346,TRUE,TRUE,-0.0402176801675593,2025,310
2025-11-08,248,TRUE,TRUE,-0.517254839617113,2025,311
2025-11-09,293,TRUE,TRUE,-0.298207164359665,2025,312
2025-11-10,366,TRUE,TRUE,0.0571368421690843,2025,313
2025-11-11,357,TRUE,TRUE,0.0133273071175947,2025,314
2025-11-12,285,TRUE,TRUE,-0.337148973294322,2025,315
2025-11-13,286,TRUE,TRUE,-0.33228124717749,2025,316
2025-11-14,325,TRUE,TRUE,-0.142439928621035,2025,317
2025-11-15,321,TRUE,TRUE,-0.161910833088364,2025,318
2025-11-16,267,TRUE,TRUE,-0.424768043397302,2025,319
2025-11-17,397,TRUE,TRUE,0.208036351790882,2025,320
2025-11-18,322,TRUE,TRUE,-0.157043106971532,2025,321
2025-11-19,307,TRUE,TRUE,-0.230058998724014,2025,322
2025-11-20,296,TRUE,TRUE,-0.283603986009168,2025,323
2025-11-21,369,TRUE,TRUE,0.0717400205195809,2025,324
2025-11-22,291,TRUE,TRUE,-0.307942616593329,2025,325
2025-11-23,299,TRUE,TRUE,-0.269000807658672,2025,326
2025-11-24,362,TRUE,TRUE,0.0376659377017556,2025,327
2025-11-25,317,TRUE,TRUE,-0.181381737555693,2025,328
2025-11-26,302,TRUE,TRUE,-0.254397629308175,2025,329
2025-11-27,331,TRUE,TRUE,-0.113233571920042,2025,330
2025-11-28,435,TRUE,TRUE,0.393009944230505,2025,331
2025-11-29,652,TRUE,TRUE,1.44930651158309,2025,332
2025-11-30,518,TRUE,TRUE,0.797031211927576,2025,333
2025-12-01,463,TRUE,TRUE,0.529306275501806,2025,334
2025-12-02,525,TRUE,TRUE,0.831105294745401,2025,335
2025-12-03,444,TRUE,TRUE,0.436819479281995,2025,336
2025-12-04,397,TRUE,TRUE,0.208036351790882,2025,337
2025-12-05,376,TRUE,TRUE,0.105814103337406,2025,338
2025-12-06,355,TRUE,TRUE,0.00359185488393033,2025,339
2025-12-07,394,TRUE,TRUE,0.193433173440385,2025,340
2025-12-08,369,TRUE,TRUE,0.0717400205195809,2025,341
2025-12-09,332,TRUE,TRUE,-0.10836584580321,2025,342
2025-12-10,285,TRUE,TRUE,-0.337148973294322,2025,343
2025-12-11,362,TRUE,TRUE,0.0376659377017556,2025,344
2025-12-12,371,TRUE,TRUE,0.0814754727532453,2025,345
2025-12-13,332,TRUE,TRUE,-0.10836584580321,2025,346
2025-12-14,358,TRUE,TRUE,0.0181950332344269,2025,347
2025-12-15,462,TRUE,TRUE,0.524438549384974,2025,348
2025-12-16,288,TRUE,TRUE,-0.322545794943826,2025,349
2025-12-17,377,TRUE,TRUE,0.110681829454238,2025,350
2025-12-18,424,TRUE,TRUE,0.339464956945351,2025,351
2025-12-19,329,TRUE,TRUE,-0.122969024153706,2025,352
2025-12-20,368,TRUE,TRUE,0.0668722944027487,2025,353
2025-12-21,398,TRUE,TRUE,0.212904077907714,2025,354
2025-12-22,494,TRUE,TRUE,0.680205785123604,2025,355
2025-12-23,422,TRUE,TRUE,0.329729504711687,2025,356
2025-12-24,812,TRUE,TRUE,2.22814269027624,2025,357
2025-12-25,1031,TRUE,TRUE,3.29417470986249,2025,358
2025-12-26,454,TRUE,TRUE,0.485496740450317,2025,359
2025-12-27,347,TRUE,TRUE,-0.0353499540507271,2025,360
2025-12-28,370,TRUE,TRUE,0.0766077466364131,2025,361
2025-12-29,338,TRUE,TRUE,-0.0791594891022168,2025,362
2025-12-30,243,TRUE,TRUE,-0.541593470201274,2025,363
2025-12-31,289,TRUE,TRUE,-0.317678068826994,2025,364
2026-01-01,236,TRUE,TRUE,-0.535759312026163,2026,0
2026-01-02,321,TRUE,TRUE,0.321380890901717,2026,1
2026-01-03,242,TRUE,TRUE,-0.475255297701842,2026,2
2026-01-04,232,TRUE,TRUE,-0.576095321575711,2026,3
2026-01-05,322,TRUE,TRUE,0.331464893289104,2026,4
2026-01-06,493,TRUE,TRUE,2.05582930153225,2026,5
2026-01-07,374,TRUE,TRUE,0.85583301743322,2026,6
2026-01-08,272,TRUE,TRUE,-0.172735226080237,2026,7
2026-01-09,289,TRUE,TRUE,-0.00130718549466115,2026,8
2026-01-10,137,TRUE,TRUE,-1.53407554837746,2026,9
2026-01-11,189,TRUE,TRUE,-1.00970742423334,2026,10
2026-01-12,311,TRUE,TRUE,0.220540867027849,2026,11
2026-01-13,306,TRUE,TRUE,0.170120855090915,2026,12
2026-01-14,232,TRUE,TRUE,-0.576095321575711,2026,13
2026-01-15,199,TRUE,TRUE,-0.908867400359476,2026,14
2026-01-16,209,TRUE,TRUE,-0.808027376485608,2026,15
2026-01-17,200,TRUE,TRUE,-0.898783397972089,2026,16
2026-01-18,208,TRUE,TRUE,-0.818111378872995,2026,17
2026-01-19,287,TRUE,TRUE,-0.0214751902694348,2026,18
2026-01-20,259,TRUE,TRUE,-0.303827257116266,2026,19
2026-01-21,271,TRUE,TRUE,-0.182819228467624,2026,20
2026-01-22,272,TRUE,TRUE,-0.172735226080237,2026,21
2026-01-23,221,TRUE,TRUE,-0.687019347836966,2026,22
2026-01-24,181,TRUE,TRUE,-1.09037944333244,2026,23
2026-01-25,193,TRUE,TRUE,-0.969371414683797,2026,24
2026-01-26,181,TRUE,TRUE,-1.09037944333244,2026,25
2026-01-27,199,TRUE,TRUE,-0.908867400359476,2026,26
2026-01-28,282,TRUE,TRUE,-0.071895202206369,2026,27
2026-01-29,213,TRUE,TRUE,-0.76769136693606,2026,28
2026-01-30,227,TRUE,TRUE,-0.626515333512645,2026,29
2026-01-31,253,TRUE,TRUE,-0.364331271440587,2026,30
2026-02-01,232,TRUE,TRUE,-0.576095321575711,2026,31
2026-02-02,301,TRUE,TRUE,0.119700843153981,2026,32
2026-02-03,306,TRUE,TRUE,0.170120855090915,2026,33
2026-02-04,249,TRUE,TRUE,-0.404667280990134,2026,34
2026-02-05,234,TRUE,TRUE,-0.555927316800937,2026,35
2026-02-06,239,TRUE,TRUE,-0.505507304864003,2026,36
2026-02-07,289,TRUE,TRUE,-0.00130718549466115,2026,37
2026-02-08,242,TRUE,TRUE,-0.475255297701842,2026,38
2026-02-09,275,TRUE,TRUE,-0.142483218918077,2026,39
2026-02-10,361,TRUE,TRUE,0.724740986397191,2026,40
2026-02-11,330,TRUE,TRUE,0.412136912388199,2026,41
2026-02-12,298,TRUE,TRUE,0.0894488359918204,2026,42
2026-02-13,291,TRUE,TRUE,0.0188608192801125,2026,43
2026-02-14,237,TRUE,TRUE,-0.525675309638776,2026,44
2026-02-15,170,TRUE,TRUE,-1.20130346959369,2026,45
2026-02-16,250,TRUE,TRUE,-0.394583278602748,2026,46
2026-02-17,270,TRUE,TRUE,-0.192903230855011,2026,47
2026-02-18,482,TRUE,TRUE,1.944905275271,2026,48
2026-02-19,355,TRUE,TRUE,0.66423697207287,2026,49
2026-02-20,225,TRUE,TRUE,-0.646683338287418,2026,50
2026-02-21,182,TRUE,TRUE,-1.08029544094505,2026,51
2026-02-22,244,TRUE,TRUE,-0.455087292927069,2026,52
2026-02-23,269,TRUE,TRUE,-0.202987233242398,2026,53
2026-02-24,224,TRUE,TRUE,-0.656767340674805,2026,54
2026-02-25,219,TRUE,TRUE,-0.707187352611739,2026,55
2026-02-26,206,TRUE,TRUE,-0.838279383647768,2026,56
2026-02-27,225,TRUE,TRUE,-0.646683338287418,2026,57
2026-02-28,167,TRUE,TRUE,-1.23155547675585,2026,58
2026-03-01,213,TRUE,TRUE,-0.76769136693606,2026,59
2026-03-02,268,TRUE,TRUE,-0.213071235629785,2026,60
2026-03-03,235,TRUE,TRUE,-0.54584331441355,2026,61
2026-03-04,210,TRUE,TRUE,-0.797943374098221,2026,62
2026-03-05,237,TRUE,TRUE,-0.525675309638776,2026,63
2026-03-06,226,TRUE,TRUE,-0.636599335900032,2026,64
2026-03-07,199,TRUE,TRUE,-0.908867400359476,2026,65
2026-03-08,194,TRUE,TRUE,-0.95928741229641,2026,66
2026-03-09,287,TRUE,TRUE,-0.0214751902694348,2026,67
2026-03-10,257,TRUE,TRUE,-0.32399526189104,2026,68
2026-03-11,271,TRUE,TRUE,-0.182819228467624,2026,69
2026-03-12,253,TRUE,TRUE,-0.364331271440587,2026,70
2026-03-13,312,TRUE,TRUE,0.230624869415236,2026,71
2026-03-14,261,TRUE,TRUE,-0.283659252341492,2026,72
2026-03-15,239,TRUE,TRUE,-0.505507304864003,2026,73
2026-03-16,303,TRUE,TRUE,0.139868847928755,2026,74
2026-03-17,315,TRUE,TRUE,0.260876876577397,2026,75
2026-03-18,281,TRUE,TRUE,-0.0819792045937558,2026,76
2026-03-19,371,TRUE,TRUE,0.825581010271059,2026,77
2026-03-20,476,TRUE,TRUE,1.88440126094668,2026,78
2026-03-21,235,TRUE,TRUE,-0.54584331441355,2026,79
2026-03-22,243,TRUE,TRUE,-0.465171295314455,2026,80
2026-03-23,332,TRUE,TRUE,0.432304917162973,2026,81
2026-03-24,310,TRUE,TRUE,0.210456864640462,2026,82
2026-03-25,317,TRUE,TRUE,0.28104488135217,2026,83
2026-03-26,307,TRUE,TRUE,0.180204857478302,2026,84
2026-03-27,311,TRUE,TRUE,0.220540867027849,2026,85
2026-03-28,264,TRUE,TRUE,-0.253407245179332,2026,86
2026-03-29,601,TRUE,TRUE,3.14490155937003,2026,87
2026-03-30,416,TRUE,TRUE,1.27936111770347,2026,88
2026-03-31,288,TRUE,TRUE,-0.011391187882048,2026,89
2026-04-01,369,TRUE,TRUE,0.805413005496286,2026,90
2026-04-02,571,TRUE,TRUE,2.84238148774843,2026,91
2026-04-03,745,TRUE,TRUE,4.59699790315373,2026,92
2026-04-04,716,TRUE,TRUE,4.30456183391952,2026,93
2026-04-05,901,TRUE,TRUE,6.17010227558608,2026,94
2026-04-06,400,TRUE,TRUE,1.11801707950528,2026,95
2026-04-07,314,TRUE,TRUE,0.25079287419001,2026,96
2026-04-08,278,TRUE,TRUE,-0.112231211755916,2026,97
2026-04-09,274,TRUE,TRUE,-0.152567221305464,2026,98
2026-04-10,262,TRUE,TRUE,-0.273575249954106,2026,99
2026-04-11,274,TRUE,TRUE,-0.152567221305464,2026,100
2026-04-12,321,TRUE,TRUE,0.321380890901717,2026,101
2026-04-13,390,TRUE,TRUE,1.01717705563141,2026,102
2026-04-14,326,TRUE,TRUE,0.371800902838652,2026,103
2026-04-15,306,TRUE,TRUE,0.170120855090915,2026,104
2026-04-16,272,TRUE,TRUE,-0.172735226080237,2026,105
2026-04-17,252,TRUE,TRUE,-0.374415273827974,2026,106
2026-04-18,165,TRUE,TRUE,-1.25172348153063,2026,107
2026-04-19,176,TRUE,TRUE,-1.14079945526937,2026,108
2026-04-20,328,TRUE,TRUE,0.391968907613425,2026,109
2026-04-21,298,TRUE,TRUE,0.0894488359918204,2026,110
2026-04-22,245,TRUE,TRUE,-0.445003290539682,2026,111
2026-04-23,265,TRUE,TRUE,-0.243323242791945,2026,112
2026-04-24,279,TRUE,TRUE,-0.102147209368529,2026,113
2026-04-25,267,TRUE,TRUE,-0.223155238017171,2026,114
2026-04-26,233,TRUE,TRUE,-0.566011319188324,2026,115
2026-04-27,268,TRUE,TRUE,-0.213071235629785,2026,116
2026-04-28,242,TRUE,TRUE,-0.475255297701842,2026,117
2026-04-29,261,TRUE,TRUE,-0.283659252341492,2026,118
2026-04-30,263,TRUE,TRUE,-0.263491247566719,2026,119
2026-05-01,230,TRUE,TRUE,-0.596263326350484,2026,120
2026-05-02,260,TRUE,TRUE,-0.293743254728879,2026,121
2026-05-03,215,TRUE,TRUE,-0.747523362161287,2026,122
2026-05-04,287,TRUE,TRUE,-0.0214751902694348,2026,123
2026-05-05,327,TRUE,TRUE,0.381884905226038,2026,124
2026-05-06,293,TRUE,TRUE,0.0390288240548862,2026,125
2026-05-07,392,TRUE,TRUE,1.03734506040618,2026,126
2026-05-08,390,TRUE,TRUE,1.01717705563141,2026,127
2026-05-09,215,TRUE,TRUE,-0.747523362161287,2026,128
2026-05-10,250,TRUE,TRUE,-0.394583278602748,2026,129
2026-05-11,337,TRUE,TRUE,0.482724929099907,2026,130
2026-05-12,326,TRUE,TRUE,0.371800902838652,2026,131
2026-05-13,321,TRUE,TRUE,0.321380890901717,2026,132
2026-05-14,286,TRUE,TRUE,-0.0315591926568216,2026,133
2026-05-15,268,TRUE,TRUE,-0.213071235629785,2026,134
2026-05-16,262,TRUE,TRUE,-0.273575249954106,2026,135
2026-05-17,252,TRUE,TRUE,-0.374415273827974,2026,136
2026-05-18,323,TRUE,TRUE,0.341548895676491,2026,137
2026-05-19,302,TRUE,TRUE,0.129784845541368,2026,138
2026-05-20,271,TRUE,TRUE,-0.182819228467624,2026,139
2026-05-21,223,TRUE,TRUE,-0.666851343062192,2026,140
2026-05-22,229,TRUE,TRUE,-0.606347328737871,2026,141
2026-05-23,211,TRUE,TRUE,-0.787859371710834,2026,142
2026-05-24,304,TRUE,TRUE,0.149952850316141,2026,143
2026-05-25,427,TRUE,TRUE,1.39028514396472,2026,144
2026-05-26,290,TRUE,TRUE,0.00877681689272568,2026,145
2026-05-27,295,TRUE,TRUE,0.0591968288296598,2026,146
2026-05-28,258,TRUE,TRUE,-0.313911259503653,2026,147
2026-05-29,296,TRUE,TRUE,0.0692808312170467,2026,148
2026-05-30,240,TRUE,TRUE,-0.495423302476616,2026,149
2026-05-31,274,TRUE,TRUE,-0.152567221305464,2026,150
2026-06-01,315,TRUE,TRUE,0.260876876577397,2026,151
2026-06-02,285,TRUE,TRUE,-0.0416431950442085,2026,152
2026-06-03,297,TRUE,TRUE,0.0793648336044335,2026,153
2026-06-04,489,TRUE,TRUE,2.01549329198271,2026,154
2026-06-05,329,TRUE,TRUE,0.402052910000812,2026,155
2026-06-06,327,TRUE,TRUE,0.381884905226038,2026,156
2026-06-07,274,TRUE,TRUE,-0.152567221305464,2026,157
2026-06-08,338,TRUE,TRUE,0.492808931487294,2026,158
2026-06-09,324,TRUE,TRUE,0.351632898063878,2026,159
2026-06-10,235,TRUE,TRUE,-0.54584331441355,2026,160
2026-06-11,296,TRUE,TRUE,0.0692808312170467,2026,161
2026-06-12,0,FALSE,FALSE,,2026,162
2026-06-13,0,FALSE,FALSE,,2026,163
2026-06-14,0,FALSE,FALSE,,2026,164
2026-06-15,0,FALSE,FALSE,,2026,165
2026-06-16,0,FALSE,FALSE,,2026,166
2026-06-17,0,FALSE,FALSE,,2026,167
2026-06-18,0,FALSE,FALSE,,2026,168
2026-06-19,0,FALSE,FALSE,,2026,169
2026-06-20,0,FALSE,FALSE,,2026,170
2026-06-21,0,FALSE,FALSE,,2026,171
2026-06-22,0,FALSE,FALSE,,2026,172
2026-06-23,0,FALSE,FALSE,,2026,173
2026-06-24,0,FALSE,FALSE,,2026,174
2026-06-25,0,FALSE,FALSE,,2026,175
2026-06-26,0,FALSE,FALSE,,2026,176
2026-06-27,0,FALSE,FALSE,,2026,177
2026-06-28,0,FALSE,FALSE,,2026,178
2026-06-29,0,FALSE,FALSE,,2026,179
2026-06-30,0,FALSE,FALSE,,2026,180
2026-07-01,0,FALSE,FALSE,,2026,181
2026-07-02,0,FALSE,FALSE,,2026,182
2026-07-03,0,FALSE,FALSE,,2026,183
2026-07-04,0,FALSE,FALSE,,2026,184
2026-07-05,0,FALSE,FALSE,,2026,185
2026-07-06,0,FALSE,FALSE,,2026,186
2026-07-07,0,FALSE,FALSE,,2026,187
2026-07-08,0,FALSE,FALSE,,2026,188
2026-07-09,0,FALSE,FALSE,,2026,189
2026-07-10,0,FALSE,FALSE,,2026,190
2026-07-11,0,FALSE,FALSE,,2026,191
2026-07-12,0,FALSE,FALSE,,2026,192
2026-07-13,0,FALSE,FALSE,,2026,193
2026-07-14,0,FALSE,FALSE,,2026,194
2026-07-15,0,FALSE,FALSE,,2026,195
2026-07-16,0,FALSE,FALSE,,2026,196
2026-07-17,0,FALSE,FALSE,,2026,197
2026-07-18,0,FALSE,FALSE,,2026,198
2026-07-19,0,FALSE,FALSE,,2026,199
2026-07-20,0,FALSE,FALSE,,2026,200
2026-07-21,0,FALSE,FALSE,,2026,201
2026-07-22,0,FALSE,FALSE,,2026,202
2026-07-23,0,FALSE,FALSE,,2026,203
2026-07-24,0,FALSE,FALSE,,2026,204
2026-07-25,0,FALSE,FALSE,,2026,205
2026-07-26,0,FALSE,FALSE,,2026,206
2026-07-27,0,FALSE,FALSE,,2026,207
2026-07-28,0,FALSE,FALSE,,2026,208
2026-07-29,0,FALSE,FALSE,,2026,209
2026-07-30,0,FALSE,FALSE,,2026,210
2026-07-31,0,FALSE,FALSE,,2026,211
2026-08-01,0,FALSE,FALSE,,2026,212
2026-08-02,0,FALSE,FALSE,,2026,213
2026-08-03,0,FALSE,FALSE,,2026,214
2026-08-04,0,FALSE,FALSE,,2026,215
2026-08-05,0,FALSE,FALSE,,2026,216
2026-08-06,0,FALSE,FALSE,,2026,217
2026-08-07,0,FALSE,FALSE,,2026,218
2026-08-08,0,FALSE,FALSE,,2026,219
2026-08-09,0,FALSE,FALSE,,2026,220
2026-08-10,0,FALSE,FALSE,,2026,221
2026-08-11,0,FALSE,FALSE,,2026,222
2026-08-12,0,FALSE,FALSE,,2026,223
2026-08-13,0,FALSE,FALSE,,2026,224
2026-08-14,0,FALSE,FALSE,,2026,225
2026-08-15,0,FALSE,FALSE,,2026,226
2026-08-16,0,FALSE,FALSE,,2026,227
2026-08-17,0,FALSE,FALSE,,2026,228
2026-08-18,0,FALSE,FALSE,,2026,229
2026-08-19,0,FALSE,FALSE,,2026,230
2026-08-20,0,FALSE,FALSE,,2026,231
2026-08-21,0,FALSE,FALSE,,2026,232
2026-08-22,0,FALSE,FALSE,,2026,233
2026-08-23,0,FALSE,FALSE,,2026,234
2026-08-24,0,FALSE,FALSE,,2026,235
2026-08-25,0,FALSE,FALSE,,2026,236
2026-08-26,0,FALSE,FALSE,,2026,237
2026-08-27,0,FALSE,FALSE,,2026,238
2026-08-28,0,FALSE,FALSE,,2026,239
2026-08-29,0,FALSE,FALSE,,2026,240
2026-08-30,0,FALSE,FALSE,,2026,241
2026-08-31,0,FALSE,FALSE,,2026,242
2026-09-01,0,FALSE,FALSE,,2026,243
2026-09-02,0,FALSE,FALSE,,2026,244
2026-09-03,0,FALSE,FALSE,,2026,245
2026-09-04,0,FALSE,FALSE,,2026,246
2026-09-05,0,FALSE,FALSE,,2026,247
2026-09-06,0,FALSE,FALSE,,2026,248
2026-09-07,0,FALSE,FALSE,,2026,249
2026-09-08,0,FALSE,FALSE,,2026,250
2026-09-09,0,FALSE,FALSE,,2026,251
2026-09-10,0,FALSE,FALSE,,2026,252
2026-09-11,0,FALSE,FALSE,,2026,253
2026-09-12,0,FALSE,FALSE,,2026,254
2026-09-13,0,FALSE,FALSE,,2026,255
2026-09-14,0,FALSE,FALSE,,2026,256
2026-09-15,0,FALSE,FALSE,,2026,257
2026-09-16,0,FALSE,FALSE,,2026,258
2026-09-17,0,FALSE,FALSE,,2026,259
2026-09-18,0,FALSE,FALSE,,2026,260
2026-09-19,0,FALSE,FALSE,,2026,261
2026-09-20,0,FALSE,FALSE,,2026,262
2026-09-21,0,FALSE,FALSE,,2026,263
2026-09-22,0,FALSE,FALSE,,2026,264
2026-09-23,0,FALSE,FALSE,,2026,265
2026-09-24,0,FALSE,FALSE,,2026,266
2026-09-25,0,FALSE,FALSE,,2026,267
2026-09-26,0,FALSE,FALSE,,2026,268
2026-09-27,0,FALSE,FALSE,,2026,269
2026-09-28,0,FALSE,FALSE,,2026,270
2026-09-29,0,FALSE,FALSE,,2026,271
2026-09-30,0,FALSE,FALSE,,2026,272
2026-10-01,0,FALSE,FALSE,,2026,273
2026-10-02,0,FALSE,FALSE,,2026,274
2026-10-03,0,FALSE,FALSE,,2026,275
2026-10-04,0,FALSE,FALSE,,2026,276
2026-10-05,0,FALSE,FALSE,,2026,277
2026-10-06,0,FALSE,FALSE,,2026,278
2026-10-07,0,FALSE,FALSE,,2026,279
2026-10-08,0,FALSE,FALSE,,2026,280
2026-10-09,0,FALSE,FALSE,,2026,281
2026-10-10,0,FALSE,FALSE,,2026,282
2026-10-11,0,FALSE,FALSE,,2026,283
2026-10-12,0,FALSE,FALSE,,2026,284
2026-10-13,0,FALSE,FALSE,,2026,285
2026-10-14,0,FALSE,FALSE,,2026,286
2026-10-15,0,FALSE,FALSE,,2026,287
2026-10-16,0,FALSE,FALSE,,2026,288
2026-10-17,0,FALSE,FALSE,,2026,289
2026-10-18,0,FALSE,FALSE,,2026,290
2026-10-19,0,FALSE,FALSE,,2026,291
2026-10-20,0,FALSE,FALSE,,2026,292
2026-10-21,0,FALSE,FALSE,,2026,293
2026-10-22,0,FALSE,FALSE,,2026,294
2026-10-23,0,FALSE,FALSE,,2026,295
2026-10-24,0,FALSE,FALSE,,2026,296
2026-10-25,0,FALSE,FALSE,,2026,297
2026-10-26,0,FALSE,FALSE,,2026,298
2026-10-27,0,FALSE,FALSE,,2026,299
2026-10-28,0,FALSE,FALSE,,2026,300
2026-10-29,0,FALSE,FALSE,,2026,301
2026-10-30,0,FALSE,FALSE,,2026,302
2026-10-31,0,FALSE,FALSE,,2026,303
2026-11-01,0,FALSE,FALSE,,2026,304
2026-11-02,0,FALSE,FALSE,,2026,305
2026-11-03,0,FALSE,FALSE,,2026,306
2026-11-04,0,FALSE,FALSE,,2026,307
2026-11-05,0,FALSE,FALSE,,2026,308
2026-11-06,0,FALSE,FALSE,,2026,309
2026-11-07,0,FALSE,FALSE,,2026,310
2026-11-08,0,FALSE,FALSE,,2026,311
2026-11-09,0,FALSE,FALSE,,2026,312
2026-11-10,0,FALSE,FALSE,,2026,313
2026-11-11,0,FALSE,FALSE,,2026,314
2026-11-12,0,FALSE,FALSE,,2026,315
2026-11-13,0,FALSE,FALSE,,2026,316
2026-11-14,0,FALSE,FALSE,,2026,317
2026-11-15,0,FALSE,FALSE,,2026,318
2026-11-16,0,FALSE,FALSE,,2026,319
2026-11-17,0,FALSE,FALSE,,2026,320
2026-11-18,0,FALSE,FALSE,,2026,321
2026-11-19,0,FALSE,FALSE,,2026,322
2026-11-20,0,FALSE,FALSE,,2026,323
2026-11-21,0,FALSE,FALSE,,2026,324
2026-11-22,0,FALSE,FALSE,,2026,325
2026-11-23,0,FALSE,FALSE,,2026,326
2026-11-24,0,FALSE,FALSE,,2026,327
2026-11-25,0,FALSE,FALSE,,2026,328
2026-11-26,0,FALSE,FALSE,,2026,329
2026-11-27,0,FALSE,FALSE,,2026,330
2026-11-28,0,FALSE,FALSE,,2026,331
2026-11-29,0,FALSE,FALSE,,2026,332
2026-11-30,0,FALSE,FALSE,,2026,333
2026-12-01,0,FALSE,FALSE,,2026,334
2026-12-02,0,FALSE,FALSE,,2026,335
2026-12-03,0,FALSE,FALSE,,2026,336
2026-12-04,0,FALSE,FALSE,,2026,337
2026-12-05,0,FALSE,FALSE,,2026,338
2026-12-06,0,FALSE,FALSE,,2026,339
2026-12-07,0,FALSE,FALSE,,2026,340
2026-12-08,0,FALSE,FALSE,,2026,341
2026-12-09,0,FALSE,FALSE,,2026,342
2026-12-10,0,FALSE,FALSE,,2026,343
2026-12-11,0,FALSE,FALSE,,2026,344
2026-12-12,0,FALSE,FALSE,,2026,345
2026-12-13,0,FALSE,FALSE,,2026,346
2026-12-14,0,FALSE,FALSE,,2026,347
2026-12-15,0,FALSE,FALSE,,2026,348
2026-12-16,0,FALSE,FALSE,,2026,349
2026-12-17,0,FALSE,FALSE,,2026,350
2026-12-18,0,FALSE,FALSE,,2026,351
2026-12-19,0,FALSE,FALSE,,2026,352
2026-12-20,0,FALSE,FALSE,,2026,353
2026-12-21,0,FALSE,FALSE,,2026,354
2026-12-22,0,FALSE,FALSE,,2026,355
2026-12-23,0,FALSE,FALSE,,2026,356
2026-12-24,0,FALSE,FALSE,,2026,357
2026-12-25,0,FALSE,FALSE,,2026,358
2026-12-26,0,FALSE,FALSE,,2026,359
2026-12-27,0,FALSE,FALSE,,2026,360
2026-12-28,0,FALSE,FALSE,,2026,361
2026-12-29,0,FALSE,FALSE,,2026,362
2026-12-30,0,FALSE,FALSE,,2026,363
2026-12-31,0,FALSE,FALSE,,2026,364
