date,year,index,collected,z_whole,whole_posts,secular_posts,secular_share,z_secular
2021-01-01,2021,0,TRUE,0.0141590549110466,177,56,31.638418079096,0.465478422397068
2021-01-02,2021,1,TRUE,2.63439943176773,350,148,42.2857142857143,3.58944561515739
2021-01-03,2021,2,TRUE,1.21068500734849,256,70,27.34375,0.940864734338856
2021-01-04,2021,3,TRUE,2.93731739441013,370,126,34.0540540540541,2.84240998210601
2021-01-05,2021,4,TRUE,0.847183452177623,232,78,33.6206896551724,1.21251405544845
2021-01-06,2021,5,TRUE,1.21068500734849,256,84,32.8125,1.41625104628064
2021-01-07,2021,6,TRUE,1.08951782229154,248,58,23.3870967741936,0.533390752674466
2021-01-08,2021,7,TRUE,1.18039321108425,254,64,25.1968503937008,0.737127743506661
2021-01-09,2021,8,TRUE,0.211055730628601,190,62,32.6315789473684,0.669215413229263
2021-01-10,2021,9,TRUE,-0.213029417070747,162,24,14.8148148148148,-0.621118862041304
2021-01-11,2021,10,TRUE,0.544265489535232,212,62,29.2452830188679,0.669215413229263
2021-01-12,2021,11,TRUE,2.08914709901143,314,102,32.484076433121,2.02746201877723
2021-01-13,2021,12,TRUE,1.96797991395447,306,82,26.797385620915,1.34833871600324
2021-01-14,2021,13,TRUE,2.72527482056045,356,98,27.5280898876405,1.89163735822243
2021-01-15,2021,14,TRUE,2.3011896728611,328,64,19.5121951219512,0.737127743506661
2021-01-16,2021,15,TRUE,0.423098304478275,204,46,22.5490196078431,0.125916771010077
2021-01-17,2021,16,TRUE,1.84681272889752,298,92,30.8724832214765,1.68790036739024
2021-01-18,2021,17,TRUE,2.6041076355035,348,106,30.4597701149425,2.16328667933202
2021-01-19,2021,18,TRUE,0.938058840970341,238,54,22.6890756302521,0.39756609211967
2021-01-20,2021,19,TRUE,1.7559373401048,292,88,30.1369863013699,1.55207570683544
2021-01-21,2021,20,TRUE,1.99827171021871,308,106,34.4155844155844,2.16328667933202
2021-01-22,2021,21,TRUE,0.180763934364362,188,30,15.9574468085106,-0.417381871209109
2021-01-23,2021,22,TRUE,-0.243321213334986,160,38,23.75,-0.145732550099516
2021-01-24,2021,23,TRUE,0.392806508214036,202,64,31.6831683168317,0.737127743506661
2021-01-25,2021,24,TRUE,1.57418656251936,280,64,22.8571428571429,0.737127743506661
2021-01-26,2021,25,TRUE,2.21031428406839,322,80,24.8447204968944,1.28042638572585
2021-01-27,2021,26,TRUE,1.69535374757632,288,58,20.1388888888889,0.533390752674466
2021-01-28,2021,27,TRUE,0.756308063384906,226,52,23.0088495575221,0.329653761842271
2021-01-29,2021,28,TRUE,0.544265489535232,212,34,16.0377358490566,-0.281557210654313
2021-01-30,2021,29,TRUE,1.48331117372665,274,40,14.5985401459854,-0.0778202198221179
2021-01-31,2021,30,TRUE,-0.743135851694933,127,29,22.8346456692913,-0.451338036347808
2021-02-01,2021,31,TRUE,0.0293049530431662,178,28,15.7303370786517,-0.485294201486507
2021-02-02,2021,32,TRUE,-0.167591722674388,165,33,20,-0.315513375793012
2021-02-03,2021,33,TRUE,0.680578572724308,221,37,16.7420814479638,-0.179688715238215
2021-02-04,2021,34,TRUE,-0.546239175977378,140,28,20,-0.485294201486507
2021-02-05,2021,35,TRUE,-0.682552259166454,131,26,19.8473282442748,-0.553206531763905
2021-02-06,2021,36,TRUE,-1.0309079162052,108,18,16.6666666666667,-0.824855852873498
2021-02-07,2021,37,TRUE,0.105034443703764,183,44,24.0437158469945,0.0580044407326786
2021-02-08,2021,38,TRUE,0.423098304478275,204,26,12.7450980392157,-0.553206531763905
2021-02-09,2021,39,TRUE,0.165618036232242,187,24,12.8342245989305,-0.621118862041304
2021-02-10,2021,40,TRUE,1.69535374757632,288,55,19.0972222222222,0.431522257258369
2021-02-11,2021,41,TRUE,0.922912942838222,237,54,22.7848101265823,0.39756609211967
2021-02-12,2021,42,TRUE,2.21031428406839,322,46,14.2857142857143,0.125916771010077
2021-02-13,2021,43,TRUE,2.01341760835083,309,29,9.38511326860841,-0.451338036347808
2021-02-14,2021,44,TRUE,0.892621146573982,235,29,12.3404255319149,-0.451338036347808
2021-02-15,2021,45,TRUE,0.377660610081917,201,27,13.4328358208955,-0.519250366625206
2021-02-16,2021,46,TRUE,-0.697698157298574,130,20,15.3846153846154,-0.7569435225961
2021-02-17,2021,47,TRUE,1.33185219240545,264,89,33.7121212121212,1.58603187197414
2021-02-18,2021,48,TRUE,0.24134752689284,192,69,35.9375,0.906908569200156
2021-02-19,2021,49,TRUE,0.0898885455716445,182,49,26.9230769230769,0.227785266426174
2021-02-20,2021,50,TRUE,-1.1066374068658,103,25,24.2718446601942,-0.587162696902604
2021-02-21,2021,51,TRUE,-1.56101435082939,73,23,31.5068493150685,-0.655075027180003
2021-02-22,2021,52,TRUE,-0.727989953562813,128,28,21.875,-0.485294201486507
2021-02-23,2021,53,TRUE,-1.34897177697972,87,15,17.2413793103448,-0.926724348289596
2021-02-24,2021,54,TRUE,-0.500801481581019,143,38,26.5734265734266,-0.145732550099516
2021-02-25,2021,55,TRUE,-1.16722099939428,99,11,11.1111111111111,-1.06254900884439
2021-02-26,2021,56,TRUE,-1.12178330499792,102,10,9.80392156862745,-1.09650517398309
2021-02-27,2021,57,TRUE,-0.803719444223411,123,43,34.9593495934959,0.0240482755939795
2021-02-28,2021,58,TRUE,-0.652260462902215,133,36,27.0676691729323,-0.213644880376914
2021-03-01,2021,59,TRUE,-0.970324323676726,112,11,9.82142857142857,-1.06254900884439
2021-03-02,2021,60,TRUE,-0.788573546091291,124,38,30.6451612903226,-0.145732550099516
2021-03-03,2021,61,TRUE,0.211055730628601,190,46,24.2105263157895,0.125916771010077
2021-03-04,2021,62,TRUE,-0.182737620806508,164,49,29.8780487804878,0.227785266426174
2021-03-05,2021,63,TRUE,1.04408012789518,245,96,39.1836734693878,1.82372502794503
2021-03-06,2021,64,TRUE,-0.515947379713139,142,56,39.4366197183099,0.465478422397068
2021-03-07,2021,65,TRUE,-0.243321213334986,160,67,41.875,0.838996238922758
2021-03-08,2021,66,TRUE,0.165618036232242,187,59,31.5508021390374,0.567346917813165
2021-03-09,2021,67,TRUE,-0.894594833016128,117,32,27.3504273504274,-0.349469540931711
2021-03-10,2021,68,TRUE,-0.334196602127704,154,22,14.2857142857143,-0.689031192318702
2021-03-11,2021,69,TRUE,-0.531093277845258,141,21,14.8936170212766,-0.722987357457401
2021-03-12,2021,70,TRUE,-0.364488398391943,152,16,10.5263157894737,-0.892768183150897
2021-03-13,2021,71,TRUE,-1.48528486016879,78,17,21.7948717948718,-0.858812018012197
2021-03-14,2021,72,TRUE,-1.60645204522575,70,11,15.7142857142857,-1.06254900884439
2021-03-15,2021,73,TRUE,-0.0615704357495513,172,39,22.6744186046512,-0.111776384960817
2021-03-16,2021,74,TRUE,-0.500801481581019,143,29,20.2797202797203,-0.451338036347808
2021-03-17,2021,75,TRUE,0.0141590549110466,177,42,23.728813559322,-0.00990788954471965
2021-03-18,2021,76,TRUE,-0.12215402827803,168,34,20.2380952380952,-0.281557210654313
2021-03-19,2021,77,TRUE,0.832037554045504,231,51,22.0779220779221,0.295697596703572
2021-03-20,2021,78,TRUE,-0.500801481581019,143,32,22.3776223776224,-0.349469540931711
2021-03-21,2021,79,TRUE,-0.924886629280367,115,26,22.6086956521739,-0.553206531763905
2021-03-22,2021,80,TRUE,0.498827795138873,209,46,22.0095693779904,0.125916771010077
2021-03-23,2021,81,TRUE,-0.0464245376174318,173,41,23.6994219653179,-0.0438640546834188
2021-03-24,2021,82,TRUE,-0.288758907731345,157,43,27.3885350318471,0.0240482755939795
2021-03-25,2021,83,TRUE,-0.303904805863465,156,27,17.3076923076923,-0.519250366625206
2021-03-26,2021,84,TRUE,0.332222915685558,198,46,23.2323232323232,0.125916771010077
2021-03-27,2021,85,TRUE,-0.546239175977378,140,33,23.5714285714286,-0.315513375793012
2021-03-28,2021,86,TRUE,1.30156039614121,262,110,41.9847328244275,2.29911133988682
2021-03-29,2021,87,TRUE,0.195909832496482,189,50,26.4550264550265,0.261741431564873
2021-03-30,2021,88,TRUE,0.226201628760721,191,58,30.3664921465969,0.533390752674466
2021-03-31,2021,89,TRUE,0.832037554045504,231,51,22.0779220779221,0.295697596703572
2021-04-01,2021,90,TRUE,1.81652093263328,296,78,26.3513513513514,1.21251405544845
2021-04-02,2021,91,TRUE,3.08877637573132,380,106,27.8947368421053,2.16328667933202
2021-04-03,2021,92,TRUE,2.72527482056045,356,131,36.7977528089888,3.0121908077995
2021-04-04,2021,93,TRUE,4.72453337400024,488,219,44.8770491803279,6.00033334000502
2021-04-05,2021,94,TRUE,-0.137299926410149,167,68,40.7185628742515,0.872952404061457
2021-04-06,2021,95,TRUE,-0.743135851694933,127,35,27.5590551181102,-0.247601045515613
2021-04-07,2021,96,TRUE,-0.758281749827052,126,39,30.952380952381,-0.111776384960817
2021-04-08,2021,97,TRUE,-1.0309079162052,108,33,30.5555555555556,-0.315513375793012
2021-04-09,2021,98,TRUE,-1.21265869379064,96,12,12.5,-1.02859284370569
2021-04-10,2021,99,TRUE,-1.34897177697972,87,23,26.4367816091954,-0.655075027180003
2021-04-11,2021,100,TRUE,0.317077017553438,197,49,24.8730964467005,0.227785266426174
2021-04-12,2021,101,TRUE,-0.258467111467106,159,44,27.6729559748428,0.0580044407326786
2021-04-13,2021,102,TRUE,-0.81886534235553,122,37,30.327868852459,-0.179688715238215
2021-04-14,2021,103,TRUE,-0.0312786394853122,174,59,33.9080459770115,0.567346917813165
2021-04-15,2021,104,TRUE,-0.243321213334986,160,51,31.875,0.295697596703572
2021-04-16,2021,105,TRUE,-0.773427647959172,125,18,14.4,-0.824855852873498
2021-04-17,2021,106,TRUE,-0.652260462902215,133,53,39.8496240601504,0.363609926980971
2021-04-18,2021,107,TRUE,-0.864303036751889,119,43,36.1344537815126,0.0240482755939795
2021-04-19,2021,108,TRUE,-1.19751279565852,97,18,18.5567010309278,-0.824855852873498
2021-04-20,2021,109,TRUE,-1.43984716577243,81,9,11.1111111111111,-1.13046133912179
2021-04-21,2021,110,TRUE,-0.682552259166454,131,34,25.9541984732824,-0.281557210654313
2021-04-22,2021,111,TRUE,0.847183452177623,232,101,43.5344827586207,1.99350585363853
2021-04-23,2021,112,TRUE,-0.45536378718466,146,32,21.9178082191781,-0.349469540931711
2021-04-24,2021,113,TRUE,-1.43984716577243,81,25,30.8641975308642,-0.587162696902604
2021-04-25,2021,114,TRUE,-0.697698157298574,130,50,38.4615384615385,0.261741431564873
2021-04-26,2021,115,TRUE,-0.606822768505856,136,18,13.2352941176471,-0.824855852873498
2021-04-27,2021,116,TRUE,-0.440217889052541,147,24,16.3265306122449,-0.621118862041304
2021-04-28,2021,117,TRUE,-0.409926092788302,149,25,16.7785234899329,-0.587162696902604
2021-04-29,2021,118,TRUE,-0.364488398391943,152,29,19.0789473684211,-0.451338036347808
2021-04-30,2021,119,TRUE,0.120180341835884,184,42,22.8260869565217,-0.00990788954471965
2021-05-01,2021,120,TRUE,-0.652260462902215,133,28,21.0526315789474,-0.485294201486507
2021-05-02,2021,121,TRUE,-0.152445824542269,166,54,32.5301204819277,0.39756609211967
2021-05-03,2021,122,TRUE,0.301931119421319,196,53,27.0408163265306,0.363609926980971
2021-05-04,2021,123,TRUE,-0.334196602127704,154,32,20.7792207792208,-0.349469540931711
2021-05-05,2021,124,TRUE,-1.258096388187,93,8,8.60215053763441,-1.16441750426049
2021-05-06,2021,125,TRUE,-0.546239175977378,140,27,19.2857142857143,-0.519250366625206
2021-05-07,2021,126,TRUE,0.377660610081917,201,46,22.8855721393035,0.125916771010077
2021-05-08,2021,127,TRUE,-0.515947379713139,142,36,25.3521126760563,-0.213644880376914
2021-05-09,2021,128,TRUE,-1.30353408258336,90,15,16.6666666666667,-0.926724348289596
2021-05-10,2021,129,TRUE,0.0444508511752857,179,37,20.6703910614525,-0.179688715238215
2021-05-11,2021,130,TRUE,-0.606822768505856,136,27,19.8529411764706,-0.519250366625206
2021-05-12,2021,131,TRUE,-0.334196602127704,154,34,22.0779220779221,-0.281557210654313
2021-05-13,2021,132,TRUE,-0.273613009599226,158,21,13.2911392405063,-0.722987357457401
2021-05-14,2021,133,TRUE,-0.803719444223411,123,15,12.1951219512195,-0.926724348289596
2021-05-15,2021,134,TRUE,-0.637114564770095,134,35,26.1194029850746,-0.247601045515613
2021-05-16,2021,135,TRUE,-0.894594833016128,117,26,22.2222222222222,-0.553206531763905
2021-05-17,2021,136,TRUE,-0.167591722674388,165,44,26.6666666666667,0.0580044407326786
2021-05-18,2021,137,TRUE,-0.546239175977378,140,17,12.1428571428571,-0.858812018012197
2021-05-19,2021,138,TRUE,-0.288758907731345,157,24,15.2866242038217,-0.621118862041304
2021-05-20,2021,139,TRUE,-0.591676870373737,137,22,16.0583941605839,-0.689031192318702
2021-05-21,2021,140,TRUE,-0.531093277845258,141,19,13.4751773049645,-0.790899687734799
2021-05-22,2021,141,TRUE,-0.621968666637976,135,28,20.7407407407407,-0.485294201486507
2021-05-23,2021,142,TRUE,-0.273613009599226,158,30,18.9873417721519,-0.417381871209109
2021-05-24,2021,143,TRUE,0.332222915685558,198,42,21.2121212121212,-0.00990788954471965
2021-05-25,2021,144,TRUE,-0.258467111467106,159,34,21.3836477987421,-0.281557210654313
2021-05-26,2021,145,TRUE,-0.591676870373737,137,25,18.2481751824818,-0.587162696902604
2021-05-27,2021,146,TRUE,-0.394780194656182,150,26,17.3333333333333,-0.553206531763905
2021-05-30,2021,149,TRUE,-0.12215402827803,168,42,25,-0.00990788954471965
2021-05-31,2021,150,TRUE,0.695724470856428,222,32,14.4144144144144,-0.349469540931711
2021-06-01,2021,151,TRUE,-0.349342500259823,153,33,21.5686274509804,-0.315513375793012
2021-06-02,2021,152,TRUE,-0.334196602127704,154,32,20.7792207792208,-0.349469540931711
2021-06-03,2021,153,TRUE,1.36214398866969,266,76,28.5714285714286,1.14460172517105
2021-06-04,2021,154,TRUE,0.423098304478275,204,54,26.4705882352941,0.39756609211967
2021-06-05,2021,155,TRUE,-0.349342500259823,153,42,27.4509803921569,-0.00990788954471965
2021-06-06,2021,156,TRUE,-0.379634296524063,151,38,25.1655629139073,-0.145732550099516
2021-06-07,2021,157,TRUE,0.195909832496482,189,24,12.6984126984127,-0.621118862041304
2021-06-08,2021,158,TRUE,-0.0464245376174318,173,24,13.8728323699422,-0.621118862041304
2021-06-09,2021,159,TRUE,-0.0767163338816709,171,18,10.5263157894737,-0.824855852873498
2021-06-10,2021,160,TRUE,-0.273613009599226,158,28,17.7215189873418,-0.485294201486507
2021-06-11,2021,161,TRUE,0.211055730628601,190,24,12.6315789473684,-0.621118862041304
2021-06-12,2021,162,TRUE,-0.364488398391943,152,20,13.1578947368421,-0.7569435225961
2021-06-13,2021,163,TRUE,0.226201628760721,191,40,20.9424083769634,-0.0778202198221179
2021-06-14,2021,164,TRUE,0.195909832496482,189,25,13.2275132275132,-0.587162696902604
2021-06-15,2021,165,TRUE,-0.652260462902215,133,16,12.0300751879699,-0.892768183150897
2021-06-16,2021,166,TRUE,-1.1823668975264,98,11,11.2244897959184,-1.06254900884439
2021-06-17,2021,167,TRUE,-0.546239175977378,140,14,10,-0.960680513428295
2021-06-18,2021,168,TRUE,-0.682552259166454,131,13,9.9236641221374,-0.994636678566994
2021-06-19,2021,169,TRUE,-0.83401124048765,121,25,20.6611570247934,-0.587162696902604
2021-06-20,2021,170,TRUE,-1.04605381433732,107,21,19.6261682242991,-0.722987357457401
2021-06-23,2021,173,TRUE,0.271639323157079,194,49,25.2577319587629,0.227785266426174
2021-06-24,2021,174,TRUE,0.907767044706102,236,55,23.3050847457627,0.431522257258369
2021-06-25,2021,175,TRUE,0.301931119421319,196,46,23.469387755102,0.125916771010077
2021-06-26,2021,176,TRUE,-0.803719444223411,123,33,26.8292682926829,-0.315513375793012
2021-06-27,2021,177,TRUE,-0.743135851694933,127,28,22.0472440944882,-0.485294201486507
2021-06-28,2021,178,TRUE,-0.45536378718466,146,27,18.4931506849315,-0.519250366625206
2021-06-29,2021,179,TRUE,-0.197883518938628,163,34,20.8588957055215,-0.281557210654313
2021-06-30,2021,180,TRUE,-0.576530972241617,138,20,14.4927536231884,-0.7569435225961
2021-07-01,2021,181,TRUE,-0.515947379713139,142,27,19.0140845070423,-0.519250366625206
2021-07-02,2021,182,TRUE,-0.576530972241617,138,27,19.5652173913043,-0.519250366625206
2021-07-03,2021,183,TRUE,-0.45536378718466,146,35,23.972602739726,-0.247601045515613
2021-07-04,2021,184,TRUE,-0.394780194656182,150,34,22.6666666666667,-0.281557210654313
2021-07-05,2021,185,TRUE,0.180763934364362,188,30,15.9574468085106,-0.417381871209109
2021-07-06,2021,186,TRUE,-0.712844055430693,129,30,23.2558139534884,-0.417381871209109
2021-07-07,2021,187,TRUE,-0.531093277845258,141,26,18.4397163120567,-0.553206531763905
2021-07-08,2021,188,TRUE,-0.0615704357495513,172,34,19.7674418604651,-0.281557210654313
2021-07-09,2021,189,TRUE,-0.364488398391943,152,26,17.1052631578947,-0.553206531763905
2021-07-10,2021,190,TRUE,-1.34897177697972,87,8,9.19540229885057,-1.16441750426049
2021-07-11,2021,191,TRUE,-1.0309079162052,108,11,10.1851851851852,-1.06254900884439
2021-07-12,2021,192,TRUE,-0.531093277845258,141,20,14.1843971631206,-0.7569435225961
2021-07-13,2021,193,TRUE,-0.621968666637976,135,22,16.2962962962963,-0.689031192318702
2021-07-14,2021,194,TRUE,-0.909740731148248,116,15,12.9310344827586,-0.926724348289596
2021-07-15,2021,195,TRUE,-0.652260462902215,133,27,20.3007518796993,-0.519250366625206
2021-07-16,2021,196,TRUE,-0.667406361034335,132,14,10.6060606060606,-0.960680513428295
2021-07-17,2021,197,TRUE,-1.09149150873368,104,15,14.4230769230769,-0.926724348289596
2021-07-18,2021,198,TRUE,0.120180341835884,184,49,26.6304347826087,0.227785266426174
2021-07-19,2021,199,TRUE,-0.303904805863465,156,34,21.7948717948718,-0.281557210654313
2021-07-20,2021,200,TRUE,-0.4856555834489,144,28,19.4444444444444,-0.485294201486507
2021-07-21,2021,201,TRUE,-0.182737620806508,164,39,23.7804878048781,-0.111776384960817
2021-07-22,2021,202,TRUE,-0.409926092788302,149,34,22.8187919463087,-0.281557210654313
2021-07-23,2021,203,TRUE,-0.349342500259823,153,24,15.6862745098039,-0.621118862041304
2021-07-24,2021,204,TRUE,-1.19751279565852,97,24,24.7422680412371,-0.621118862041304
2021-07-25,2021,205,TRUE,-0.712844055430693,129,22,17.0542635658915,-0.689031192318702
2021-07-26,2021,206,TRUE,0.0444508511752857,179,37,20.6703910614525,-0.179688715238215
2021-07-27,2021,207,TRUE,-0.319050703995584,155,38,24.5161290322581,-0.145732550099516
2021-07-28,2021,208,TRUE,-0.531093277845258,141,22,15.6028368794326,-0.689031192318702
2021-07-29,2021,209,TRUE,-1.22780459192276,95,18,18.9473684210526,-0.824855852873498
2021-07-30,2021,210,TRUE,-1.07634561060156,105,15,14.2857142857143,-0.926724348289596
2021-07-31,2021,211,TRUE,-1.24295049005488,94,16,17.0212765957447,-0.892768183150897
2021-08-01,2021,212,TRUE,-0.773427647959172,125,23,18.4,-0.655075027180003
2021-08-02,2021,213,TRUE,2.54352404297502,344,177,51.453488372093,4.57417440417966
2021-08-03,2021,214,TRUE,-0.773427647959172,125,33,26.4,-0.315513375793012
2021-08-04,2021,215,TRUE,-0.167591722674388,165,48,29.0909090909091,0.193829101287475
2021-08-05,2021,216,TRUE,-0.940032527412487,114,20,17.5438596491228,-0.7569435225961
2021-08-06,2021,217,TRUE,-0.682552259166454,131,22,16.793893129771,-0.689031192318702
2021-08-07,2021,218,TRUE,-0.576530972241617,138,41,29.7101449275362,-0.0438640546834188
2021-08-08,2021,219,TRUE,-1.01576201807308,109,33,30.2752293577982,-0.315513375793012
2021-08-09,2021,220,TRUE,-0.152445824542269,166,39,23.4939759036145,-0.111776384960817
2021-08-10,2021,221,TRUE,0.392806508214036,202,59,29.2079207920792,0.567346917813165
2021-08-11,2021,222,TRUE,-0.409926092788302,149,49,32.8859060402685,0.227785266426174
2021-08-14,2021,225,TRUE,0.150472138100123,186,55,29.5698924731183,0.431522257258369
2021-08-15,2021,226,TRUE,3.67946640288399,419,154,36.7541766109785,3.79318260598958
2021-08-16,2021,227,TRUE,0.301931119421319,196,46,23.469387755102,0.125916771010077
2021-08-17,2021,228,TRUE,-0.637114564770095,134,33,24.6268656716418,-0.315513375793012
2021-08-18,2021,229,TRUE,-0.84915713861977,120,31,25.8333333333333,-0.38342570607041
2021-08-19,2021,230,TRUE,-0.000986843221073003,176,65,36.9318181818182,0.77108390864536
2021-08-20,2021,231,TRUE,-0.425071990920421,148,45,30.4054054054054,0.0919606058713777
2021-08-21,2021,232,TRUE,-0.531093277845258,141,38,26.9503546099291,-0.145732550099516
2021-08-22,2021,233,TRUE,-0.182737620806508,164,58,35.3658536585366,0.533390752674466
2021-08-23,2021,234,TRUE,0.195909832496482,189,54,28.5714285714286,0.39756609211967
2021-08-24,2021,235,TRUE,-0.879448934884009,118,33,27.9661016949153,-0.315513375793012
2021-08-25,2021,236,TRUE,-0.440217889052541,147,31,21.0884353741497,-0.38342570607041
2021-08-26,2021,237,TRUE,-0.4856555834489,144,31,21.5277777777778,-0.38342570607041
2021-08-27,2021,238,TRUE,-0.652260462902215,133,36,27.0676691729323,-0.213644880376914
2021-08-28,2021,239,TRUE,-0.940032527412487,114,29,25.4385964912281,-0.451338036347808
2021-08-29,2021,240,TRUE,-0.924886629280367,115,31,26.9565217391304,-0.38342570607041
2021-08-30,2021,241,TRUE,-0.0312786394853122,174,42,24.1379310344828,-0.00990788954471965
2021-08-31,2021,242,TRUE,-0.334196602127704,154,40,25.974025974026,-0.0778202198221179
2021-09-01,2021,243,TRUE,-0.288758907731345,157,43,27.3885350318471,0.0240482755939795
2021-09-02,2021,244,TRUE,-0.758281749827052,126,28,22.2222222222222,-0.485294201486507
2021-09-03,2021,245,TRUE,-0.228175315202867,161,45,27.9503105590062,0.0919606058713777
2021-09-04,2021,246,TRUE,-0.167591722674388,165,52,31.5151515151515,0.329653761842271
2021-09-05,2021,247,TRUE,-0.0615704357495513,172,61,35.4651162790698,0.635259248090564
2021-09-06,2021,248,TRUE,0.877475248441863,234,49,20.9401709401709,0.227785266426174
2021-09-07,2021,249,TRUE,-0.0615704357495513,172,56,32.5581395348837,0.465478422397068
2021-09-08,2021,250,TRUE,1.6802078494442,287,101,35.191637630662,1.99350585363853
2021-09-09,2021,251,TRUE,-0.197883518938628,163,25,15.3374233128834,-0.587162696902604
2021-09-10,2021,252,TRUE,-0.182737620806508,164,39,23.7804878048781,-0.111776384960817
2021-09-15,2021,257,TRUE,0.377660610081917,201,58,28.8557213930348,0.533390752674466
2021-09-16,2021,258,TRUE,-0.334196602127704,154,17,11.038961038961,-0.858812018012197
2021-09-17,2021,259,TRUE,0.150472138100123,186,23,12.3655913978495,-0.655075027180003
2021-09-18,2021,260,TRUE,-0.697698157298574,130,32,24.6153846153846,-0.349469540931711
2021-09-19,2021,261,TRUE,0.165618036232242,187,58,31.0160427807487,0.533390752674466
2021-09-20,2021,262,TRUE,0.0747426474395249,181,35,19.3370165745856,-0.247601045515613
2021-09-21,2021,263,TRUE,-0.0918622320137905,170,39,22.9411764705882,-0.111776384960817
2021-09-22,2021,264,TRUE,-0.667406361034335,132,15,11.3636363636364,-0.926724348289596
2021-09-23,2021,265,TRUE,0.271639323157079,194,36,18.5567010309278,-0.213644880376914
2021-09-24,2021,266,TRUE,0.301931119421319,196,37,18.8775510204082,-0.179688715238215
2021-09-25,2021,267,TRUE,-0.970324323676726,112,19,16.9642857142857,-0.790899687734799
2021-09-26,2021,268,TRUE,-0.576530972241617,138,37,26.8115942028986,-0.179688715238215
2021-09-27,2021,269,TRUE,0.226201628760721,191,50,26.1780104712042,0.261741431564873
2021-09-28,2021,270,TRUE,0.0747426474395249,181,45,24.8618784530387,0.0919606058713777
2021-09-29,2021,271,TRUE,-0.000986843221073003,176,29,16.4772727272727,-0.451338036347808
2021-09-30,2021,272,TRUE,-0.167591722674388,165,28,16.969696969697,-0.485294201486507
2021-10-01,2021,273,TRUE,-0.319050703995584,155,16,10.3225806451613,-0.892768183150897
2021-10-02,2021,274,TRUE,-0.606822768505856,136,22,16.1764705882353,-0.689031192318702
2021-10-03,2021,275,TRUE,0.120180341835884,184,50,27.1739130434783,0.261741431564873
2021-10-04,2021,276,TRUE,1.30156039614121,262,63,24.0458015267176,0.703171578367962
2021-10-05,2021,277,TRUE,0.847183452177623,232,71,30.6034482758621,0.974820899477555
2021-10-06,2021,278,TRUE,-0.243321213334986,160,24,15,-0.621118862041304
2021-10-07,2021,279,TRUE,0.271639323157079,194,39,20.1030927835052,-0.111776384960817
2021-10-08,2021,280,TRUE,-0.0918622320137905,170,28,16.4705882352941,-0.485294201486507
2021-10-09,2021,281,TRUE,-1.04605381433732,107,12,11.214953271028,-1.02859284370569
2021-10-10,2021,282,TRUE,-0.152445824542269,166,44,26.5060240963855,0.0580044407326786
2021-10-11,2021,283,TRUE,-0.970324323676726,112,23,20.5357142857143,-0.655075027180003
2021-10-12,2021,284,TRUE,-0.45536378718466,146,33,22.6027397260274,-0.315513375793012
2021-10-13,2021,285,TRUE,-0.591676870373737,137,24,17.5182481751825,-0.621118862041304
2021-10-14,2021,286,TRUE,-0.0767163338816709,171,29,16.9590643274854,-0.451338036347808
2021-10-15,2021,287,TRUE,0.0444508511752857,179,35,19.5530726256983,-0.247601045515613
2021-10-16,2021,288,TRUE,-0.515947379713139,142,33,23.2394366197183,-0.315513375793012
2021-10-17,2021,289,TRUE,-0.319050703995584,155,31,20,-0.38342570607041
2021-10-18,2021,290,TRUE,-0.0312786394853122,174,33,18.9655172413793,-0.315513375793012
2021-10-19,2021,291,TRUE,-0.258467111467106,159,19,11.9496855345912,-0.790899687734799
2021-10-20,2021,292,TRUE,-1.04605381433732,107,11,10.2803738317757,-1.06254900884439
2021-10-21,2021,293,TRUE,-0.637114564770095,134,25,18.6567164179105,-0.587162696902604
2021-10-22,2021,294,TRUE,-0.152445824542269,166,30,18.0722891566265,-0.417381871209109
2021-10-23,2021,295,TRUE,-0.47050968531678,145,27,18.6206896551724,-0.519250366625206
2021-10-24,2021,296,TRUE,-0.531093277845258,141,28,19.8581560283688,-0.485294201486507
2021-10-25,2021,297,TRUE,-0.0312786394853122,174,38,21.8390804597701,-0.145732550099516
2021-10-26,2021,298,TRUE,-0.531093277845258,141,27,19.1489361702128,-0.519250366625206
2021-10-27,2021,299,TRUE,-0.803719444223411,123,22,17.8861788617886,-0.689031192318702
2021-10-28,2021,300,TRUE,-0.561385074109498,139,27,19.4244604316547,-0.519250366625206
2021-10-29,2021,301,TRUE,0.347368813817677,199,53,26.6331658291457,0.363609926980971
2021-10-30,2021,302,TRUE,-0.546239175977378,140,44,31.4285714285714,0.0580044407326786
2021-10-31,2021,303,TRUE,-0.273613009599226,158,49,31.0126582278481,0.227785266426174
2021-11-01,2021,304,TRUE,2.10429299714355,315,112,35.5555555555556,2.36702367016422
2021-11-02,2021,305,TRUE,0.0898885455716445,182,32,17.5824175824176,-0.349469540931711
2021-11-03,2021,306,TRUE,-0.258467111467106,159,24,15.0943396226415,-0.621118862041304
2021-11-04,2021,307,TRUE,-0.0464245376174318,173,43,24.8554913294798,0.0240482755939795
2021-11-05,2021,308,TRUE,-0.531093277845258,141,23,16.3120567375887,-0.655075027180003
2021-11-06,2021,309,TRUE,-1.01576201807308,109,13,11.9266055045872,-0.994636678566994
2021-11-07,2021,310,TRUE,-1.15207510126216,100,12,12,-1.02859284370569
2021-11-08,2021,311,TRUE,0.0747426474395249,181,34,18.7845303867403,-0.281557210654313
2021-11-09,2021,312,TRUE,-0.4856555834489,144,26,18.0555555555556,-0.553206531763905
2021-11-10,2021,313,TRUE,-0.409926092788302,149,24,16.1073825503356,-0.621118862041304
2021-11-11,2021,314,TRUE,0.165618036232242,187,50,26.7379679144385,0.261741431564873
2021-11-12,2021,315,TRUE,1.08951782229154,248,86,34.6774193548387,1.48416337655804
2021-11-13,2021,316,TRUE,0.680578572724308,221,71,32.1266968325792,0.974820899477555
2021-11-14,2021,317,TRUE,0.0141590549110466,177,41,23.1638418079096,-0.0438640546834188
2021-11-15,2021,318,TRUE,2.13458479340779,317,101,31.8611987381704,1.99350585363853
2021-11-16,2021,319,TRUE,-0.228175315202867,161,32,19.8757763975155,-0.349469540931711
2021-11-17,2021,320,TRUE,-0.0464245376174318,173,33,19.0751445086705,-0.315513375793012
2021-11-18,2021,321,TRUE,-0.167591722674388,165,45,27.2727272727273,0.0919606058713777
2021-11-19,2021,322,TRUE,-0.773427647959172,125,16,12.8,-0.892768183150897
2021-11-20,2021,323,TRUE,-1.09149150873368,104,19,18.2692307692308,-0.790899687734799
2021-11-21,2021,324,TRUE,0.0595967493074053,180,47,26.1111111111111,0.159872936148776
2021-11-22,2021,325,TRUE,0.150472138100123,186,34,18.2795698924731,-0.281557210654313
2021-11-23,2021,326,TRUE,0.0141590549110466,177,33,18.6440677966102,-0.315513375793012
2021-11-24,2021,327,TRUE,0.0444508511752857,179,41,22.9050279329609,-0.0438640546834188
2021-11-25,2021,328,TRUE,0.24134752689284,192,44,22.9166666666667,0.0580044407326786
2021-11-26,2021,329,TRUE,0.0293049530431662,178,42,23.5955056179775,-0.00990788954471965
2021-11-27,2021,330,TRUE,0.907767044706102,236,69,29.2372881355932,0.906908569200156
2021-11-28,2021,331,TRUE,0.665432674592189,220,65,29.5454545454546,0.77108390864536
2021-11-29,2021,332,TRUE,0.24134752689284,192,25,13.0208333333333,-0.587162696902604
2021-11-30,2021,333,TRUE,1.34699809053757,265,73,27.5471698113208,1.04273322975495
2021-12-01,2021,334,TRUE,-0.12215402827803,168,29,17.2619047619048,-0.451338036347808
2021-12-02,2021,335,TRUE,-0.561385074109498,139,26,18.705035971223,-0.553206531763905
2021-12-03,2021,336,TRUE,-0.182737620806508,164,35,21.3414634146341,-0.247601045515613
2021-12-04,2021,337,TRUE,-0.0161327413531926,175,41,23.4285714285714,-0.0438640546834188
2021-12-05,2021,338,TRUE,-0.10700813014591,169,41,24.2603550295858,-0.0438640546834188
2021-12-06,2021,339,TRUE,2.27089787659686,326,98,30.0613496932515,1.89163735822243
2021-12-07,2021,340,TRUE,0.195909832496482,189,34,17.989417989418,-0.281557210654313
2021-12-08,2021,341,TRUE,0.468535998874634,207,34,16.4251207729469,-0.281557210654313
2021-12-09,2021,342,TRUE,-0.0161327413531926,175,36,20.5714285714286,-0.213644880376914
2021-12-10,2021,343,TRUE,-0.303904805863465,156,25,16.025641025641,-0.587162696902604
2021-12-11,2021,344,TRUE,-0.561385074109498,139,16,11.5107913669065,-0.892768183150897
2021-12-12,2021,345,TRUE,0.559411387667351,213,76,35.6807511737089,1.14460172517105
2021-12-13,2021,346,TRUE,1.01378833163094,243,68,27.9835390946502,0.872952404061457
2021-12-14,2021,347,TRUE,0.332222915685558,198,32,16.1616161616162,-0.349469540931711
2021-12-15,2021,348,TRUE,-0.12215402827803,168,26,15.4761904761905,-0.553206531763905
2021-12-16,2021,349,TRUE,-0.12215402827803,168,38,22.6190476190476,-0.145732550099516
2021-12-17,2021,350,TRUE,0.0293049530431662,178,41,23.0337078651685,-0.0438640546834188
2021-12-18,2021,351,TRUE,0.150472138100123,186,51,27.4193548387097,0.295697596703572
2021-12-19,2021,352,TRUE,-0.515947379713139,142,23,16.1971830985916,-0.655075027180003
2021-12-20,2021,353,TRUE,0.61999498019583,217,47,21.6589861751152,0.159872936148776
2021-12-21,2021,354,TRUE,0.635140878327949,218,51,23.394495412844,0.295697596703572
2021-12-22,2021,355,TRUE,1.01378833163094,243,71,29.2181069958848,0.974820899477555
2021-12-23,2021,356,TRUE,1.22583090548061,257,76,29.5719844357977,1.14460172517105
2021-12-24,2021,357,TRUE,4.19442693937605,453,165,36.4238410596027,4.16670042251527
2021-12-25,2021,358,TRUE,6.42087396479763,600,264,44,7.52836077124648
2021-12-26,2021,359,TRUE,1.69535374757632,288,114,39.5833333333333,2.43493600044162
2021-12-27,2021,360,TRUE,0.0595967493074053,180,59,32.7777777777778,0.567346917813165
2021-12-28,2021,361,TRUE,-0.697698157298574,130,19,14.6153846153846,-0.790899687734799
2021-12-29,2021,362,TRUE,-0.0767163338816709,171,47,27.4853801169591,0.159872936148776
2022-01-01,2022,0,TRUE,0.280250610246452,187,63,33.6898395721925,0.751298261200728
2022-01-02,2022,1,TRUE,-0.993374933322735,114,22,19.2982456140351,-0.736018675645041
2022-01-03,2022,2,TRUE,-1.11550341010334,107,26,24.2990654205608,-0.590914584245454
2022-01-04,2022,3,TRUE,-0.975928008068363,115,26,22.6086956521739,-0.590914584245454
2022-01-05,2022,4,TRUE,-0.0512409695866239,168,54,32.1428571428572,0.424814055551657
2022-01-06,2022,5,TRUE,1.50153537805252,257,71,27.6264591439689,1.0415064439999
2022-01-07,2022,6,TRUE,0.245356759737708,185,53,28.6486486486487,0.38853803270176
2022-01-08,2022,7,TRUE,-0.923587232305246,118,24,20.3389830508475,-0.663466629945248
2022-01-09,2022,8,TRUE,-0.365285624165328,150,42,28,-0.0104982186471049
2022-01-10,2022,9,TRUE,-0.295497923147838,154,45,29.2207792207792,0.0983298499025856
2022-01-11,2022,10,TRUE,-0.504861026200307,142,34,23.943661971831,-0.30070640144628
2022-01-12,2022,11,TRUE,0.00109980617649338,171,58,33.9181286549708,0.569918146951244
2022-01-13,2022,12,TRUE,-0.417626399928445,147,23,15.6462585034014,-0.699742652795145
2022-01-14,2022,13,TRUE,-0.400179474674073,148,41,27.7027027027027,-0.0467742414970018
2022-01-15,2022,14,TRUE,-0.504861026200307,142,35,24.6478873239437,-0.264430378596383
2022-01-16,2022,15,TRUE,-1.01082185857711,113,20,17.6991150442478,-0.808570721344835
2022-01-17,2022,16,TRUE,0.681529891097018,210,53,25.2380952380952,0.38853803270176
2022-01-18,2022,17,TRUE,-0.121028670604114,164,49,29.8780487804878,0.243433941302173
2022-01-19,2022,18,TRUE,-0.400179474674073,148,37,25,-0.191878332896589
2022-01-20,2022,19,TRUE,1.08280917194758,233,62,26.6094420600858,0.715022238350832
2022-01-21,2022,20,TRUE,0.384932161772687,193,62,32.1243523316062,0.715022238350832
2022-01-22,2022,21,TRUE,2.74026707111297,328,121,36.890243902439,2.85530758649474
2022-01-23,2022,22,TRUE,-0.208263296875976,159,33,20.7547169811321,-0.336982424296176
2022-01-24,2022,23,TRUE,0.716423741605763,212,77,36.3207547169811,1.25916258109928
2022-01-25,2022,24,TRUE,0.0708875071939831,175,37,21.1428571428571,-0.191878332896589
2022-01-26,2022,25,TRUE,-0.0337940443322515,169,40,23.6686390532544,-0.0830502643468986
2022-01-27,2022,26,TRUE,-0.52230795145468,141,32,22.6950354609929,-0.373258447146073
2022-01-28,2022,27,TRUE,0.00109980617649338,171,30,17.5438596491228,-0.445810492845867
2022-01-29,2022,28,TRUE,-0.0337940443322515,169,47,27.810650887574,0.170881895602379
2022-01-30,2022,29,TRUE,-1.15039726061209,105,19,18.0952380952381,-0.844846744194732
2022-01-31,2022,30,TRUE,0.768764517368881,215,35,16.2790697674419,-0.264430378596383
2022-02-01,2022,31,TRUE,0.83855221838637,219,57,26.027397260274,0.533642124101348
2022-02-02,2022,32,TRUE,1.41430075178066,252,77,30.5555555555556,1.25916258109928
2022-02-03,2022,33,TRUE,1.67600463059625,267,64,23.9700374531835,0.787574284050625
2022-02-04,2022,34,TRUE,0.315144460755197,189,43,22.7513227513228,0.0257778042027919
2022-02-05,2022,35,TRUE,-0.435073325182818,146,23,15.7534246575342,-0.699742652795145
2022-02-06,2022,36,TRUE,0.315144460755197,189,64,33.8624338624339,0.787574284050625
2022-02-07,2022,37,TRUE,0.664082965842646,209,41,19.6172248803828,-0.0467742414970018
2022-02-08,2022,38,TRUE,0.384932161772687,193,46,23.8341968911917,0.134605872752482
2022-02-09,2022,39,TRUE,0.646636040588274,208,57,27.4038461538462,0.533642124101348
2022-02-10,2022,40,TRUE,2.0249431356837,287,68,23.6933797909408,0.932678375450213
2022-02-11,2022,41,TRUE,0.97812762042135,227,46,20.2643171806167,0.134605872752482
2022-02-12,2022,42,TRUE,0.140675208211473,179,47,26.2569832402235,0.170881895602379
2022-02-13,2022,43,TRUE,-0.0163471190778791,170,49,28.8235294117647,0.243433941302173
2022-02-14,2022,44,TRUE,0.367485236518315,192,42,21.875,-0.0104982186471049
2022-02-15,2022,45,TRUE,-0.714224129252776,130,22,16.9230769230769,-0.736018675645041
2022-02-16,2022,46,TRUE,-1.0806095595946,109,16,14.6788990825688,-0.953674812744423
2022-02-17,2022,47,TRUE,-0.871246456542128,121,14,11.5702479338843,-1.02622685844422
2022-02-18,2022,48,TRUE,-0.487414100945935,143,30,20.979020979021,-0.445810492845867
2022-02-19,2022,49,TRUE,-1.16784418586646,104,17,16.3461538461538,-0.917398789894526
2022-02-20,2022,50,TRUE,-1.09805648484897,108,22,20.3703703703704,-0.736018675645041
2022-02-21,2022,51,TRUE,-0.784011830270266,126,14,11.1111111111111,-1.02622685844422
2022-02-22,2022,52,TRUE,-0.871246456542128,121,18,14.8760330578512,-0.881122767044629
2022-02-23,2022,53,TRUE,-0.731671054507149,129,24,18.6046511627907,-0.663466629945248
2022-02-24,2022,54,TRUE,-0.801458755524639,125,27,21.6,-0.554638561395557
2022-02-25,2022,55,TRUE,-0.0163471190778791,170,45,26.4705882352941,0.0983298499025856
2022-02-28,2022,58,TRUE,0.611742190079529,206,44,21.3592233009709,0.0620538270526887
2022-03-01,2022,59,TRUE,-0.365285624165328,150,23,15.3333333333333,-0.699742652795145
2022-03-02,2022,60,TRUE,2.1470716124643,294,81,27.5510204081633,1.40426667249887
2022-03-03,2022,61,TRUE,-0.208263296875976,159,31,19.496855345912,-0.40953446999597
2022-03-04,2022,62,TRUE,-0.731671054507149,129,15,11.6279069767442,-0.989950835594319
2022-03-05,2022,63,TRUE,-0.714224129252776,130,24,18.4615384615385,-0.663466629945248
2022-03-06,2022,64,TRUE,-0.731671054507149,129,32,24.8062015503876,-0.373258447146073
2022-03-07,2022,65,TRUE,0.245356759737708,185,28,15.1351351351351,-0.518362538545661
2022-03-08,2022,66,TRUE,-0.539754876709052,140,25,17.8571428571429,-0.627190607095351
2022-03-09,2022,67,TRUE,-0.539754876709052,140,32,22.8571428571429,-0.373258447146073
2022-03-10,2022,68,TRUE,-0.347838698910955,151,19,12.5827814569536,-0.844846744194732
2022-03-11,2022,69,TRUE,-0.155922521112859,162,22,13.5802469135802,-0.736018675645041
2022-03-12,2022,70,TRUE,0.227909834483335,184,37,20.1086956521739,-0.191878332896589
2022-03-13,2022,71,TRUE,-0.469967175691562,144,35,24.3055555555556,-0.264430378596383
2022-03-14,2022,72,TRUE,0.402379087027059,194,31,15.979381443299,-0.40953446999597
2022-03-15,2022,73,TRUE,0.280250610246452,187,39,20.855614973262,-0.119326287196795
2022-03-16,2022,74,TRUE,0.559401414316411,203,45,22.1674876847291,0.0983298499025856
2022-03-17,2022,75,TRUE,0.105781357702728,177,37,20.9039548022599,-0.191878332896589
2022-03-18,2022,76,TRUE,-0.0686878948409964,167,34,20.3592814371258,-0.30070640144628
2022-03-19,2022,77,TRUE,-0.0163471190778791,170,38,22.3529411764706,-0.155602310046692
2022-03-20,2022,78,TRUE,-0.208263296875976,159,37,23.2704402515723,-0.191878332896589
2022-03-21,2022,79,TRUE,-0.243157147384721,157,28,17.8343949044586,-0.518362538545661
2022-03-22,2022,80,TRUE,-0.0163471190778791,170,21,12.3529411764706,-0.772294698494938
2022-03-23,2022,81,TRUE,-0.0337940443322515,169,32,18.9349112426036,-0.373258447146073
2022-03-24,2022,82,TRUE,-0.400179474674073,148,23,15.5405405405405,-0.699742652795145
2022-03-25,2022,83,TRUE,0.803658367877626,217,31,14.2857142857143,-0.40953446999597
2022-03-26,2022,84,TRUE,-0.661883353489659,133,22,16.5413533834586,-0.736018675645041
2022-03-27,2022,85,TRUE,-0.3827325494197,149,29,19.4630872483221,-0.482086515695764
2022-03-28,2022,86,TRUE,0.105781357702728,177,27,15.2542372881356,-0.554638561395557
2022-03-29,2022,87,TRUE,-0.121028670604114,164,27,16.4634146341463,-0.554638561395557
2022-03-30,2022,88,TRUE,-0.539754876709052,140,21,15,-0.772294698494938
2022-03-31,2022,89,TRUE,-0.469967175691562,144,27,18.75,-0.554638561395557
2022-04-01,2022,90,TRUE,-0.0163471190778791,170,32,18.8235294117647,-0.373258447146073
2022-04-02,2022,91,TRUE,-0.0686878948409964,167,38,22.7544910179641,-0.155602310046692
2022-04-03,2022,92,TRUE,-0.138475595858486,163,33,20.2453987730061,-0.336982424296176
2022-04-04,2022,93,TRUE,-0.0861348200953688,166,32,19.2771084337349,-0.373258447146073
2022-04-05,2022,94,TRUE,-0.190816371621603,160,22,13.75,-0.736018675645041
2022-04-06,2022,95,TRUE,0.0359936566852383,173,28,16.1849710982659,-0.518362538545661
2022-04-07,2022,96,TRUE,1.25727842449131,243,75,30.8641975308642,1.18661053539949
2022-04-08,2022,97,TRUE,0.646636040588274,208,54,25.9615384615385,0.424814055551657
2022-04-09,2022,98,TRUE,0.873446068895115,221,62,28.0542986425339,0.715022238350832
2022-04-10,2022,99,TRUE,2.46111626704301,312,114,36.5384615384615,2.60137542654547
2022-04-11,2022,100,TRUE,0.821105293131998,218,44,20.1834862385321,0.0620538270526887
2022-04-12,2022,101,TRUE,0.925786844658233,224,61,27.2321428571429,0.678746215500935
2022-04-13,2022,102,TRUE,0.698976816351391,211,58,27.4881516587678,0.569918146951244
2022-04-14,2022,103,TRUE,3.21133405298102,355,108,30.4225352112676,2.38371928944609
2022-04-15,2022,104,TRUE,3.63006025908596,379,97,25.5936675461741,1.98468303809722
2022-04-16,2022,105,TRUE,5.47943433604944,485,162,33.4020618556701,4.34262452334051
2022-04-17,2022,106,TRUE,6.87518835639923,565,236,41.7699115044248,7.02705021423288
2022-04-18,2022,107,TRUE,-0.208263296875976,159,35,22.0125786163522,-0.264430378596383
2022-04-19,2022,108,TRUE,-0.400179474674073,148,38,25.6756756756757,-0.155602310046692
2022-04-20,2022,109,TRUE,-0.0163471190778791,170,38,22.3529411764706,-0.155602310046692
2022-04-21,2022,110,TRUE,-0.3827325494197,149,42,28.1879194630873,-0.0104982186471049
2022-04-22,2022,111,TRUE,-0.31294484840221,153,33,21.5686274509804,-0.336982424296176
2022-04-23,2022,112,TRUE,-0.173369446367231,161,46,28.5714285714286,0.134605872752482
2022-04-24,2022,113,TRUE,0.26280368499208,186,63,33.8709677419355,0.751298261200728
2022-04-25,2022,114,TRUE,0.0185467314308658,172,34,19.7674418604651,-0.30070640144628
2022-04-26,2022,115,TRUE,0.210462909228963,183,53,28.9617486338798,0.38853803270176
2022-04-27,2022,116,TRUE,-0.243157147384721,157,33,21.0191082802548,-0.336982424296176
2022-04-28,2022,117,TRUE,0.367485236518315,192,68,35.4166666666667,0.932678375450213
2022-04-29,2022,118,TRUE,-0.0337940443322515,169,56,33.1360946745562,0.497366101251451
2022-04-30,2022,119,TRUE,-0.31294484840221,153,37,24.1830065359477,-0.191878332896589
2022-05-01,2022,120,TRUE,-0.504861026200307,142,35,24.6478873239437,-0.264430378596383
2022-05-02,2022,121,TRUE,0.646636040588274,208,50,24.0384615384615,0.27970996415207
2022-05-03,2022,122,TRUE,0.541954489062039,202,54,26.7326732673267,0.424814055551657
2022-05-04,2022,123,TRUE,0.402379087027059,194,48,24.7422680412371,0.207157918452276
2022-05-05,2022,124,TRUE,-0.0512409695866239,168,57,33.9285714285714,0.533642124101348
2022-05-06,2022,125,TRUE,0.19301598397459,182,48,26.3736263736264,0.207157918452276
2022-05-07,2022,126,TRUE,-0.435073325182818,146,35,23.972602739726,-0.264430378596383
2022-05-08,2022,127,TRUE,-0.400179474674073,148,32,21.6216216216216,-0.373258447146073
2022-05-09,2022,128,TRUE,0.541954489062039,202,30,14.8514851485149,-0.445810492845867
2022-05-10,2022,129,TRUE,1.50153537805252,257,67,26.0700389105058,0.896402352600316
2022-05-11,2022,130,TRUE,0.33259138600957,190,37,19.4736842105263,-0.191878332896589
2022-05-12,2022,131,TRUE,0.576848339570784,204,40,19.6078431372549,-0.0830502643468986
2022-05-15,2022,134,TRUE,-0.417626399928445,147,38,25.8503401360544,-0.155602310046692
2022-05-16,2022,135,TRUE,0.00109980617649338,171,51,29.8245614035088,0.315985987001967
2022-05-17,2022,136,TRUE,-0.52230795145468,141,28,19.8581560283688,-0.518362538545661
2022-05-18,2022,137,TRUE,1.01302147093009,229,71,31.0043668122271,1.0415064439999
2022-05-19,2022,138,TRUE,-0.155922521112859,162,37,22.8395061728395,-0.191878332896589
2022-05-20,2022,139,TRUE,0.786211442623253,216,79,36.5740740740741,1.33171462679908
2022-05-21,2022,140,TRUE,-0.609542577726542,136,29,21.3235294117647,-0.482086515695764
2022-05-22,2022,141,TRUE,-0.941034157559618,117,31,26.4957264957265,-0.40953446999597
2022-05-23,2022,142,TRUE,-0.0337940443322515,169,38,22.4852071005917,-0.155602310046692
2022-05-24,2022,143,TRUE,-0.923587232305246,118,20,16.9491525423729,-0.808570721344835
2022-05-25,2022,144,TRUE,0.19301598397459,182,42,23.0769230769231,-0.0104982186471049
2022-05-26,2022,145,TRUE,0.19301598397459,182,40,21.978021978022,-0.0830502643468986
2022-05-27,2022,146,TRUE,0.105781357702728,177,47,26.5536723163842,0.170881895602379
2022-05-28,2022,147,TRUE,0.227909834483335,184,50,27.1739130434783,0.27970996415207
2022-05-29,2022,148,TRUE,-0.731671054507149,129,20,15.5038759689922,-0.808570721344835
2022-05-30,2022,149,TRUE,-0.45252025043719,145,31,21.3793103448276,-0.40953446999597
2022-05-31,2022,150,TRUE,0.489613713298922,199,40,20.1005025125628,-0.0830502643468986
2022-06-01,2022,151,TRUE,-0.487414100945935,143,17,11.8881118881119,-0.917398789894526
2022-06-02,2022,152,TRUE,-0.714224129252776,130,32,24.6153846153846,-0.373258447146073
2022-06-03,2022,153,TRUE,-0.0512409695866239,168,32,19.0476190476191,-0.373258447146073
2022-06-04,2022,154,TRUE,-0.400179474674073,148,48,32.4324324324324,0.207157918452276
2022-06-05,2022,155,TRUE,0.0185467314308658,172,49,28.4883720930233,0.243433941302173
2022-06-06,2022,156,TRUE,-0.0337940443322515,169,24,14.2011834319527,-0.663466629945248
2022-06-07,2022,157,TRUE,0.0534405819396107,174,25,14.367816091954,-0.627190607095351
2022-06-08,2022,158,TRUE,-0.365285624165328,150,27,18,-0.554638561395557
2022-06-09,2022,159,TRUE,-0.574648727217797,138,24,17.3913043478261,-0.663466629945248
2022-06-10,2022,160,TRUE,-0.0686878948409964,167,36,21.5568862275449,-0.228154355746486
2022-06-11,2022,161,TRUE,-0.173369446367231,161,35,21.7391304347826,-0.264430378596383
2022-06-12,2022,162,TRUE,-0.435073325182818,146,41,28.0821917808219,-0.0467742414970018
2022-06-13,2022,163,TRUE,1.50153537805252,257,57,22.1789883268483,0.533642124101348
2022-06-14,2022,164,TRUE,0.1232282829571,178,39,21.9101123595506,-0.119326287196795
2022-06-15,2022,165,TRUE,-0.208263296875976,159,23,14.4654088050314,-0.699742652795145
2022-06-16,2022,166,TRUE,1.65855770534187,266,83,31.203007518797,1.47681871819867
2022-06-17,2022,167,TRUE,0.175569058720218,181,35,19.3370165745856,-0.264430378596383
2022-06-18,2022,168,TRUE,-1.11550341010334,107,17,15.8878504672897,-0.917398789894526
2022-06-19,2022,169,TRUE,-0.818905680779011,124,23,18.5483870967742,-0.699742652795145
2022-06-20,2022,170,TRUE,-0.365285624165328,150,14,9.33333333333333,-1.02622685844422
2022-06-21,2022,171,TRUE,-0.592095652472169,137,18,13.1386861313869,-0.881122767044629
2022-06-22,2022,172,TRUE,-0.330391773656583,152,46,30.2631578947368,0.134605872752482
2022-06-23,2022,173,TRUE,-0.121028670604114,164,36,21.9512195121951,-0.228154355746486
2022-06-24,2022,174,TRUE,0.19301598397459,182,42,23.0769230769231,-0.0104982186471049
2022-06-25,2022,175,TRUE,0.280250610246452,187,64,34.2245989304813,0.787574284050625
2022-06-26,2022,176,TRUE,-0.45252025043719,145,18,12.4137931034483,-0.881122767044629
2022-06-27,2022,177,TRUE,0.0359936566852383,173,31,17.9190751445087,-0.40953446999597
2022-06-28,2022,178,TRUE,-0.818905680779011,124,19,15.3225806451613,-0.844846744194732
2022-06-29,2022,179,TRUE,0.210462909228963,183,40,21.8579234972678,-0.0830502643468986
2022-06-30,2022,180,TRUE,-0.330391773656583,152,19,12.5,-0.844846744194732
2022-07-01,2022,181,TRUE,-0.103581745349741,165,33,20,-0.336982424296176
2022-07-02,2022,182,TRUE,-0.941034157559618,117,20,17.0940170940171,-0.808570721344835
2022-07-03,2022,183,TRUE,-0.243157147384721,157,33,21.0191082802548,-0.336982424296176
2022-07-04,2022,184,TRUE,0.402379087027059,194,38,19.5876288659794,-0.155602310046692
2022-07-05,2022,185,TRUE,-0.801458755524639,125,31,24.8,-0.40953446999597
2022-07-06,2022,186,TRUE,-0.749117979761521,128,31,24.21875,-0.40953446999597
2022-07-07,2022,187,TRUE,-1.01082185857711,113,17,15.0442477876106,-0.917398789894526
2022-07-08,2022,188,TRUE,-1.30741958790144,96,19,19.7916666666667,-0.844846744194732
2022-07-09,2022,189,TRUE,-1.01082185857711,113,26,23.0088495575221,-0.590914584245454
2022-07-10,2022,190,TRUE,-1.23763188688395,100,13,13,-1.06250288129411
2022-07-11,2022,191,TRUE,-0.557201801963425,139,23,16.5467625899281,-0.699742652795145
2022-07-12,2022,192,TRUE,-1.04571570908585,111,20,18.018018018018,-0.808570721344835
2022-07-13,2022,193,TRUE,-0.278050997893466,155,45,29.0322580645161,0.0983298499025856
2022-07-14,2022,194,TRUE,-0.853799531287756,122,22,18.0327868852459,-0.736018675645041
2022-07-15,2022,195,TRUE,-0.853799531287756,122,22,18.0327868852459,-0.736018675645041
2022-07-16,2022,196,TRUE,-1.16784418586646,104,15,14.4230769230769,-0.989950835594319
2022-07-17,2022,197,TRUE,-1.15039726061209,105,27,25.7142857142857,-0.554638561395557
2022-07-18,2022,198,TRUE,-0.417626399928445,147,25,17.0068027210884,-0.627190607095351
2022-07-19,2022,199,TRUE,-0.993374933322735,114,23,20.1754385964912,-0.699742652795145
2022-07-22,2022,202,TRUE,-1.30741958790144,96,13,13.5416666666667,-1.06250288129411
2022-07-23,2022,203,TRUE,-0.888693381796501,120,34,28.3333333333333,-0.30070640144628
2022-07-26,2022,206,TRUE,-0.469967175691562,144,37,25.6944444444444,-0.191878332896589
2022-07-27,2022,207,TRUE,-0.504861026200307,142,31,21.830985915493,-0.40953446999597
2022-07-28,2022,208,TRUE,-0.888693381796501,120,29,24.1666666666667,-0.482086515695764
2022-07-29,2022,209,TRUE,-0.225710222130348,158,54,34.1772151898734,0.424814055551657
2022-07-30,2022,210,TRUE,-0.731671054507149,129,32,24.8062015503876,-0.373258447146073
2022-07-31,2022,211,TRUE,-0.923587232305246,118,29,24.5762711864407,-0.482086515695764
2022-08-01,2022,212,TRUE,0.105781357702728,177,47,26.5536723163842,0.170881895602379
2022-08-02,2022,213,TRUE,-0.190816371621603,160,39,24.375,-0.119326287196795
2022-08-03,2022,214,TRUE,-0.609542577726542,136,23,16.9117647058824,-0.699742652795145
2022-08-04,2022,215,TRUE,-0.993374933322735,114,24,21.0526315789474,-0.663466629945248
2022-08-05,2022,216,TRUE,-0.784011830270266,126,33,26.1904761904762,-0.336982424296176
2022-08-06,2022,217,TRUE,-0.121028670604114,164,50,30.4878048780488,0.27970996415207
2022-08-07,2022,218,TRUE,-0.31294484840221,153,48,31.3725490196078,0.207157918452276
2022-08-08,2022,219,TRUE,-0.260604072639093,156,32,20.5128205128205,-0.373258447146073
2022-08-09,2022,220,TRUE,-0.626989502980914,135,25,18.5185185185185,-0.627190607095351
2022-08-10,2022,221,TRUE,-0.714224129252776,130,32,24.6153846153846,-0.373258447146073
2022-08-11,2022,222,TRUE,-0.784011830270266,126,34,26.984126984127,-0.30070640144628
2022-08-12,2022,223,TRUE,-0.417626399928445,147,41,27.891156462585,-0.0467742414970018
2022-08-13,2022,224,TRUE,-0.941034157559618,117,32,27.3504273504274,-0.373258447146073
2022-08-14,2022,225,TRUE,0.489613713298922,199,71,35.678391959799,1.0415064439999
2022-08-15,2022,226,TRUE,5.68879743910191,497,219,44.0643863179074,6.41035782578463
2022-08-16,2022,227,TRUE,0.733870666860136,213,50,23.4741784037559,0.27970996415207
2022-08-19,2022,230,TRUE,-0.836352606033384,123,24,19.5121951219512,-0.663466629945248
2022-08-20,2022,231,TRUE,-0.365285624165328,150,50,33.3333333333333,0.27970996415207
2022-08-21,2022,232,TRUE,-0.31294484840221,153,39,25.4901960784314,-0.119326287196795
2022-08-22,2022,233,TRUE,-0.0163471190778791,170,45,26.4705882352941,0.0983298499025856
2022-08-23,2022,234,TRUE,-0.975928008068363,115,25,21.7391304347826,-0.627190607095351
2022-08-24,2022,235,TRUE,-0.155922521112859,162,52,32.0987654320988,0.352262009851863
2022-08-25,2022,236,TRUE,-0.417626399928445,147,26,17.687074829932,-0.590914584245454
2022-08-26,2022,237,TRUE,-0.31294484840221,153,39,25.4901960784314,-0.119326287196795
2022-08-27,2022,238,TRUE,0.0359936566852383,173,61,35.2601156069364,0.678746215500935
2022-08-28,2022,239,TRUE,-0.243157147384721,157,54,34.3949044585987,0.424814055551657
2022-08-29,2022,240,TRUE,-0.0512409695866239,168,36,21.4285714285714,-0.228154355746486
2022-08-30,2022,241,TRUE,-0.295497923147838,154,49,31.8181818181818,0.243433941302173
2022-08-31,2022,242,TRUE,-0.557201801963425,139,47,33.8129496402878,0.170881895602379
2022-09-01,2022,243,TRUE,0.786211442623253,216,81,37.5,1.40426667249887
2022-09-02,2022,244,TRUE,-0.644436428235287,134,33,24.6268656716418,-0.336982424296176
2022-09-03,2022,245,TRUE,-0.0861348200953688,166,57,34.3373493975904,0.533642124101348
2022-09-04,2022,246,TRUE,0.83855221838637,219,110,50.2283105022831,2.45627133514588
2022-09-05,2022,247,TRUE,0.350038311263942,191,48,25.130890052356,0.207157918452276
2022-09-06,2022,248,TRUE,-0.731671054507149,129,17,13.1782945736434,-0.917398789894526
2022-09-07,2022,249,TRUE,0.0185467314308658,172,56,32.5581395348837,0.497366101251451
2022-09-08,2022,250,TRUE,0.489613713298922,199,64,32.1608040201005,0.787574284050625
2022-09-09,2022,251,TRUE,-0.626989502980914,135,28,20.7407407407407,-0.518362538545661
2022-09-10,2022,252,TRUE,-0.208263296875976,159,40,25.1572327044025,-0.0830502643468986
2022-09-11,2022,253,TRUE,-0.504861026200307,142,38,26.7605633802817,-0.155602310046692
2022-09-12,2022,254,TRUE,-0.0163471190778791,170,38,22.3529411764706,-0.155602310046692
2022-09-13,2022,255,TRUE,-0.52230795145468,141,46,32.6241134751773,0.134605872752482
2022-09-14,2022,256,TRUE,0.00109980617649338,171,51,29.8245614035088,0.315985987001967
2022-09-15,2022,257,TRUE,0.0708875071939831,175,42,24,-0.0104982186471049
2022-09-16,2022,258,TRUE,-0.469967175691562,144,21,14.5833333333333,-0.772294698494938
2022-09-17,2022,259,TRUE,-0.260604072639093,156,49,31.4102564102564,0.243433941302173
2022-09-18,2022,260,TRUE,-0.626989502980914,135,44,32.5925925925926,0.0620538270526887
2022-09-19,2022,261,TRUE,0.367485236518315,192,57,29.6875,0.533642124101348
2022-09-20,2022,262,TRUE,-0.330391773656583,152,31,20.3947368421053,-0.40953446999597
2022-09-21,2022,263,TRUE,-0.801458755524639,125,20,16,-0.808570721344835
2022-09-24,2022,266,TRUE,-0.592095652472169,137,35,25.5474452554745,-0.264430378596383
2022-09-25,2022,267,TRUE,-0.138475595858486,163,61,37.4233128834356,0.678746215500935
2022-09-28,2022,270,TRUE,0.0534405819396107,174,39,22.4137931034483,-0.119326287196795
2022-09-29,2022,271,TRUE,0.0708875071939831,175,49,28,0.243433941302173
2022-09-30,2022,272,TRUE,-0.0686878948409964,167,37,22.1556886227545,-0.191878332896589
2022-10-01,2022,273,TRUE,-0.295497923147838,154,29,18.8311688311688,-0.482086515695764
2022-10-02,2022,274,TRUE,0.541954489062039,202,59,29.2079207920792,0.606194169801141
2022-10-03,2022,275,TRUE,1.44919460228941,254,60,23.6220472440945,0.642470192651038
2022-10-04,2022,276,TRUE,0.472166788044549,198,61,30.8080808080808,0.678746215500935
2022-10-05,2022,277,TRUE,-0.0686878948409964,167,36,21.5568862275449,-0.228154355746486
2022-10-06,2022,278,TRUE,-0.155922521112859,162,34,20.9876543209877,-0.30070640144628
2022-10-07,2022,279,TRUE,0.1232282829571,178,40,22.4719101123596,-0.0830502643468986
2022-10-08,2022,280,TRUE,-0.347838698910955,151,27,17.8807947019868,-0.554638561395557
2022-10-09,2022,281,TRUE,-0.609542577726542,136,36,26.4705882352941,-0.228154355746486
2022-10-10,2022,282,TRUE,0.227909834483335,184,37,20.1086956521739,-0.191878332896589
2022-10-11,2022,283,TRUE,0.0883344324483556,176,37,21.0227272727273,-0.191878332896589
2022-10-12,2022,284,TRUE,-1.06316263434023,110,17,15.4545454545455,-0.917398789894526
2022-10-13,2022,285,TRUE,-0.469967175691562,144,30,20.8333333333333,-0.445810492845867
2022-10-14,2022,286,TRUE,-0.295497923147838,154,26,16.8831168831169,-0.590914584245454
2022-10-15,2022,287,TRUE,-0.696777203998404,131,34,25.9541984732824,-0.30070640144628
2022-10-16,2022,288,TRUE,-0.487414100945935,143,31,21.6783216783217,-0.40953446999597
2022-10-17,2022,289,TRUE,0.698976816351391,211,53,25.1184834123223,0.38853803270176
2022-10-18,2022,290,TRUE,0.105781357702728,177,57,32.2033898305085,0.533642124101348
2022-10-19,2022,291,TRUE,0.472166788044549,198,49,24.7474747474748,0.243433941302173
2022-10-20,2022,292,TRUE,0.19301598397459,182,51,28.021978021978,0.315985987001967
2022-10-21,2022,293,TRUE,0.0883344324483556,176,39,22.1590909090909,-0.119326287196795
2022-10-22,2022,294,TRUE,-0.121028670604114,164,35,21.3414634146341,-0.264430378596383
2022-10-23,2022,295,TRUE,-0.138475595858486,163,35,21.4723926380368,-0.264430378596383
2022-10-24,2022,296,TRUE,0.943233769912605,225,54,24,0.424814055551657
2022-10-25,2022,297,TRUE,-0.243157147384721,157,35,22.2929936305733,-0.264430378596383
2022-10-26,2022,298,TRUE,-0.0337940443322515,169,31,18.3431952662722,-0.40953446999597
2022-10-27,2022,299,TRUE,0.402379087027059,194,50,25.7731958762887,0.27970996415207
2022-10-28,2022,300,TRUE,-0.260604072639093,156,25,16.025641025641,-0.627190607095351
2022-10-29,2022,301,TRUE,-1.32486651315581,95,14,14.7368421052632,-1.02622685844422
2022-10-30,2022,302,TRUE,-0.871246456542128,121,25,20.6611570247934,-0.627190607095351
2022-10-31,2022,303,TRUE,0.629189115333901,207,48,23.1884057971015,0.207157918452276
2022-11-01,2022,304,TRUE,2.23430623873617,299,122,40.8026755852843,2.89158360934464
2022-11-02,2022,305,TRUE,0.367485236518315,192,42,21.875,-0.0104982186471049
2022-11-03,2022,306,TRUE,-0.592095652472169,137,32,23.3576642335766,-0.373258447146073
2022-11-04,2022,307,TRUE,0.367485236518315,192,40,20.8333333333333,-0.0830502643468986
2022-11-05,2022,308,TRUE,-0.278050997893466,155,40,25.8064516129032,-0.0830502643468986
2022-11-06,2022,309,TRUE,-0.3827325494197,149,44,29.5302013422819,0.0620538270526887
2022-11-07,2022,310,TRUE,0.402379087027059,194,61,31.4432989690722,0.678746215500935
2022-11-08,2022,311,TRUE,-0.365285624165328,150,37,24.6666666666667,-0.191878332896589
2022-11-09,2022,312,TRUE,-0.539754876709052,140,40,28.5714285714286,-0.0830502643468986
2022-11-10,2022,313,TRUE,-0.121028670604114,164,39,23.7804878048781,-0.119326287196795
2022-11-11,2022,314,TRUE,-0.417626399928445,147,37,25.1700680272109,-0.191878332896589
2022-11-12,2022,315,TRUE,-0.871246456542128,121,10,8.26446280991735,-1.1713309498438
2022-11-13,2022,316,TRUE,-0.243157147384721,157,42,26.7515923566879,-0.0104982186471049
2022-11-14,2022,317,TRUE,0.0534405819396107,174,31,17.816091954023,-0.40953446999597
2022-11-15,2022,318,TRUE,-0.714224129252776,130,25,19.2307692307692,-0.627190607095351
2022-11-16,2022,319,TRUE,-0.731671054507149,129,34,26.3565891472868,-0.30070640144628
2022-11-17,2022,320,TRUE,-0.173369446367231,161,48,29.8136645962733,0.207157918452276
2022-11-18,2022,321,TRUE,-0.557201801963425,139,34,24.4604316546763,-0.30070640144628
2022-11-19,2022,322,TRUE,-0.661883353489659,133,15,11.2781954887218,-0.989950835594319
2022-11-20,2022,323,TRUE,-0.853799531287756,122,27,22.1311475409836,-0.554638561395557
2022-11-21,2022,324,TRUE,0.437272937535804,196,30,15.3061224489796,-0.445810492845867
2022-11-22,2022,325,TRUE,0.297697535500825,188,59,31.3829787234043,0.606194169801141
2022-11-23,2022,326,TRUE,-0.243157147384721,157,33,21.0191082802548,-0.336982424296176
2022-11-24,2022,327,TRUE,-0.714224129252776,130,18,13.8461538461538,-0.881122767044629
2022-11-25,2022,328,TRUE,0.472166788044549,198,48,24.2424242424242,0.207157918452276
2022-11-26,2022,329,TRUE,0.280250610246452,187,46,24.5989304812834,0.134605872752482
2022-11-27,2022,330,TRUE,0.559401414316411,203,63,31.0344827586207,0.751298261200728
2022-11-28,2022,331,TRUE,0.437272937535804,196,46,23.469387755102,0.134605872752482
2022-12-01,2022,334,TRUE,-0.417626399928445,147,31,21.0884353741497,-0.40953446999597
2022-12-02,2022,335,TRUE,-0.609542577726542,136,15,11.0294117647059,-0.989950835594319
2022-12-03,2022,336,TRUE,-0.155922521112859,162,44,27.1604938271605,0.0620538270526887
2022-12-04,2022,337,TRUE,-0.155922521112859,162,41,25.3086419753086,-0.0467742414970018
2022-12-05,2022,338,TRUE,1.01302147093009,229,45,19.6506550218341,0.0983298499025856
2022-12-06,2022,339,TRUE,0.00109980617649338,171,37,21.6374269005848,-0.191878332896589
2022-12-07,2022,340,TRUE,-0.0512409695866239,168,34,20.2380952380952,-0.30070640144628
2022-12-08,2022,341,TRUE,0.315144460755197,189,44,23.2804232804233,0.0620538270526887
2022-12-09,2022,342,TRUE,-0.31294484840221,153,35,22.8758169934641,-0.264430378596383
2022-12-10,2022,343,TRUE,-0.52230795145468,141,30,21.2765957446809,-0.445810492845867
2022-12-11,2022,344,TRUE,-0.766564905015894,127,26,20.4724409448819,-0.590914584245454
2022-12-12,2022,345,TRUE,-0.0337940443322515,169,27,15.9763313609467,-0.554638561395557
2022-12-13,2022,346,TRUE,-0.888693381796501,120,23,19.1666666666667,-0.699742652795145
2022-12-14,2022,347,TRUE,-0.435073325182818,146,34,23.2876712328767,-0.30070640144628
2022-12-15,2022,348,TRUE,-0.3827325494197,149,31,20.8053691275168,-0.40953446999597
2022-12-16,2022,349,TRUE,-0.3827325494197,149,26,17.4496644295302,-0.590914584245454
2022-12-17,2022,350,TRUE,-0.155922521112859,162,34,20.9876543209877,-0.30070640144628
2022-12-18,2022,351,TRUE,-0.347838698910955,151,48,31.7880794701987,0.207157918452276
2022-12-19,2022,352,TRUE,0.454719862790177,197,40,20.3045685279188,-0.0830502643468986
2022-12-20,2022,353,TRUE,0.733870666860136,213,52,24.4131455399061,0.352262009851863
2022-12-21,2022,354,TRUE,0.419826012281432,195,55,28.2051282051282,0.461090078401554
2022-12-22,2022,355,TRUE,0.995574545675722,228,47,20.6140350877193,0.170881895602379
2022-12-23,2022,356,TRUE,0.280250610246452,187,44,23.5294117647059,0.0620538270526887
2022-12-24,2022,357,TRUE,3.05431172569167,346,147,42.485549132948,3.79848418059206
2022-12-25,2022,358,TRUE,6.22965212198745,528,253,47.9166666666667,7.64374260268113
2022-12-26,2022,359,TRUE,0.245356759737708,185,65,35.1351351351351,0.823850306900522
2022-12-27,2022,360,TRUE,-0.103581745349741,165,41,24.8484848484849,-0.0467742414970018
2022-12-28,2022,361,TRUE,-0.208263296875976,159,53,33.3333333333333,0.38853803270176
2022-12-29,2022,362,TRUE,0.140675208211473,179,64,35.7541899441341,0.787574284050625
2022-12-30,2022,363,TRUE,-0.173369446367231,161,80,49.6894409937888,1.36799064964897
2022-12-31,2022,364,TRUE,4.69432269960268,440,182,41.3636363636364,5.06814498033845
2023-01-01,2023,0,TRUE,0.383592719046638,201,49,24.3781094527363,0.179202555084768
2023-01-02,2023,1,TRUE,0.138991379711081,186,66,35.4838709677419,0.756204695984674
2023-01-03,2023,2,TRUE,-0.0403829358016599,175,63,36,0.654380788767044
2023-01-04,2023,3,TRUE,0.236831915445304,192,53,27.6041666666667,0.314967764708275
2023-01-05,2023,4,TRUE,1.49245212403449,269,106,39.4052044609665,2.11385679221975
2023-01-06,2023,5,TRUE,1.81858724314857,289,127,43.9446366782007,2.82662414274316
2023-01-07,2023,6,TRUE,-0.268677519181512,161,40,24.8447204968944,-0.126269166568124
2023-01-08,2023,7,TRUE,-0.69265317402981,135,31,22.962962962963,-0.431740888221015
2023-01-09,2023,8,TRUE,-0.448051834694254,150,36,24,-0.262034376191631
2023-01-10,2023,9,TRUE,-0.872027489542551,124,28,22.5806451612903,-0.533564795438646
2023-01-11,2023,10,TRUE,0.448819742869453,205,73,35.609756097561,0.993793812825812
2023-01-12,2023,11,TRUE,-0.660039662118402,137,31,22.6277372262774,-0.431740888221015
2023-01-13,2023,12,TRUE,-0.317597787048624,158,25,15.8227848101266,-0.635388702656276
2023-01-14,2023,13,TRUE,3.38403581489613,385,132,34.2857142857143,2.99633065477255
2023-01-15,2023,14,TRUE,3.02528718387064,363,86,23.6914600550964,1.43503074410221
2023-01-16,2023,15,TRUE,-0.350211298960031,156,37,23.7179487179487,-0.228093073785754
2023-01-17,2023,16,TRUE,-1.03509504909959,114,20,17.5438596491228,-0.805095214685661
2023-01-18,2023,17,TRUE,-0.741573441896921,132,34,25.7575757575758,-0.329916981003385
2023-01-19,2023,18,TRUE,-0.69265317402981,135,29,21.4814814814815,-0.499623493032769
2023-01-20,2023,19,TRUE,-0.0893032036687711,172,36,20.9302325581395,-0.262034376191631
2023-01-21,2023,20,TRUE,-1.29600314439085,98,16,16.3265306122449,-0.940860424309168
2023-01-22,2023,21,TRUE,-0.69265317402981,135,26,19.2592592592593,-0.601447400250399
2023-01-23,2023,22,TRUE,0.138991379711081,186,35,18.8172043010753,-0.295975678597508
2023-01-24,2023,23,TRUE,-0.0729964477130674,173,32,18.4971098265896,-0.397799585815138
2023-01-25,2023,24,TRUE,-0.333904543004327,157,39,24.8407643312102,-0.160210468974
2023-01-26,2023,25,TRUE,-0.415438322782846,152,37,24.3421052631579,-0.228093073785754
2023-01-27,2023,26,TRUE,-0.105609959624475,171,39,22.8070175438597,-0.160210468974
2023-01-28,2023,27,TRUE,-0.448051834694254,150,36,24,-0.262034376191631
2023-01-29,2023,28,TRUE,-0.69265317402981,135,32,23.7037037037037,-0.397799585815138
2023-01-30,2023,29,TRUE,-0.0403829358016599,175,22,12.5714285714286,-0.737212609873907
2023-01-31,2023,30,TRUE,0.938022421540565,235,61,25.9574468085106,0.58649818395529
2023-02-01,2023,31,TRUE,0.204218403533896,190,38,20,-0.194151771379877
2023-02-02,2023,32,TRUE,1.5413723919016,272,56,20.5882352941177,0.416791671925906
2023-02-03,2023,33,TRUE,2.30778992181968,319,100,31.3479623824451,1.91020897778449
2023-02-04,2023,34,TRUE,0.155298135666785,187,37,19.7860962566845,-0.228093073785754
2023-02-05,2023,35,TRUE,-0.513278858517069,146,39,26.7123287671233,-0.160210468974
2023-02-06,2023,36,TRUE,-0.105609959624475,171,23,13.4502923976608,-0.70327130746803
2023-02-07,2023,37,TRUE,-0.317597787048624,158,23,14.5569620253165,-0.70327130746803
2023-02-08,2023,38,TRUE,-0.203450495358697,165,33,20,-0.363858283409262
2023-02-09,2023,39,TRUE,-0.154530227491586,168,33,19.6428571428571,-0.363858283409262
2023-02-10,2023,40,TRUE,0.986942689407676,238,33,13.8655462184874,-0.363858283409262
2023-02-11,2023,41,TRUE,0.465126498825156,206,42,20.3883495145631,-0.05838656175637
2023-02-12,2023,42,TRUE,-0.284984275137216,160,33,20.625,-0.363858283409262
2023-02-13,2023,43,TRUE,0.367285963090934,200,32,16,-0.397799585815138
2023-02-14,2023,44,TRUE,2.8459128683579,352,119,33.8068181818182,2.55509372349615
2023-02-15,2023,45,TRUE,-0.105609959624475,171,37,21.6374269005848,-0.228093073785754
2023-02-16,2023,46,TRUE,-0.415438322782846,152,34,22.3684210526316,-0.329916981003385
2023-02-17,2023,47,TRUE,-1.03509504909959,114,19,16.6666666666667,-0.839036517091537
2023-02-18,2023,48,TRUE,-0.69265317402981,135,33,24.4444444444444,-0.363858283409262
2023-02-19,2023,49,TRUE,-1.13293558483381,108,28,25.9259259259259,-0.533564795438646
2023-02-20,2023,50,TRUE,-0.284984275137216,160,22,13.75,-0.737212609873907
2023-02-21,2023,51,TRUE,-0.741573441896921,132,15,11.3636363636364,-0.974801726715045
2023-02-22,2023,52,TRUE,1.16631700492042,249,67,26.9076305220884,0.790145998390551
2023-02-23,2023,53,TRUE,-0.187143739402994,166,35,21.0843373493976,-0.295975678597508
2023-02-24,2023,54,TRUE,-0.333904543004327,157,23,14.6496815286624,-0.70327130746803
2023-02-25,2023,55,TRUE,-0.937254513365366,120,27,22.5,-0.567506097844523
2023-02-26,2023,56,TRUE,-1.0840153169667,111,21,18.9189189189189,-0.771153912279784
2023-02-27,2023,57,TRUE,-0.0240761798459561,176,18,10.2272727272727,-0.872977819497414
2023-02-28,2023,58,TRUE,-0.757880197852625,131,14,10.6870229007634,-1.00874302912092
2023-03-01,2023,59,TRUE,-0.138223471535882,169,53,31.3609467455621,0.314967764708275
2023-03-02,2023,60,TRUE,-0.415438322782846,152,22,14.4736842105263,-0.737212609873907
2023-03-03,2023,61,TRUE,-0.627426150206995,139,23,16.5467625899281,-0.70327130746803
2023-03-04,2023,62,TRUE,-0.121916715580179,170,50,29.4117647058824,0.213143857490645
2023-03-05,2023,63,TRUE,-0.399131566827142,153,37,24.1830065359477,-0.228093073785754
2023-03-06,2023,64,TRUE,-0.0893032036687711,172,46,26.7441860465116,0.0773786478671374
2023-03-07,2023,65,TRUE,-0.660039662118402,137,31,22.6277372262774,-0.431740888221015
2023-03-08,2023,66,TRUE,-0.382824810871439,154,33,21.4285714285714,-0.363858283409262
2023-03-09,2023,67,TRUE,-0.366518054915735,155,38,24.5161290322581,-0.194151771379877
2023-03-10,2023,68,TRUE,-0.284984275137216,160,41,25.625,-0.0923278641622468
2023-03-11,2023,69,TRUE,0.236831915445304,192,52,27.0833333333333,0.281026462302398
2023-03-12,2023,70,TRUE,-0.399131566827142,153,37,24.1830065359477,-0.228093073785754
2023-03-13,2023,71,TRUE,0.236831915445304,192,41,21.3541666666667,-0.0923278641622468
2023-03-14,2023,72,TRUE,-0.0893032036687711,172,26,15.1162790697674,-0.601447400250399
2023-03-15,2023,73,TRUE,-0.333904543004327,157,16,10.1910828025478,-0.940860424309168
2023-03-16,2023,74,TRUE,0.0574575999325626,181,43,23.7569060773481,-0.0244452593504931
2023-03-17,2023,75,TRUE,0.448819742869453,205,43,20.9756097560976,-0.0244452593504931
2023-03-18,2023,76,TRUE,-0.284984275137216,160,38,23.75,-0.194151771379877
2023-03-19,2023,77,TRUE,0.204218403533896,190,35,18.421052631579,-0.295975678597508
2023-03-20,2023,78,TRUE,0.921715665584861,234,40,17.0940170940171,-0.126269166568124
2023-03-21,2023,79,TRUE,1.39461158830027,263,98,37.2623574144487,1.84232637297273
2023-03-22,2023,80,TRUE,0.0737643558882664,182,44,24.1758241758242,0.00949604305538373
2023-03-23,2023,81,TRUE,0.285752183312415,195,53,27.1794871794872,0.314967764708275
2023-03-24,2023,82,TRUE,0.269445427356711,194,49,25.2577319587629,0.179202555084768
2023-03-25,2023,83,TRUE,0.693421082205009,220,87,39.5454545454546,1.46897204650809
2023-03-26,2023,84,TRUE,0.514046766692268,209,72,34.4497607655502,0.959852510419935
2023-03-27,2023,85,TRUE,1.19893051683183,251,65,25.8964143426295,0.722263393578797
2023-03-28,2023,86,TRUE,1.32938456447746,259,95,36.6795366795367,1.7405024657551
2023-03-29,2023,87,TRUE,1.98165480270561,299,122,40.8026755852843,2.65691763071378
2023-03-30,2023,88,TRUE,1.44353185616738,266,114,42.8571428571429,2.38538721146676
2023-03-31,2023,89,TRUE,0.905408909629157,233,80,34.3347639484979,1.23138292966695
2023-04-01,2023,90,TRUE,2.51977774924383,332,119,35.8433734939759,2.55509372349615
2023-04-02,2023,91,TRUE,3.79170471378872,410,167,40.7317073170732,4.18427623897824
2023-04-03,2023,92,TRUE,1.57398590381301,274,74,27.007299270073,1.02773511523169
2023-04-04,2023,93,TRUE,0.726034594116416,222,68,30.6306306306306,0.824087300796428
2023-04-05,2023,94,TRUE,1.1010899810976,245,82,33.469387755102,1.2992655344787
2023-04-06,2023,95,TRUE,3.20466149938339,374,113,30.2139037433155,2.35144590906089
2023-04-07,2023,96,TRUE,3.31880879107331,381,138,36.2204724409449,3.19997846920781
2023-04-08,2023,97,TRUE,3.15574123151627,371,161,43.3962264150943,3.98062842454297
2023-04-09,2023,98,TRUE,4.80272358304235,472,205,43.4322033898305,5.47404573040156
2023-04-10,2023,99,TRUE,-0.154530227491586,168,56,33.3333333333333,0.416791671925906
2023-04-11,2023,100,TRUE,-0.268677519181512,161,54,33.5403726708075,0.348909067114152
2023-04-12,2023,101,TRUE,-0.464358590649957,149,41,27.5167785234899,-0.0923278641622468
2023-04-13,2023,102,TRUE,-0.904641001453959,122,18,14.7540983606557,-0.872977819497414
2023-04-14,2023,103,TRUE,-0.513278858517069,146,41,28.0821917808219,-0.0923278641622468
2023-04-15,2023,104,TRUE,2.3893237015982,324,143,44.1358024691358,3.36968498123719
2023-04-16,2023,105,TRUE,0.465126498825156,206,62,30.0970873786408,0.620439486361167
2023-04-17,2023,106,TRUE,-0.0729964477130674,173,47,27.1676300578035,0.111319950273014
2023-04-18,2023,107,TRUE,-0.30129103109292,159,31,19.496855345912,-0.431740888221015
2023-04-19,2023,108,TRUE,-0.529585614472772,145,18,12.4137931034483,-0.872977819497414
2023-04-20,2023,109,TRUE,-0.236064007270105,163,27,16.5644171779141,-0.567506097844523
2023-04-21,2023,110,TRUE,-0.839413977631143,126,33,26.1904761904762,-0.363858283409262
2023-04-22,2023,111,TRUE,-1.11662882887811,109,12,11.0091743119266,-1.07662563393268
2023-04-23,2023,112,TRUE,-0.725266685941217,133,38,28.5714285714286,-0.194151771379877
2023-04-24,2023,113,TRUE,-0.382824810871439,154,28,18.1818181818182,-0.533564795438646
2023-04-25,2023,114,TRUE,0.236831915445304,192,57,29.6875,0.450732974331783
2023-04-26,2023,115,TRUE,0.0574575999325626,181,46,25.414364640884,0.0773786478671374
2023-04-27,2023,116,TRUE,0.269445427356711,194,46,23.7113402061856,0.0773786478671374
2023-04-28,2023,117,TRUE,0.204218403533896,190,53,27.8947368421053,0.314967764708275
2023-04-29,2023,118,TRUE,1.76966697528146,286,111,38.8111888111888,2.28356330424913
2023-04-30,2023,119,TRUE,0.0248440880211551,179,58,32.4022346368715,0.48467427673766
2023-05-01,2023,120,TRUE,0.187911647578193,189,44,23.2804232804233,0.00949604305538373
2023-05-02,2023,121,TRUE,0.383592719046638,201,70,34.8258706467662,0.891969905608182
2023-05-03,2023,122,TRUE,0.155298135666785,187,61,32.620320855615,0.58649818395529
2023-05-04,2023,123,TRUE,0.171604891622489,188,41,21.8085106382979,-0.0923278641622468
2023-05-05,2023,124,TRUE,0.285752183312415,195,39,20,-0.160210468974
2023-05-06,2023,125,TRUE,-0.0893032036687711,172,57,33.1395348837209,0.450732974331783
2023-05-07,2023,126,TRUE,-0.0893032036687711,172,37,21.5116279069767,-0.228093073785754
2023-05-10,2023,129,TRUE,0.465126498825156,206,54,26.2135922330097,0.348909067114152
2023-05-11,2023,130,TRUE,-0.43174507873855,151,23,15.2317880794702,-0.70327130746803
2023-05-12,2023,131,TRUE,0.367285963090934,200,37,18.5,-0.228093073785754
2023-05-13,2023,132,TRUE,0.823875129850639,228,56,24.5614035087719,0.416791671925906
2023-05-14,2023,133,TRUE,-0.725266685941217,133,28,21.0526315789474,-0.533564795438646
2023-05-15,2023,134,TRUE,1.13370349300901,247,57,23.0769230769231,0.450732974331783
2023-05-16,2023,135,TRUE,-0.236064007270105,163,31,19.0184049079755,-0.431740888221015
2023-05-17,2023,136,TRUE,-0.382824810871439,154,27,17.5324675324675,-0.567506097844523
2023-05-18,2023,137,TRUE,-0.774186953808329,130,20,15.3846153846154,-0.805095214685661
2023-05-19,2023,138,TRUE,0.448819742869453,205,55,26.8292682926829,0.382850369520029
2023-05-22,2023,141,TRUE,1.28046429661034,256,76,29.6875,1.09561772004344
2023-05-23,2023,142,TRUE,0.970635933451972,237,84,35.4430379746835,1.36714813929046
2023-05-24,2023,143,TRUE,0.0737643558882664,182,48,26.3736263736264,0.145261252678891
2023-05-25,2023,144,TRUE,-0.154530227491586,168,40,23.8095238095238,-0.126269166568124
2023-05-26,2023,145,TRUE,0.35097920713523,199,61,30.6532663316583,0.58649818395529
2023-05-27,2023,146,TRUE,-0.529585614472772,145,32,22.0689655172414,-0.397799585815138
2023-05-28,2023,147,TRUE,0.122684623755378,185,49,26.4864864864865,0.179202555084768
2023-05-29,2023,148,TRUE,-0.17083698344729,167,33,19.7604790419162,-0.363858283409262
2023-05-30,2023,149,TRUE,-0.399131566827142,153,25,16.3398692810458,-0.635388702656276
2023-05-31,2023,150,TRUE,0.0737643558882664,182,32,17.5824175824176,-0.397799585815138
2023-06-01,2023,151,TRUE,-0.611119394251291,140,31,22.1428571428571,-0.431740888221015
2023-06-02,2023,152,TRUE,-0.350211298960031,156,47,30.1282051282051,0.111319950273014
2023-06-03,2023,153,TRUE,-0.350211298960031,156,57,36.5384615384615,0.450732974331783
2023-06-04,2023,154,TRUE,-0.268677519181512,161,44,27.3291925465839,0.00949604305538373
2023-06-05,2023,155,TRUE,0.546660278603675,211,40,18.957345971564,-0.126269166568124
2023-06-06,2023,156,TRUE,-0.00776942389025237,177,43,24.2937853107345,-0.0244452593504931
2023-06-07,2023,157,TRUE,1.29677105256605,257,86,33.4630350194553,1.43503074410221
2023-06-08,2023,158,TRUE,2.3730169456425,323,113,34.984520123839,2.35144590906089
2023-06-09,2023,159,TRUE,0.628194058382194,216,64,29.6296296296296,0.688322091172921
2023-06-10,2023,160,TRUE,-0.937254513365366,120,35,29.1666666666667,-0.295975678597508
2023-06-11,2023,161,TRUE,-0.496972102561365,147,44,29.9319727891157,0.00949604305538373
2023-06-12,2023,162,TRUE,-0.0240761798459561,176,39,22.1590909090909,-0.160210468974
2023-06-13,2023,163,TRUE,0.774954861983528,225,67,29.7777777777778,0.790145998390551
2023-06-14,2023,164,TRUE,0.204218403533896,190,56,29.4736842105263,0.416791671925906
2023-06-15,2023,165,TRUE,-0.203450495358697,165,52,31.5151515151515,0.281026462302398
2023-06-16,2023,166,TRUE,0.758648106027824,224,37,16.5178571428571,-0.228093073785754
2023-06-17,2023,167,TRUE,-0.56219912638418,143,24,16.7832167832168,-0.669330005062153
2023-06-18,2023,168,TRUE,-0.904641001453959,122,30,24.5901639344262,-0.465682190626892
2023-06-19,2023,169,TRUE,-0.415438322782846,152,23,15.1315789473684,-0.70327130746803
2023-06-20,2023,170,TRUE,0.758648106027824,224,32,14.2857142857143,-0.397799585815138
2023-06-21,2023,171,TRUE,-0.317597787048624,158,21,13.2911392405063,-0.771153912279784
2023-06-22,2023,172,TRUE,-0.855720733586847,125,37,29.6,-0.228093073785754
2023-06-23,2023,173,TRUE,-0.464358590649957,149,15,10.0671140939597,-0.974801726715045
2023-06-24,2023,174,TRUE,-0.268677519181512,161,34,21.1180124223602,-0.329916981003385
2023-06-25,2023,175,TRUE,-0.219757251314401,164,55,33.5365853658537,0.382850369520029
2023-06-26,2023,176,TRUE,0.497740010736564,208,30,14.4230769230769,-0.465682190626892
2023-06-27,2023,177,TRUE,-0.480665346605661,148,32,21.6216216216216,-0.397799585815138
2023-06-28,2023,178,TRUE,0.0737643558882664,182,42,23.0769230769231,-0.05838656175637
2023-06-29,2023,179,TRUE,0.465126498825156,206,45,21.8446601941748,0.0434373454612606
2023-06-30,2023,180,TRUE,-0.138223471535882,169,35,20.7100591715976,-0.295975678597508
2023-07-01,2023,181,TRUE,-0.350211298960031,156,42,26.9230769230769,-0.05838656175637
2023-07-02,2023,182,TRUE,-0.904641001453959,122,29,23.7704918032787,-0.499623493032769
2023-07-03,2023,183,TRUE,-0.284984275137216,160,29,18.125,-0.499623493032769
2023-07-04,2023,184,TRUE,-1.03509504909959,114,22,19.2982456140351,-0.737212609873907
2023-07-05,2023,185,TRUE,-0.937254513365366,120,19,15.8333333333333,-0.839036517091537
2023-07-06,2023,186,TRUE,-1.05140180505529,113,24,21.2389380530973,-0.669330005062153
2023-07-07,2023,187,TRUE,-0.969868025276774,118,26,22.0338983050848,-0.601447400250399
2023-07-08,2023,188,TRUE,-1.44276394799218,89,14,15.7303370786517,-1.00874302912092
2023-07-09,2023,189,TRUE,-0.757880197852625,131,37,28.2442748091603,-0.228093073785754
2023-07-10,2023,190,TRUE,-0.774186953808329,130,34,26.1538461538462,-0.329916981003385
2023-07-11,2023,191,TRUE,-1.31230990034655,97,8,8.24742268041237,-1.21239084355618
2023-07-12,2023,192,TRUE,-1.34492341225796,95,14,14.7368421052632,-1.00874302912092
2023-07-13,2023,193,TRUE,-0.806800465719736,128,29,22.65625,-0.499623493032769
2023-07-14,2023,194,TRUE,-0.888334245498255,123,15,12.1951219512195,-0.974801726715045
2023-07-15,2023,195,TRUE,-1.44276394799218,89,21,23.5955056179775,-0.771153912279784
2023-07-16,2023,196,TRUE,-1.29600314439085,98,14,14.2857142857143,-1.00874302912092
2023-07-17,2023,197,TRUE,-0.839413977631143,126,18,14.2857142857143,-0.872977819497414
2023-07-18,2023,198,TRUE,-1.05140180505529,113,18,15.929203539823,-0.872977819497414
2023-07-19,2023,199,TRUE,-0.660039662118402,137,22,16.0583941605839,-0.737212609873907
2023-07-20,2023,200,TRUE,-0.937254513365366,120,20,16.6666666666667,-0.805095214685661
2023-07-21,2023,201,TRUE,-1.05140180505529,113,21,18.5840707964602,-0.771153912279784
2023-07-22,2023,202,TRUE,-1.27969638843514,99,16,16.1616161616162,-0.940860424309168
2023-07-23,2023,203,TRUE,-0.725266685941217,133,37,27.8195488721805,-0.228093073785754
2023-07-24,2023,204,TRUE,-0.529585614472772,145,25,17.2413793103448,-0.635388702656276
2023-07-25,2023,205,TRUE,-0.448051834694254,150,35,23.3333333333333,-0.295975678597508
2023-07-26,2023,206,TRUE,-0.236064007270105,163,42,25.7668711656442,-0.05838656175637
2023-07-27,2023,207,TRUE,-0.774186953808329,130,32,24.6153846153846,-0.397799585815138
2023-07-28,2023,208,TRUE,-1.067708561011,112,22,19.6428571428571,-0.737212609873907
2023-07-29,2023,209,TRUE,-1.31230990034655,97,19,19.5876288659794,-0.839036517091537
2023-07-30,2023,210,TRUE,-0.872027489542551,124,29,23.3870967741936,-0.499623493032769
2023-07-31,2023,211,TRUE,-0.774186953808329,130,17,13.0769230769231,-0.906919121903291
2023-08-01,2023,212,TRUE,-0.480665346605661,148,30,20.2702702702703,-0.465682190626892
2023-08-02,2023,213,TRUE,0.285752183312415,195,60,30.7692307692308,0.552556881549413
2023-08-03,2023,214,TRUE,0.546660278603675,211,63,29.8578199052133,0.654380788767044
2023-08-04,2023,215,TRUE,-0.236064007270105,163,39,23.9263803680982,-0.160210468974
2023-08-05,2023,216,TRUE,0.0574575999325626,181,38,20.9944751381215,-0.194151771379877
2023-08-06,2023,217,TRUE,-0.350211298960031,156,41,26.2820512820513,-0.0923278641622468
2023-08-07,2023,218,TRUE,0.122684623755378,185,49,26.4864864864865,0.179202555084768
2023-08-08,2023,219,TRUE,-0.480665346605661,148,41,27.7027027027027,-0.0923278641622468
2023-08-09,2023,220,TRUE,-0.399131566827142,153,35,22.8758169934641,-0.295975678597508
2023-08-10,2023,221,TRUE,-0.382824810871439,154,31,20.1298701298701,-0.431740888221015
2023-08-11,2023,222,TRUE,-0.464358590649957,149,34,22.8187919463087,-0.329916981003385
2023-08-12,2023,223,TRUE,-0.855720733586847,125,27,21.6,-0.567506097844523
2023-08-13,2023,224,TRUE,-0.790493709764032,129,38,29.4573643410853,-0.194151771379877
2023-08-14,2023,225,TRUE,1.01955620131908,240,71,29.5833333333333,0.925911208014058
2023-08-15,2023,226,TRUE,5.11255194620073,491,202,41.1405295315682,5.37222182318392
2023-08-16,2023,227,TRUE,1.42722510021168,265,73,27.5471698113208,0.993793812825812
2023-08-17,2023,228,TRUE,-0.187143739402994,166,38,22.8915662650602,-0.194151771379877
2023-08-18,2023,229,TRUE,-0.937254513365366,120,22,18.3333333333333,-0.737212609873907
2023-08-19,2023,230,TRUE,-1.1003220729224,110,27,24.5454545454546,-0.567506097844523
2023-08-20,2023,231,TRUE,-0.920947757409662,121,30,24.7933884297521,-0.465682190626892
2023-08-21,2023,232,TRUE,-0.578505882339884,142,31,21.830985915493,-0.431740888221015
2023-08-22,2023,233,TRUE,-0.69265317402981,135,25,18.5185185185185,-0.635388702656276
2023-08-23,2023,234,TRUE,-1.00248153718818,116,19,16.3793103448276,-0.839036517091537
2023-08-24,2023,235,TRUE,-0.105609959624475,171,41,23.9766081871345,-0.0923278641622468
2023-08-25,2023,236,TRUE,-0.317597787048624,158,31,19.620253164557,-0.431740888221015
2023-08-26,2023,237,TRUE,-0.627426150206995,139,44,31.6546762589928,0.00949604305538373
2023-08-27,2023,238,TRUE,-0.350211298960031,156,36,23.0769230769231,-0.262034376191631
2023-08-28,2023,239,TRUE,0.253138671401008,193,57,29.5336787564767,0.450732974331783
2023-08-29,2023,240,TRUE,-0.611119394251291,140,29,20.7142857142857,-0.499623493032769
2023-08-30,2023,241,TRUE,-0.643732906162699,138,40,28.9855072463768,-0.126269166568124
2023-08-31,2023,242,TRUE,-0.43174507873855,151,37,24.5033112582781,-0.228093073785754
2023-09-01,2023,243,TRUE,-0.415438322782846,152,26,17.1052631578947,-0.601447400250399
2023-09-02,2023,244,TRUE,-0.154530227491586,168,52,30.952380952381,0.281026462302398
2023-09-03,2023,245,TRUE,0.791261617939231,226,77,34.070796460177,1.12955902244932
2023-09-04,2023,246,TRUE,-0.17083698344729,167,45,26.9461077844311,0.0434373454612606
2023-09-05,2023,247,TRUE,-0.30129103109292,159,35,22.0125786163522,-0.295975678597508
2023-09-06,2023,248,TRUE,-0.594812638295587,141,21,14.8936170212766,-0.771153912279784
2023-09-07,2023,249,TRUE,-0.0893032036687711,172,39,22.6744186046512,-0.160210468974
2023-09-08,2023,250,TRUE,2.3893237015982,324,72,22.2222222222222,0.959852510419935
2023-09-09,2023,251,TRUE,0.0900711118439701,183,31,16.9398907103825,-0.431740888221015
2023-09-10,2023,252,TRUE,-0.448051834694254,150,44,29.3333333333333,0.00949604305538373
2023-09-11,2023,253,TRUE,0.399899475002341,202,43,21.2871287128713,-0.0244452593504931
2023-09-12,2023,254,TRUE,-0.806800465719736,128,29,22.65625,-0.499623493032769
2023-09-13,2023,255,TRUE,-0.464358590649957,149,26,17.4496644295302,-0.601447400250399
2023-09-14,2023,256,TRUE,-0.284984275137216,160,23,14.375,-0.70327130746803
2023-09-15,2023,257,TRUE,-0.203450495358697,165,24,14.5454545454545,-0.669330005062153
2023-09-16,2023,258,TRUE,-0.969868025276774,118,17,14.406779661017,-0.906919121903291
2023-09-17,2023,259,TRUE,-0.399131566827142,153,39,25.4901960784314,-0.160210468974
2023-09-18,2023,260,TRUE,0.106377867799674,184,38,20.6521739130435,-0.194151771379877
2023-09-19,2023,261,TRUE,-0.986174781232477,117,21,17.948717948718,-0.771153912279784
2023-09-20,2023,262,TRUE,-0.382824810871439,154,35,22.7272727272727,-0.295975678597508
2023-09-21,2023,263,TRUE,-0.790493709764032,129,33,25.5813953488372,-0.363858283409262
2023-09-22,2023,264,TRUE,-0.725266685941217,133,35,26.3157894736842,-0.295975678597508
2023-09-23,2023,265,TRUE,-0.643732906162699,138,21,15.2173913043478,-0.771153912279784
2023-09-24,2023,266,TRUE,-0.790493709764032,129,27,20.9302325581395,-0.567506097844523
2023-09-25,2023,267,TRUE,0.0411508439768589,180,40,22.2222222222222,-0.126269166568124
2023-09-26,2023,268,TRUE,0.155298135666785,187,28,14.9732620320856,-0.533564795438646
2023-09-27,2023,269,TRUE,-0.0893032036687711,172,30,17.4418604651163,-0.465682190626892
2023-09-28,2023,270,TRUE,-0.105609959624475,171,29,16.9590643274854,-0.499623493032769
2023-09-29,2023,271,TRUE,-0.154530227491586,168,33,19.6428571428571,-0.363858283409262
2023-09-30,2023,272,TRUE,-0.268677519181512,161,31,19.2546583850932,-0.431740888221015
2023-10-01,2023,273,TRUE,-0.545892370428476,144,11,7.63888888888889,-1.11056693633855
2023-10-02,2023,274,TRUE,1.31307780852175,258,74,28.6821705426357,1.02773511523169
2023-10-03,2023,275,TRUE,0.579273790515083,213,38,17.8403755868545,-0.194151771379877
2023-10-04,2023,276,TRUE,0.497740010736564,208,47,22.5961538461538,0.111319950273014
2023-10-05,2023,277,TRUE,-0.513278858517069,146,22,15.0684931506849,-0.737212609873907
2023-10-06,2023,278,TRUE,-0.513278858517069,146,23,15.7534246575342,-0.70327130746803
2023-10-07,2023,279,TRUE,-0.627426150206995,139,29,20.863309352518,-0.499623493032769
2023-10-08,2023,280,TRUE,-0.382824810871439,154,33,21.4285714285714,-0.363858283409262
2023-10-09,2023,281,TRUE,0.253138671401008,193,33,17.0984455958549,-0.363858283409262
2023-10-10,2023,282,TRUE,-0.95356126932107,119,18,15.1260504201681,-0.872977819497414
2023-10-11,2023,283,TRUE,-0.806800465719736,128,19,14.84375,-0.839036517091537
2023-10-12,2023,284,TRUE,-0.839413977631143,126,16,12.6984126984127,-0.940860424309168
2023-10-13,2023,285,TRUE,-0.415438322782846,152,31,20.3947368421053,-0.431740888221015
2023-10-14,2023,286,TRUE,-0.920947757409662,121,22,18.1818181818182,-0.737212609873907
2023-10-15,2023,287,TRUE,-0.30129103109292,159,43,27.0440251572327,-0.0244452593504931
2023-10-16,2023,288,TRUE,0.0900711118439701,183,31,16.9398907103825,-0.431740888221015
2023-10-17,2023,289,TRUE,-0.0403829358016599,175,41,23.4285714285714,-0.0923278641622468
2023-10-18,2023,290,TRUE,0.35097920713523,199,51,25.6281407035176,0.247085159896522
2023-10-19,2023,291,TRUE,-0.154530227491586,168,29,17.2619047619048,-0.499623493032769
2023-10-20,2023,292,TRUE,0.0574575999325626,181,40,22.0994475138122,-0.126269166568124
2023-10-21,2023,293,TRUE,-0.480665346605661,148,27,18.2432432432432,-0.567506097844523
2023-10-22,2023,294,TRUE,-0.529585614472772,145,26,17.9310344827586,-0.601447400250399
2023-10-23,2023,295,TRUE,0.0737643558882664,182,36,19.7802197802198,-0.262034376191631
2023-10-24,2023,296,TRUE,0.187911647578193,189,44,23.2804232804233,0.00949604305538373
2023-10-25,2023,297,TRUE,-0.69265317402981,135,17,12.5925925925926,-0.906919121903291
2023-10-26,2023,298,TRUE,-0.969868025276774,118,17,14.406779661017,-0.906919121903291
2023-10-27,2023,299,TRUE,-0.333904543004327,157,29,18.4713375796178,-0.499623493032769
2023-10-28,2023,300,TRUE,-0.741573441896921,132,30,22.7272727272727,-0.465682190626892
2023-10-29,2023,301,TRUE,-0.513278858517069,146,31,21.2328767123288,-0.431740888221015
2023-10-30,2023,302,TRUE,1.21523727278753,252,65,25.7936507936508,0.722263393578797
2023-10-31,2023,303,TRUE,0.302058939268119,196,46,23.469387755102,0.0773786478671374
2023-11-01,2023,304,TRUE,1.44353185616738,266,91,34.2105263157895,1.6047372561316
2023-11-02,2023,305,TRUE,0.138991379711081,186,38,20.4301075268817,-0.194151771379877
2023-11-03,2023,306,TRUE,-0.594812638295587,141,25,17.7304964539007,-0.635388702656276
2023-11-04,2023,307,TRUE,-0.904641001453959,122,27,22.1311475409836,-0.567506097844523
2023-11-05,2023,308,TRUE,-0.529585614472772,145,32,22.0689655172414,-0.397799585815138
2023-11-06,2023,309,TRUE,-0.513278858517069,146,17,11.6438356164384,-0.906919121903291
2023-11-07,2023,310,TRUE,-0.774186953808329,130,18,13.8461538461538,-0.872977819497414
2023-11-08,2023,311,TRUE,-0.17083698344729,167,47,28.1437125748503,0.111319950273014
2023-11-09,2023,312,TRUE,-0.00776942389025237,177,35,19.774011299435,-0.295975678597508
2023-11-10,2023,313,TRUE,-0.0729964477130674,173,34,19.6531791907514,-0.329916981003385
2023-11-11,2023,314,TRUE,-0.154530227491586,168,43,25.5952380952381,-0.0244452593504931
2023-11-12,2023,315,TRUE,-0.757880197852625,131,21,16.030534351145,-0.771153912279784
2023-11-13,2023,316,TRUE,0.171604891622489,188,27,14.3617021276596,-0.567506097844523
2023-11-14,2023,317,TRUE,-0.366518054915735,155,25,16.1290322580645,-0.635388702656276
2023-11-15,2023,318,TRUE,-0.219757251314401,164,41,25,-0.0923278641622468
2023-11-16,2023,319,TRUE,-0.578505882339884,142,33,23.2394366197183,-0.363858283409262
2023-11-17,2023,320,TRUE,-0.643732906162699,138,26,18.8405797101449,-0.601447400250399
2023-11-18,2023,321,TRUE,-1.01878829314388,115,23,20,-0.70327130746803
2023-11-19,2023,322,TRUE,-1.067708561011,112,23,20.5357142857143,-0.70327130746803
2023-11-20,2023,323,TRUE,0.155298135666785,187,25,13.3689839572193,-0.635388702656276
2023-11-21,2023,324,TRUE,-0.366518054915735,155,31,20,-0.431740888221015
2023-11-22,2023,325,TRUE,-0.708959929985514,134,18,13.4328358208955,-0.872977819497414
2023-11-23,2023,326,TRUE,-0.366518054915735,155,35,22.5806451612903,-0.295975678597508
2023-11-24,2023,327,TRUE,-0.284984275137216,160,33,20.625,-0.363858283409262
2023-11-25,2023,328,TRUE,-0.382824810871439,154,34,22.0779220779221,-0.329916981003385
2023-11-26,2023,329,TRUE,-0.154530227491586,168,49,29.1666666666667,0.179202555084768
2023-11-27,2023,330,TRUE,-0.0566896917573636,174,40,22.9885057471264,-0.126269166568124
2023-11-28,2023,331,TRUE,-0.121916715580179,170,24,14.1176470588235,-0.669330005062153
2023-11-29,2023,332,TRUE,0.318365695223823,197,38,19.2893401015228,-0.194151771379877
2023-11-30,2023,333,TRUE,-0.317597787048624,158,38,24.0506329113924,-0.194151771379877
2023-12-01,2023,334,TRUE,-0.105609959624475,171,30,17.5438596491228,-0.465682190626892
2023-12-02,2023,335,TRUE,0.106377867799674,184,39,21.195652173913,-0.160210468974
2023-12-03,2023,336,TRUE,1.23154402874323,253,91,35.9683794466403,1.6047372561316
2023-12-04,2023,337,TRUE,0.155298135666785,187,29,15.5080213903743,-0.499623493032769
2023-12-05,2023,338,TRUE,-0.660039662118402,137,22,16.0583941605839,-0.737212609873907
2023-12-06,2023,339,TRUE,0.595580546470786,214,32,14.9532710280374,-0.397799585815138
2023-12-07,2023,340,TRUE,-0.105609959624475,171,27,15.7894736842105,-0.567506097844523
2023-12-08,2023,341,TRUE,1.00324944536338,239,61,25.5230125523013,0.58649818395529
2023-12-09,2023,342,TRUE,-0.0566896917573636,174,33,18.9655172413793,-0.363858283409262
2023-12-10,2023,343,TRUE,-0.219757251314401,164,31,18.9024390243902,-0.431740888221015
2023-12-11,2023,344,TRUE,0.432512986913749,204,40,19.6078431372549,-0.126269166568124
2023-12-12,2023,345,TRUE,-0.741573441896921,132,29,21.969696969697,-0.499623493032769
2023-12-13,2023,346,TRUE,-0.105609959624475,171,38,22.2222222222222,-0.194151771379877
2023-12-14,2023,347,TRUE,-0.415438322782846,152,33,21.7105263157895,-0.363858283409262
2023-12-15,2023,348,TRUE,-0.121916715580179,170,28,16.4705882352941,-0.533564795438646
2023-12-16,2023,349,TRUE,-0.545892370428476,144,38,26.3888888888889,-0.194151771379877
2023-12-17,2023,350,TRUE,0.0900711118439701,183,52,28.4153005464481,0.281026462302398
2023-12-18,2023,351,TRUE,2.09580209439553,306,98,32.0261437908497,1.84232637297273
2023-12-19,2023,352,TRUE,0.840181885806343,229,69,30.1310043668122,0.858028603202305
2023-12-20,2023,353,TRUE,1.0684764691862,243,70,28.8065843621399,0.891969905608182
2023-12-21,2023,354,TRUE,1.01955620131908,240,63,26.25,0.654380788767044
2023-12-22,2023,355,TRUE,1.44353185616738,266,64,24.0601503759399,0.688322091172921
2023-12-23,2023,356,TRUE,1.60659941572442,276,84,30.4347826086957,1.36714813929046
2023-12-24,2023,357,TRUE,3.82431822570013,412,149,36.1650485436893,3.57333279567245
2023-12-25,2023,358,TRUE,5.4223803093591,510,217,42.5490196078431,5.88134135927208
2023-12-26,2023,359,TRUE,1.9490412907942,297,118,39.7306397306397,2.52115242109027
2023-12-27,2023,360,TRUE,0.00853733206545138,178,70,39.3258426966292,0.891969905608182
2023-12-28,2023,361,TRUE,-0.920947757409662,121,23,19.0082644628099,-0.70327130746803
2023-12-29,2023,362,TRUE,-0.904641001453959,122,26,21.3114754098361,-0.601447400250399
2023-12-30,2023,363,TRUE,-0.627426150206995,139,46,33.0935251798561,0.0773786478671374
2023-12-31,2023,364,TRUE,-0.496972102561365,147,41,27.891156462585,-0.0923278641622468
2024-01-01,2024,0,TRUE,-1.15814970491018,150,38,25.3333333333333,-0.664789348366552
2024-01-02,2024,1,TRUE,-1.14888379106499,151,24,15.8940397350993,-0.954497548602081
2024-01-03,2024,2,TRUE,-1.38979755103974,125,25,20,-0.933804105728115
2024-01-04,2024,3,TRUE,-0.963565514161344,171,50,29.2397660818713,-0.416468033878956
2024-01-05,2024,4,TRUE,-1.19521336029091,146,28,19.1780821917808,-0.871723777106216
2024-01-06,2024,5,TRUE,0.185407802641284,295,95,32.2033898305085,0.51473689544953
2024-01-07,2024,6,TRUE,-1.15814970491018,150,40,26.6666666666667,-0.623402462618619
2024-01-08,2024,7,TRUE,-0.926501858780614,175,48,27.4285714285714,-0.457854919626889
2024-06-01,2024,152,TRUE,-1.21374518798127,144,29,20.1388888888889,-0.851030334232249
2024-06-02,2024,153,TRUE,-1.32493615412346,132,33,25,-0.768256562736384
2024-06-03,2024,154,TRUE,-0.61146078804441,209,44,21.0526315789474,-0.540628691122754
2024-06-04,2024,155,TRUE,-1.00989508338726,166,24,14.4578313253012,-0.954497548602081
2024-06-05,2024,156,TRUE,-0.0740377850238255,267,79,29.5880149812734,0.183641809466069
2024-06-06,2024,157,TRUE,-0.546599391128132,216,68,31.4814814814815,-0.0439860621475614
2024-06-07,2024,158,TRUE,-0.194494665011198,254,73,28.740157480315,0.0594811522222704
2024-06-08,2024,159,TRUE,-0.768981323412512,192,47,24.4791666666667,-0.478548362500855
2024-06-09,2024,160,TRUE,-1.23227701567164,142,29,20.4225352112676,-0.851030334232249
2024-06-10,2024,161,TRUE,-0.491003908057038,222,39,17.5675675675676,-0.644095905492586
2024-06-11,2024,162,TRUE,-0.917235944935432,176,41,23.2954545454545,-0.602709019744653
2024-06-12,2024,163,TRUE,-0.982097341851709,169,45,26.6272189349112,-0.519935248248788
2024-06-13,2024,164,TRUE,-0.694854012651052,200,53,26.5,-0.354387705257057
2024-06-14,2024,165,TRUE,-0.861640461864337,182,44,24.1758241758242,-0.540628691122754
2024-06-15,2024,166,TRUE,-1.26934067105237,138,42,30.4347826086957,-0.582015576870687
2024-06-16,2024,167,TRUE,-1.54731808640784,108,16,14.8148148148148,-1.12004509159381
2024-06-17,2024,168,TRUE,-0.620726701889592,208,53,25.4807692307692,-0.354387705257057
2024-06-18,2024,169,TRUE,-0.870906375709519,181,52,28.7292817679558,-0.375081148131023
2024-06-19,2024,170,TRUE,-1.14888379106499,151,31,20.5298013245033,-0.809643448484317
2024-06-20,2024,171,TRUE,-0.639258529579957,206,69,33.495145631068,-0.023292619273595
2024-06-21,2024,172,TRUE,-0.982097341851709,169,27,15.9763313609467,-0.892417219980182
2024-06-22,2024,173,TRUE,-1.38979755103974,125,19,15.2,-1.05796476297191
2024-06-23,2024,174,TRUE,-1.13035196337463,153,54,35.2941176470588,-0.33369426238309
2024-06-24,2024,175,TRUE,-0.704119926496235,199,43,21.608040201005,-0.56132213399672
2024-06-25,2024,176,TRUE,-1.02842691107762,164,32,19.5121951219512,-0.78895000561035
2024-06-26,2024,177,TRUE,-0.982097341851709,169,39,23.0769230769231,-0.644095905492586
2024-06-27,2024,178,TRUE,-1.19521336029091,146,24,16.4383561643836,-0.954497548602081
2024-06-28,2024,179,TRUE,-0.592928960354045,211,48,22.7488151658768,-0.457854919626889
2024-06-29,2024,180,TRUE,-0.778247237257695,191,37,19.3717277486911,-0.685482791240519
2024-06-30,2024,181,TRUE,-1.0932883079939,157,34,21.656050955414,-0.747563119862418
2024-07-01,2024,182,TRUE,0.417055648770846,320,49,15.3125,-0.437161476752922
2024-07-02,2024,183,TRUE,0.565310270293766,336,74,22.0238095238095,0.0801745950962368
2024-07-03,2024,184,TRUE,1.24172198099209,409,97,23.7163814180929,0.556123781197463
2024-07-04,2024,185,TRUE,0.778426288732964,359,59,16.4345403899721,-0.230227048013259
2024-07-05,2024,186,TRUE,0.194673716486467,296,77,26.0135135135135,0.142254923718136
2024-07-06,2024,187,TRUE,-0.324217458843753,240,57,23.75,-0.271613933761191
2024-07-07,2024,188,TRUE,-0.194494665011198,254,63,24.8031496062992,-0.147453276517393
2024-07-08,2024,189,TRUE,-0.12963326809492,261,51,19.5402298850575,-0.395774591004989
2024-07-09,2024,190,TRUE,-0.259356061927475,247,69,27.9352226720648,-0.023292619273595
2024-07-10,2024,191,TRUE,-0.0184423019527305,273,76,27.8388278388278,0.121561480844169
2024-07-11,2024,192,TRUE,-0.667056271115505,203,36,17.7339901477833,-0.706176234114485
2024-07-12,2024,193,TRUE,-0.481737994211855,223,36,16.1434977578475,-0.706176234114485
2024-07-13,2024,194,TRUE,-0.324217458843753,240,70,29.1666666666667,-0.00259917639962867
2024-07-14,2024,195,TRUE,-0.731917668031782,196,39,19.8979591836735,-0.644095905492586
2024-07-15,2024,196,TRUE,-0.27788788961784,245,38,15.5102040816327,-0.664789348366552
2024-07-16,2024,197,TRUE,-0.3520152003793,237,38,16.0337552742616,-0.664789348366552
2024-07-17,2024,198,TRUE,-0.444674338831125,227,51,22.4669603524229,-0.395774591004989
2024-07-18,2024,199,TRUE,-0.750449495722147,194,36,18.5567010309278,-0.706176234114485
2024-07-19,2024,200,TRUE,-0.694854012651052,200,29,14.5,-0.851030334232249
2024-07-20,2024,201,TRUE,-0.935767772625797,174,24,13.7931034482759,-0.954497548602081
2024-07-21,2024,202,TRUE,-0.870906375709519,181,37,20.4419889502762,-0.685482791240519
2024-07-22,2024,203,TRUE,-0.213026492701563,252,60,23.8095238095238,-0.209533605139292
2024-07-23,2024,204,TRUE,-0.61146078804441,209,35,16.7464114832536,-0.726869676988451
2024-07-24,2024,205,TRUE,-0.629992615734775,207,52,25.1207729468599,-0.375081148131023
2024-07-25,2024,206,TRUE,-0.657790357270322,204,39,19.1176470588235,-0.644095905492586
2024-07-26,2024,207,TRUE,-0.472472080366673,224,47,20.9821428571429,-0.478548362500855
2024-07-27,2024,208,TRUE,-0.778247237257695,191,40,20.9424083769634,-0.623402462618619
2024-07-28,2024,209,TRUE,0.157610061105737,292,110,37.6712328767123,0.825138538559026
2024-07-29,2024,210,TRUE,0.305864682628657,308,84,27.2727272727273,0.2871090238359
2024-07-30,2024,211,TRUE,-0.138899181940103,260,69,26.5384615384615,-0.023292619273595
2024-07-31,2024,212,TRUE,-0.64852444342514,205,47,22.9268292682927,-0.478548362500855
2024-08-01,2024,213,TRUE,-0.518801649592585,219,41,18.7214611872146,-0.602709019744653
2024-08-02,2024,214,TRUE,-0.0925696127141905,265,57,21.5094339622642,-0.271613933761191
2024-08-03,2024,215,TRUE,-0.0369741296430955,271,83,30.6273062730627,0.266415580961934
2024-08-04,2024,216,TRUE,-0.416876597295578,230,52,22.6086956521739,-0.375081148131023
2024-08-05,2024,217,TRUE,-0.268621975772658,246,69,28.0487804878049,-0.023292619273595
2024-08-06,2024,218,TRUE,0.0834827503442768,284,50,17.6056338028169,-0.416468033878956
2024-08-07,2024,219,TRUE,-0.101835526559373,264,81,30.6818181818182,0.225028695214001
2024-08-08,2024,220,TRUE,-0.305685631153388,242,58,23.9669421487603,-0.250920490887225
2024-08-09,2024,221,TRUE,-0.175962837320833,256,68,26.5625,-0.0439860621475614
2024-08-10,2024,222,TRUE,-0.778247237257695,191,48,25.130890052356,-0.457854919626889
2024-08-11,2024,223,TRUE,-0.833842720328789,185,40,21.6216216216216,-0.623402462618619
2024-08-12,2024,224,TRUE,0.259535113402744,303,69,22.7722772277228,-0.023292619273595
2024-08-13,2024,225,TRUE,-0.101835526559373,264,78,29.5454545454546,0.162948366592102
2024-08-14,2024,226,TRUE,0.667235322590774,347,116,33.4293948126801,0.949299195802824
2024-08-15,2024,227,TRUE,4.92028977752954,806,366,45.409429280397,6.12265991429441
2024-08-16,2024,228,TRUE,0.435587476461211,322,76,23.6024844720497,0.121561480844169
2024-08-17,2024,229,TRUE,-0.64852444342514,205,36,17.5609756097561,-0.706176234114485
2024-08-18,2024,230,TRUE,-0.120367354249738,262,82,31.2977099236641,0.245722138087968
2024-08-19,2024,231,TRUE,0.129812319570189,289,62,21.4532871972318,-0.16814671939136
2024-08-20,2024,232,TRUE,-0.120367354249738,262,93,35.4961832061069,0.473350009701598
2024-08-21,2024,233,TRUE,0.0186213534279994,277,96,34.6570397111913,0.535430338323497
2024-08-22,2024,234,TRUE,0.0186213534279994,277,107,38.6281588447653,0.763058209937127
2024-08-23,2024,235,TRUE,-0.194494665011198,254,59,23.2283464566929,-0.230227048013259
2024-08-24,2024,236,TRUE,-0.416876597295578,230,65,28.2608695652174,-0.10606639076946
2024-08-25,2024,237,TRUE,-0.42614251114076,229,70,30.5676855895197,-0.00259917639962867
2024-08-26,2024,238,TRUE,-0.287153803463023,244,42,17.2131147540984,-0.582015576870687
2024-08-27,2024,239,TRUE,-0.565131218818497,214,44,20.5607476635514,-0.540628691122754
2024-08-28,2024,240,TRUE,-0.704119926496235,199,40,20.1005025125628,-0.623402462618619
2024-08-29,2024,241,TRUE,-0.185228751166015,255,56,21.9607843137255,-0.292307376635158
2024-08-30,2024,242,TRUE,-0.657790357270322,204,34,16.6666666666667,-0.747563119862418
2024-08-31,2024,243,TRUE,-0.926501858780614,175,32,18.2857142857143,-0.78895000561035
2024-09-01,2024,244,TRUE,-0.250090148082293,248,52,20.9677419354839,-0.375081148131023
2024-09-02,2024,245,TRUE,0.315130596473839,309,69,22.3300970873786,-0.023292619273595
2024-09-03,2024,246,TRUE,-0.0555059573334605,269,74,27.5092936802974,0.0801745950962368
2024-09-04,2024,247,TRUE,-0.518801649592585,219,48,21.9178082191781,-0.457854919626889
2024-09-05,2024,248,TRUE,-0.296419717308205,243,58,23.8683127572017,-0.250920490887225
2024-09-06,2024,249,TRUE,0.0371531811183644,279,67,24.0143369175627,-0.0646795050215277
2024-09-07,2024,250,TRUE,0.102014578034642,286,84,29.3706293706294,0.2871090238359
2024-09-08,2024,251,TRUE,0.630171667210044,343,129,37.6093294460641,1.21831395316439
2024-09-09,2024,252,TRUE,0.815489944113693,363,78,21.4876033057851,0.162948366592102
2024-09-10,2024,253,TRUE,-0.027708215797913,272,73,26.8382352941177,0.0594811522222704
2024-09-11,2024,254,TRUE,-0.194494665011198,254,48,18.8976377952756,-0.457854919626889
2024-09-12,2024,255,TRUE,0.500448873377489,329,86,26.1398176291793,0.328495909583833
2024-09-13,2024,256,TRUE,0.528246614913036,332,92,27.710843373494,0.452656566827631
2024-09-14,2024,257,TRUE,-0.20376057885638,253,49,19.3675889328063,-0.437161476752922
2024-09-15,2024,258,TRUE,-0.31495154499857,241,65,26.9709543568465,-0.10606639076946
2024-10-01,2024,274,TRUE,0.203939630331649,297,59,19.8653198653199,-0.230227048013259
2024-10-02,2024,275,TRUE,0.296598768783474,307,56,18.2410423452769,-0.292307376635158
2024-10-03,2024,276,TRUE,0.102014578034642,286,67,23.4265734265734,-0.0646795050215277
2024-10-04,2024,277,TRUE,0.657969408745591,346,67,19.364161849711,-0.0646795050215277
2024-10-05,2024,278,TRUE,-0.491003908057038,222,45,20.2702702702703,-0.519935248248788
2024-10-06,2024,279,TRUE,0.398523821080481,318,98,30.8176100628931,0.576817224071429
2024-10-07,2024,280,TRUE,0.982276393326978,381,71,18.6351706036745,0.0180942664743377
2024-10-08,2024,281,TRUE,-0.361281114224483,236,55,23.3050847457627,-0.313000819509124
2024-10-09,2024,282,TRUE,-0.555865304973315,215,34,15.8139534883721,-0.747563119862418
2024-10-10,2024,283,TRUE,-0.398344769605213,232,50,21.551724137931,-0.416468033878956
2024-10-11,2024,284,TRUE,-0.0369741296430955,271,67,24.7232472324723,-0.0646795050215277
2024-10-12,2024,285,TRUE,-0.592928960354045,211,63,29.8578199052133,-0.147453276517393
2024-10-13,2024,286,TRUE,-0.935767772625797,174,43,24.7126436781609,-0.56132213399672
2024-10-14,2024,287,TRUE,-0.27788788961784,245,57,23.265306122449,-0.271613933761191
2024-10-15,2024,288,TRUE,-0.481737994211855,223,49,21.9730941704036,-0.437161476752922
2024-10-16,2024,289,TRUE,-0.620726701889592,208,41,19.7115384615385,-0.602709019744653
2024-10-17,2024,290,TRUE,0.185407802641284,295,99,33.5593220338983,0.597510666945396
2024-10-18,2024,291,TRUE,-0.361281114224483,236,50,21.1864406779661,-0.416468033878956
2024-10-19,2024,292,TRUE,-0.713385840341417,198,45,22.7272727272727,-0.519935248248788
2024-10-20,2024,293,TRUE,-0.518801649592585,219,69,31.5068493150685,-0.023292619273595
2024-10-21,2024,294,TRUE,-0.157431009630468,258,56,21.7054263565891,-0.292307376635158
2024-10-22,2024,295,TRUE,-0.50026982190222,221,51,23.0769230769231,-0.395774591004989
2024-10-23,2024,296,TRUE,-0.546599391128132,216,43,19.9074074074074,-0.56132213399672
2024-10-24,2024,297,TRUE,-0.435408424985943,228,52,22.8070175438597,-0.375081148131023
2024-10-25,2024,298,TRUE,-0.528067563437767,218,38,17.4311926605505,-0.664789348366552
2024-10-26,2024,299,TRUE,-0.222292406546745,251,83,33.0677290836653,0.266415580961934
2024-10-27,2024,300,TRUE,-0.565131218818497,214,43,20.0934579439252,-0.56132213399672
2024-10-28,2024,301,TRUE,0.185407802641284,295,56,18.9830508474576,-0.292307376635158
2024-10-29,2024,302,TRUE,0.0927486641894593,285,60,21.0526315789474,-0.209533605139292
2024-10-30,2024,303,TRUE,0.880351341029971,370,109,29.4594594594595,0.804445095685059
2024-10-31,2024,304,TRUE,0.574576184138949,337,75,22.2551928783383,0.100868037970203
2024-11-01,2024,305,TRUE,1.72354950094158,461,186,40.3470715835141,2.39784019698047
2024-11-02,2024,306,TRUE,-0.528067563437767,218,49,22.4770642201835,-0.437161476752922
2024-11-03,2024,307,TRUE,-0.481737994211855,223,47,21.0762331838565,-0.478548362500855
2024-11-04,2024,308,TRUE,-0.20376057885638,253,39,15.4150197628459,-0.644095905492586
2024-11-05,2024,309,TRUE,0.00935543958281692,276,59,21.3768115942029,-0.230227048013259
2024-11-06,2024,310,TRUE,0.0556850088087294,281,62,22.0640569395018,-0.16814671939136
2024-11-07,2024,311,TRUE,0.00935543958281692,276,66,23.9130434782609,-0.0853729478954941
2024-11-08,2024,312,TRUE,-0.111101440404555,263,45,17.1102661596958,-0.519935248248788
2024-11-09,2024,313,TRUE,-0.546599391128132,216,34,15.7407407407407,-0.747563119862418
2024-11-10,2024,314,TRUE,0.0186213534279994,277,86,31.0469314079422,0.328495909583833
2024-11-11,2024,315,TRUE,0.991542307172161,382,103,26.9633507853403,0.680284438441261
2024-11-12,2024,316,TRUE,0.685767150281139,349,86,24.6418338108883,0.328495909583833
2024-11-13,2024,317,TRUE,0.222471458022014,299,55,18.3946488294314,-0.313000819509124
2024-11-14,2024,318,TRUE,0.148344147260554,291,57,19.5876288659794,-0.271613933761191
2024-11-15,2024,319,TRUE,0.481917045687124,327,63,19.2660550458716,-0.147453276517393
2024-11-16,2024,320,TRUE,-0.602194874199227,210,30,14.2857142857143,-0.830336891358283
2024-11-17,2024,321,TRUE,0.0649509226539119,282,64,22.6950354609929,-0.126759833643427
2024-11-18,2024,322,TRUE,0.361460165699751,314,93,29.6178343949045,0.473350009701598
2024-11-19,2024,323,TRUE,0.111280491879824,287,68,23.6933797909408,-0.0439860621475614
2024-11-20,2024,324,TRUE,0.796958116423329,361,107,29.6398891966759,0.763058209937127
2024-11-21,2024,325,TRUE,1.10273327331435,394,126,31.9796954314721,1.15623362454249
2024-11-22,2024,326,TRUE,0.185407802641284,295,61,20.6779661016949,-0.188840162265326
2024-11-23,2024,327,TRUE,-0.250090148082293,248,50,20.1612903225806,-0.416468033878956
2024-11-24,2024,328,TRUE,-0.16669692347565,257,44,17.1206225680934,-0.540628691122754
2024-11-25,2024,329,TRUE,0.852553599494423,367,87,23.7057220708447,0.349189352457799
2024-11-26,2024,330,TRUE,0.861819513339606,368,86,23.3695652173913,0.328495909583833
2024-11-27,2024,331,TRUE,0.759894461042599,357,82,22.96918767507,0.245722138087968
2024-11-28,2024,332,TRUE,0.574576184138949,337,82,24.3323442136499,0.245722138087968
2024-11-29,2024,333,TRUE,0.509714787222671,330,74,22.4242424242424,0.0801745950962368
2024-11-30,2024,334,TRUE,0.574576184138949,337,85,25.2225519287834,0.307802466709867
2024-12-01,2024,335,TRUE,2.67793862699537,564,175,31.0283687943262,2.17021232536684
2024-12-02,2024,336,TRUE,1.64942219018012,453,101,22.2958057395144,0.638897552693328
2024-12-03,2024,337,TRUE,1.06566961793362,390,93,23.8461538461538,0.473350009701598
2024-12-04,2024,338,TRUE,1.02860596255289,386,70,18.1347150259067,-0.00259917639962867
2024-12-05,2024,339,TRUE,0.982276393326978,381,142,37.2703412073491,1.48732871052595
2024-12-06,2024,340,TRUE,1.12126510100472,396,108,27.2727272727273,0.783751652811093
2024-12-07,2024,341,TRUE,0.583842097984131,338,90,26.6272189349112,0.411269681079699
2024-12-08,2024,342,TRUE,0.602373925674496,340,87,25.5882352941177,0.349189352457799
2024-12-09,2024,343,TRUE,0.926680910255883,375,85,22.6666666666667,0.307802466709867
2024-12-10,2024,344,TRUE,0.908149082565518,373,89,23.8605898123324,0.390576238205732
2024-12-11,2024,345,TRUE,0.491182959532306,328,76,23.1707317073171,0.121561480844169
2024-12-12,2024,346,TRUE,0.871085427184788,369,103,27.9132791327913,0.680284438441261
2024-12-13,2024,347,TRUE,0.759894461042599,357,88,24.6498599439776,0.369882795331766
2024-12-14,2024,348,TRUE,0.917414996410701,374,120,32.0855614973262,1.03207296729869
2024-12-15,2024,349,TRUE,1.30658337790837,416,141,33.8942307692308,1.46663526765198
2024-12-16,2024,350,TRUE,1.51043348250238,438,111,25.3424657534247,0.845831981432992
2024-12-17,2024,351,TRUE,0.861819513339606,368,83,22.554347826087,0.266415580961934
2024-12-18,2024,352,TRUE,0.834021771804058,365,85,23.2876712328767,0.307802466709867
2024-12-19,2024,353,TRUE,1.72354950094158,461,114,24.7288503253796,0.907912310054891
2024-12-20,2024,354,TRUE,1.53823122403793,441,125,28.3446712018141,1.13554018166852
2024-12-21,2024,355,TRUE,0.278066941093109,305,98,32.1311475409836,0.576817224071429
2024-12-22,2024,356,TRUE,0.685767150281139,349,98,28.080229226361,0.576817224071429
2024-12-23,2024,357,TRUE,1.84400638092895,474,145,30.5907172995781,1.54940903914785
2024-12-24,2024,358,TRUE,4.08635753146311,716,264,36.8715083798883,4.01192874114985
2024-12-25,2024,359,TRUE,7.18117275575406,1050,480,45.7142857142857,8.48171240192658
2024-12-26,2024,360,TRUE,1.88107003630968,478,177,37.0292887029289,2.21159921111477
2024-12-27,2024,361,TRUE,1.18612649792099,403,125,31.0173697270472,1.13554018166852
2024-12-28,2024,362,TRUE,0.759894461042599,357,140,39.2156862745098,1.44594182477802
2024-12-29,2024,363,TRUE,0.583842097984131,338,111,32.8402366863905,0.845831981432992
2024-12-30,2024,364,TRUE,-0.0740377850238255,267,61,22.8464419475655,-0.188840162265326
2024-12-31,2024,365,TRUE,-0.361281114224483,236,57,24.1525423728814,-0.271613933761191
2025-01-01,2025,0,TRUE,-0.726567062640897,205,32,15.609756097561,-0.640884703126637
2025-01-02,2025,1,TRUE,-0.526990291850778,246,76,30.8943089430894,-0.275786091725391
2025-01-03,2025,2,TRUE,-0.225191272607182,308,84,27.2727272727273,-0.209404526016073
2025-01-04,2025,3,TRUE,-0.463709852331959,259,87,33.5907335907336,-0.184511438875079
2025-01-05,2025,4,TRUE,-0.565932100785435,238,60,25.2100840336134,-0.408549223144026
2025-01-06,2025,5,TRUE,0.986872530484031,557,190,34.1113105924596,0.670151219632383
2025-01-07,2025,6,TRUE,0.543909453852303,466,157,33.6909871244635,0.396327261081448
2025-01-08,2025,7,TRUE,-0.200852642023021,313,52,16.6134185303514,-0.474930788853343
2025-01-09,2025,8,TRUE,-0.293339438242833,294,76,25.8503401360544,-0.275786091725391
2025-01-10,2025,9,TRUE,-0.415032591163637,269,44,16.3568773234201,-0.541312354562661
2025-01-11,2025,10,TRUE,-0.770376597692387,196,62,31.6326530612245,-0.391953831716696
2025-01-12,2025,11,TRUE,-0.770376597692387,196,38,19.3877551020408,-0.591098528844649
2025-01-13,2025,12,TRUE,-0.541593470201274,243,55,22.6337448559671,-0.450037701712349
2025-01-14,2025,13,TRUE,0.246978160725539,405,150,37.037037037037,0.338243391085796
2025-01-15,2025,14,TRUE,-0.458842126215127,260,79,30.3846153846154,-0.250893004584397
2025-01-16,2025,15,TRUE,-0.346884425527987,283,77,27.208480565371,-0.267488396011726
2025-01-17,2025,16,TRUE,-0.395561686696309,273,78,28.5714285714286,-0.259190700298061
2025-01-18,2025,17,TRUE,-0.794715228276548,191,39,20.4188481675393,-0.582800833130984
2025-01-19,2025,18,TRUE,-0.541593470201274,243,68,27.9835390946502,-0.342167657434708
2025-01-20,2025,19,TRUE,-0.17651401143886,318,94,29.559748427673,-0.126427568879427
2025-01-21,2025,20,TRUE,-1.17439786538946,113,13,11.5044247787611,-0.798540921686266
2025-01-22,2025,21,TRUE,-1.013762903534,146,19,13.013698630137,-0.748754747404278
2025-01-23,2025,22,TRUE,-0.931011559547849,163,39,23.9263803680982,-0.582800833130984
2025-01-24,2025,23,TRUE,-1.07217561693598,134,11,8.2089552238806,-0.815136313113595
2025-01-25,2025,24,TRUE,-1.23281057879144,101,8,7.92079207920792,-0.840029400254589
2025-01-26,2025,25,TRUE,-1.10138197363698,128,8,6.25,-0.840029400254589
2025-01-27,2025,26,TRUE,-0.994291999066667,150,12,8,-0.80683861739993
2025-01-28,2025,27,TRUE,-0.366355329995316,279,85,30.4659498207885,-0.201106830302409
2025-01-29,2025,28,TRUE,-0.244662177074511,304,82,26.9736842105263,-0.225999917443403
2025-01-30,2025,29,TRUE,-0.327413521060658,287,47,16.3763066202091,-0.516419267421667
2025-01-31,2025,30,TRUE,-0.449106673981463,262,51,19.4656488549618,-0.483228484567008
2025-02-01,2025,31,TRUE,-0.215455820373518,310,94,30.3225806451613,-0.126427568879427
2025-02-02,2025,32,TRUE,0.105814103337406,376,141,37.5,0.263564129662813
2025-02-03,2025,33,TRUE,0.334597230828519,423,140,33.096926713948,0.255266433949149
2025-02-04,2025,34,TRUE,-0.181381737555693,317,68,21.4511041009464,-0.342167657434708
2025-02-05,2025,35,TRUE,-0.33228124717749,286,64,22.3776223776224,-0.375358440289367
2025-02-06,2025,36,TRUE,-0.195984915906189,314,78,24.8407643312102,-0.259190700298061
2025-02-07,2025,37,TRUE,-0.10836584580321,332,88,26.5060240963855,-0.176213743161415
2025-02-08,2025,38,TRUE,-0.53185801796761,245,59,24.0816326530612,-0.41684691885769
2025-02-09,2025,39,TRUE,-0.084027215219049,337,110,32.6409495548961,0.00633556253920838
2025-02-10,2025,40,TRUE,1.03554979165235,567,120,21.1640211640212,0.0893125196758552
2025-02-11,2025,41,TRUE,0.130152733921567,381,88,23.0971128608924,-0.176213743161415
2025-02-12,2025,42,TRUE,-0.351752151644819,282,50,17.7304964539007,-0.491526180280672
2025-02-13,2025,43,TRUE,-0.492916209032952,253,56,22.1343873517787,-0.441740005998684
2025-02-14,2025,44,TRUE,0.0425336638185878,363,100,27.5482093663912,-0.0766413945974384
2025-02-15,2025,45,TRUE,-0.449106673981463,262,60,22.9007633587786,-0.408549223144026
2025-02-16,2025,46,TRUE,-0.502651661266617,251,64,25.4980079681275,-0.375358440289367
2025-02-17,2025,47,TRUE,-0.0548208585180559,343,111,32.3615160349854,0.0146332582528731
2025-02-18,2025,48,TRUE,0.04740138993542,364,134,36.8131868131868,0.205480259667161
2025-02-19,2025,49,TRUE,0.251845886842372,406,146,35.9605911330049,0.305052608231137
2025-02-20,2025,50,TRUE,0.558512632202799,469,172,36.6737739872068,0.520792696786419
2025-02-21,2025,51,TRUE,0.0327982115849234,361,109,30.1939058171745,-0.0019621331744563
2025-02-22,2025,52,TRUE,-0.157043106971532,322,120,37.2670807453416,0.0893125196758552
2025-02-23,2025,53,TRUE,-0.0256145018170628,349,134,38.3954154727794,0.205480259667161
2025-02-24,2025,54,TRUE,0.305390874127526,417,123,29.4964028776978,0.114205606816849
2025-02-25,2025,55,TRUE,0.504967644917645,458,163,35.589519650655,0.446113435363436
2025-02-26,2025,56,TRUE,0.154491364505728,386,113,29.2746113989637,0.0312286496802024
2025-02-27,2025,57,TRUE,-0.103498119686378,333,102,30.6306306306306,-0.0600460031701091
2025-02-28,2025,58,TRUE,0.183697721206721,392,127,32.3979591836735,0.147396389671508
2025-03-01,2025,59,TRUE,-0.195984915906189,314,100,31.8471337579618,-0.0766413945974384
2025-03-02,2025,60,TRUE,-0.0742917629853846,339,133,39.2330383480826,0.197182563953496
2025-03-03,2025,61,TRUE,0.120417281687903,379,130,34.3007915567282,0.172289476812502
2025-03-04,2025,62,TRUE,0.110681829454238,377,128,33.9522546419098,0.155694085385173
2025-03-05,2025,63,TRUE,1.09396250505434,579,191,32.9879101899827,0.678448915346047
2025-03-06,2025,64,TRUE,0.563380358319631,470,151,32.1276595744681,0.34654108679946
2025-03-07,2025,65,TRUE,-0.0791594891022168,338,80,23.6686390532544,-0.242595308870732
2025-03-08,2025,66,TRUE,-0.342016699411155,284,76,26.7605633802817,-0.275786091725391
2025-03-09,2025,67,TRUE,-0.0499531324012237,344,108,31.3953488372093,-0.010259828888121
2025-03-10,2025,68,TRUE,0.451422657632491,447,131,29.3064876957494,0.180587172526167
2025-03-11,2025,69,TRUE,0.222639530141379,400,107,26.75,-0.0185575246017857
2025-03-12,2025,70,TRUE,0.0717400205195809,369,92,24.9322493224932,-0.143022960306756
2025-03-13,2025,71,TRUE,0.04740138993542,364,100,27.4725274725275,-0.0766413945974384
2025-03-14,2025,72,TRUE,-0.0499531324012237,344,79,22.9651162790698,-0.250893004584397
2025-03-15,2025,73,TRUE,-0.346884425527987,283,64,22.6148409893993,-0.375358440289367
2025-03-16,2025,74,TRUE,-0.137572202504203,326,109,33.4355828220859,-0.0019621331744563
2025-03-17,2025,75,TRUE,0.378406765880008,432,100,23.1481481481482,-0.0766413945974384
2025-03-18,2025,76,TRUE,0.164226816739392,388,89,22.9381443298969,-0.16791604744775
2025-03-19,2025,77,TRUE,0.485496740450317,454,113,24.8898678414097,0.0312286496802024
2025-03-20,2025,78,TRUE,-0.161910833088364,321,70,21.8068535825545,-0.325572266007379
2025-03-21,2025,79,TRUE,0.139888186155231,383,108,28.1984334203655,-0.010259828888121
2025-03-22,2025,80,TRUE,0.251845886842372,406,161,39.6551724137931,0.429518043936107
2025-03-23,2025,81,TRUE,0.120417281687903,379,149,39.3139841688654,0.329945695372131
2025-03-24,2025,82,TRUE,0.212904077907714,398,121,30.4020100502513,0.0976102153895198
2025-03-25,2025,83,TRUE,0.115549555571071,378,102,26.984126984127,-0.0600460031701091
2025-03-26,2025,84,TRUE,-0.00127587123290186,354,91,25.7062146892655,-0.151320656020421
2025-03-27,2025,85,TRUE,-0.186249463672525,316,84,26.5822784810127,-0.209404526016073
2025-03-28,2025,86,TRUE,-0.68762525370624,213,34,15.962441314554,-0.624289311699307
2025-03-29,2025,87,TRUE,-1.20847194820728,106,7,6.60377358490566,-0.848327095968254
2025-03-30,2025,88,TRUE,-1.1354560564548,121,17,14.0495867768595,-0.765350138831607
2025-03-31,2025,89,TRUE,-0.857995667795366,178,16,8.98876404494382,-0.773647834545272
2025-04-01,2025,90,TRUE,-0.95535019013201,158,9,5.69620253164557,-0.831731704540924
2025-04-02,2025,91,TRUE,-1.02836608188449,143,17,11.8881118881119,-0.765350138831607
2025-04-03,2025,92,TRUE,-0.862863393912198,177,18,10.1694915254237,-0.757052443117942
2025-04-04,2025,93,TRUE,-1.02349835576766,144,9,6.25,-0.831731704540924
2025-04-05,2025,94,TRUE,-1.14032378257163,120,14,11.6666666666667,-0.790243225972601
2025-04-06,2025,95,TRUE,-1.07704334305281,133,11,8.27067669172932,-0.815136313113595
2025-04-07,2025,96,TRUE,-0.91154065508052,167,14,8.38323353293413,-0.790243225972601
2025-04-08,2025,97,TRUE,-0.940747011781513,161,31,19.2546583850932,-0.649182398840301
2025-04-09,2025,98,TRUE,-1.00402745130033,148,19,12.8378378378378,-0.748754747404278
2025-04-10,2025,99,TRUE,-0.609741635836925,229,65,28.3842794759825,-0.367060744575702
2025-04-11,2025,100,TRUE,0.154491364505728,386,101,26.1658031088083,-0.0683436988837737
2025-04-12,2025,101,TRUE,-0.0986303935695455,334,107,32.0359281437126,-0.0185575246017857
2025-04-13,2025,102,TRUE,1.47364514216725,657,255,38.8127853881279,1.20950144102059
2025-04-14,2025,103,TRUE,0.256713612959204,407,116,28.5012285012285,0.0561217368211965
2025-04-15,2025,104,TRUE,0.198300899557218,395,99,25.0632911392405,-0.0849390903111031
2025-04-16,2025,105,TRUE,0.577983536670128,473,136,28.7526427061311,0.22207565109449
2025-04-17,2025,106,TRUE,1.18158157515732,597,178,29.8157453936348,0.570578871068407
2025-04-18,2025,107,TRUE,2.27681995144456,822,298,36.2530413625304,1.56630235670817
2025-04-19,2025,108,TRUE,2.17459770299108,801,359,44.8189762796504,2.07246179524171
2025-04-20,2025,109,TRUE,3.45967739783478,1065,544,51.0798122065728,3.60753550226968
2025-04-21,2025,110,TRUE,12.0268753634594,2825,1649,58.3716814159292,12.7764892658692
2025-04-22,2025,111,TRUE,5.81565683838156,1549,880,56.8108457069077,6.39556126206101
2025-04-23,2025,112,TRUE,3.36232287549814,1045,531,50.8133971291866,3.49966545799204
2025-04-24,2025,113,TRUE,2.34010039096338,835,415,49.7005988023952,2.53713275520694
2025-04-25,2025,114,TRUE,2.21353951192574,809,390,48.2076637824475,2.32969036236532
2025-04-26,2025,115,TRUE,4.70094755762699,1320,721,54.6212121212121,5.07622764358833
2025-04-27,2025,116,TRUE,1.22539111020881,606,322,53.1353135313531,1.76544705383612
2025-04-28,2025,117,TRUE,0.0668722944027487,368,138,37.5,0.238671042521819
2025-04-29,2025,118,TRUE,-0.624344814187421,226,49,21.6814159292035,-0.499823875994337
2025-04-30,2025,119,TRUE,-0.619477088070589,227,79,34.8017621145375,-0.250893004584397
2025-05-01,2025,120,TRUE,-0.848260215561702,180,41,22.7777777777778,-0.566205441703655
2025-05-02,2025,121,TRUE,-0.75577341934189,199,34,17.0854271356784,-0.624289311699307
2025-05-03,2025,122,TRUE,-0.940747011781513,161,36,22.360248447205,-0.607693920271978
2025-05-04,2025,123,TRUE,-0.95535019013201,158,29,18.3544303797468,-0.665777790267631
2025-05-05,2025,124,TRUE,-0.580535279135932,235,65,27.6595744680851,-0.367060744575702
2025-05-06,2025,125,TRUE,-0.668154349238911,217,55,25.3456221198157,-0.450037701712349
2025-05-07,2025,126,TRUE,0.276184517426533,411,141,34.3065693430657,0.263564129662813
2025-05-08,2025,127,TRUE,2.46179354388418,860,276,32.093023255814,1.38375305100755
2025-05-09,2025,128,TRUE,1.06962387447018,574,205,35.7142857142857,0.794616655337353
2025-05-10,2025,129,TRUE,-0.385826234462644,275,86,31.2727272727273,-0.192809134588744
2025-05-11,2025,130,TRUE,-0.030482227933895,348,123,35.3448275862069,0.114205606816849
2025-05-12,2025,131,TRUE,0.758089402992919,510,162,31.7647058823529,0.437815739649772
2025-05-13,2025,132,TRUE,0.329729504711687,422,105,24.8815165876777,-0.035152916029115
2025-05-14,2025,133,TRUE,0.217771804024546,399,139,34.8370927318296,0.246968738235484
2025-05-15,2025,134,TRUE,-0.166778559205196,320,62,19.375,-0.391953831716696
2025-05-16,2025,135,TRUE,-0.142439928621035,325,89,27.3846153846154,-0.16791604744775
2025-05-17,2025,136,TRUE,-0.161910833088364,321,123,38.3177570093458,0.114205606816849
2025-05-18,2025,137,TRUE,1.21565565797514,604,296,49.0066225165563,1.54970696528084
2025-05-19,2025,138,TRUE,-0.0986303935695455,334,86,25.748502994012,-0.192809134588744
2025-05-20,2025,139,TRUE,-0.142439928621035,325,77,23.6923076923077,-0.267488396011726
2025-05-21,2025,140,TRUE,-0.0742917629853846,339,109,32.1533923303835,-0.0019621331744563
2025-05-22,2025,141,TRUE,-0.312810342710162,290,62,21.3793103448276,-0.391953831716696
2025-05-23,2025,142,TRUE,-0.0548208585180559,343,83,24.198250728863,-0.217702221729738
2025-05-24,2025,143,TRUE,-0.502651661266617,251,73,29.0836653386454,-0.300679178866385
2025-05-25,2025,144,TRUE,-0.346884425527987,283,85,30.0353356890459,-0.201106830302409
2025-05-26,2025,145,TRUE,-0.137572202504203,326,76,23.3128834355828,-0.275786091725391
2025-05-27,2025,146,TRUE,-0.0791594891022168,338,86,25.4437869822485,-0.192809134588744
2025-05-28,2025,147,TRUE,-0.142439928621035,325,104,32,-0.0434506117427797
2025-05-29,2025,148,TRUE,-0.142439928621035,325,85,26.1538461538462,-0.201106830302409
2025-05-30,2025,149,TRUE,-0.249529903191343,303,83,27.3927392739274,-0.217702221729738
2025-05-31,2025,150,TRUE,-0.439371221747798,264,67,25.3787878787879,-0.350465353148373
2025-06-01,2025,151,TRUE,-0.400429412813141,272,63,23.1617647058824,-0.383656136003032
2025-06-02,2025,152,TRUE,-0.322545794943826,288,51,17.7083333333333,-0.483228484567008
2025-06-03,2025,153,TRUE,-0.356619877761651,281,68,24.1992882562278,-0.342167657434708
2025-06-04,2025,154,TRUE,0.0133273071175947,357,90,25.2100840336134,-0.159618351734085
2025-06-05,2025,155,TRUE,0.139888186155231,383,142,37.0757180156658,0.271861825376478
2025-06-06,2025,156,TRUE,-0.298207164359665,293,70,23.8907849829352,-0.325572266007379
2025-06-07,2025,157,TRUE,-0.33228124717749,286,65,22.7272727272727,-0.367060744575702
2025-06-08,2025,158,TRUE,0.368671313646344,430,198,46.046511627907,0.7365327853417
2025-06-09,2025,159,TRUE,-0.0353499540507271,347,71,20.4610951008646,-0.317274570293714
2025-06-10,2025,160,TRUE,-0.122969024153706,329,78,23.7082066869301,-0.259190700298061
2025-06-11,2025,161,TRUE,-0.259265355425008,301,68,22.5913621262459,-0.342167657434708
2025-06-12,2025,162,TRUE,-0.254397629308175,302,60,19.8675496688742,-0.408549223144026
2025-06-13,2025,163,TRUE,0.548777179969135,467,145,31.0492505353319,0.296754912517472
2025-06-14,2025,164,TRUE,-0.415032591163637,269,62,23.0483271375465,-0.391953831716696
2025-06-15,2025,165,TRUE,-0.303074890476497,292,85,29.1095890410959,-0.201106830302409
2025-06-16,2025,166,TRUE,-0.171646285322028,319,85,26.6457680250784,-0.201106830302409
2025-06-17,2025,167,TRUE,-0.390693960579477,274,63,22.992700729927,-0.383656136003032
2025-06-18,2025,168,TRUE,-0.234926724840847,306,60,19.6078431372549,-0.408549223144026
2025-06-19,2025,169,TRUE,0.947930721549374,549,204,37.1584699453552,0.786318959623688
2025-06-20,2025,170,TRUE,0.0717400205195809,369,90,24.390243902439,-0.159618351734085
2025-06-21,2025,171,TRUE,-0.48804848291612,254,51,20.0787401574803,-0.483228484567008
2025-06-22,2025,172,TRUE,-0.283603986009168,296,72,24.3243243243243,-0.308976874580049
2025-06-23,2025,173,TRUE,-0.113233571920042,331,66,19.9395770392749,-0.358763048862038
2025-06-24,2025,174,TRUE,0.0425336638185878,363,83,22.8650137741047,-0.217702221729738
2025-06-25,2025,175,TRUE,0.173962268973057,390,103,26.4102564102564,-0.0517483074564444
2025-06-26,2025,176,TRUE,-0.195984915906189,314,101,32.1656050955414,-0.0683436988837737
2025-06-27,2025,177,TRUE,0.125285007804735,380,76,20,-0.275786091725391
2025-06-28,2025,178,TRUE,-0.0645563107517202,341,91,26.6862170087977,-0.151320656020421
2025-06-29,2025,179,TRUE,-0.317678068826994,289,79,27.3356401384083,-0.250893004584397
2025-06-30,2025,180,TRUE,-0.10836584580321,332,90,27.1084337349398,-0.159618351734085
2025-07-01,2025,181,TRUE,-0.118101298036874,330,111,33.6363636363636,0.0146332582528731
2025-07-02,2025,182,TRUE,-0.410164865046805,270,87,32.2222222222222,-0.184511438875079
2025-07-03,2025,183,TRUE,-0.244662177074511,304,117,38.4868421052632,0.0644194325348611
2025-07-04,2025,184,TRUE,-0.48804848291612,254,58,22.8346456692913,-0.425144614571355
2025-07-05,2025,185,TRUE,0.100946377220574,375,163,43.4666666666667,0.446113435363436
2025-07-06,2025,186,TRUE,-0.205720368139854,312,129,41.3461538461539,0.163991781098837
2025-07-07,2025,187,TRUE,0.0425336638185878,363,102,28.099173553719,-0.0600460031701091
2025-07-08,2025,188,TRUE,-0.570799826902267,237,57,24.0506329113924,-0.43344231028502
2025-07-09,2025,189,TRUE,-0.171646285322028,319,99,31.0344827586207,-0.0849390903111031
2025-07-10,2025,190,TRUE,-0.371223056112148,278,86,30.9352517985612,-0.192809134588744
2025-07-11,2025,191,TRUE,-0.434503495630966,265,53,20,-0.466633093139678
2025-07-12,2025,192,TRUE,-0.53185801796761,245,58,23.6734693877551,-0.425144614571355
2025-07-13,2025,193,TRUE,0.0668722944027487,368,135,36.6847826086957,0.213777955380825
2025-07-14,2025,194,TRUE,-0.283603986009168,296,52,17.5675675675676,-0.474930788853343
2025-07-15,2025,195,TRUE,-0.424768043397302,267,54,20.2247191011236,-0.458335397426014
2025-07-16,2025,196,TRUE,-0.249529903191343,303,98,32.3432343234323,-0.0932367860247678
2025-07-17,2025,197,TRUE,0.00845958100076251,356,93,26.123595505618,-0.134725264593091
2025-07-18,2025,198,TRUE,-0.327413521060658,287,71,24.7386759581882,-0.317274570293714
2025-07-19,2025,199,TRUE,-0.473445304565624,257,81,31.5175097276265,-0.234297613157067
2025-07-20,2025,200,TRUE,-0.312810342710162,290,70,24.1379310344828,-0.325572266007379
2025-07-21,2025,201,TRUE,0.173962268973057,390,115,29.4871794871795,0.0478240411075318
2025-07-22,2025,202,TRUE,-0.283603986009168,296,85,28.7162162162162,-0.201106830302409
2025-07-23,2025,203,TRUE,-0.181381737555693,317,101,31.8611987381704,-0.0683436988837737
2025-07-24,2025,204,TRUE,-0.147307654737867,324,82,25.3086419753086,-0.225999917443403
2025-07-25,2025,205,TRUE,-0.157043106971532,322,114,35.4037267080745,0.0395263453938671
2025-07-26,2025,206,TRUE,-0.157043106971532,322,96,29.8136645962733,-0.109832177452097
2025-07-27,2025,207,TRUE,-0.390693960579477,274,83,30.2919708029197,-0.217702221729738
2025-07-28,2025,208,TRUE,-0.41990031728047,268,64,23.8805970149254,-0.375358440289367
2025-07-29,2025,209,TRUE,-0.366355329995316,279,81,29.0322580645161,-0.234297613157067
2025-07-30,2025,210,TRUE,-0.195984915906189,314,88,28.0254777070064,-0.176213743161415
2025-07-31,2025,211,TRUE,-0.166778559205196,320,83,25.9375,-0.217702221729738
2025-08-01,2025,212,TRUE,-0.497783935149785,252,49,19.4444444444444,-0.499823875994337
2025-08-02,2025,213,TRUE,-0.225191272607182,308,119,38.6363636363636,0.0810148239621905
2025-08-03,2025,214,TRUE,-0.410164865046805,270,80,29.6296296296296,-0.242595308870732
2025-08-04,2025,215,TRUE,-0.0937626674527133,335,92,27.4626865671642,-0.143022960306756
2025-08-05,2025,216,TRUE,-0.0791594891022168,338,119,35.207100591716,0.0810148239621905
2025-08-06,2025,217,TRUE,-0.142439928621035,325,85,26.1538461538462,-0.201106830302409
2025-08-07,2025,218,TRUE,-0.0207467757002306,350,115,32.8571428571429,0.0478240411075318
2025-08-08,2025,219,TRUE,-0.0694240368685524,340,109,32.0588235294118,-0.0019621331744563
2025-08-09,2025,220,TRUE,-0.48804848291612,254,74,29.1338582677165,-0.29238148315272
2025-08-10,2025,221,TRUE,-0.361487603878483,280,78,27.8571428571429,-0.259190700298061
2025-08-11,2025,222,TRUE,-0.26413308154184,300,70,23.3333333333333,-0.325572266007379
2025-08-12,2025,223,TRUE,-0.259265355425008,301,88,29.2358803986711,-0.176213743161415
2025-08-13,2025,224,TRUE,0.290787695777029,414,138,33.3333333333333,0.238671042521819
2025-08-14,2025,225,TRUE,0.665602606773107,491,172,35.030549898167,0.520792696786419
2025-08-15,2025,226,TRUE,3.36232287549814,1045,473,45.2631578947368,3.01839910659949
2025-08-16,2025,227,TRUE,0.772692581343415,513,212,41.3255360623782,0.852700525333006
2025-08-17,2025,228,TRUE,0.0766077466364131,370,150,40.5405405405405,0.338243391085796
2025-08-18,2025,229,TRUE,-0.132704476387371,327,92,28.1345565749236,-0.143022960306756
2025-08-19,2025,230,TRUE,-0.210588094256686,311,73,23.4726688102894,-0.300679178866385
2025-08-20,2025,231,TRUE,-0.317678068826994,289,78,26.9896193771626,-0.259190700298061
2025-08-21,2025,232,TRUE,-0.458842126215127,260,57,21.9230769230769,-0.43344231028502
2025-08-22,2025,233,TRUE,-0.468577578448791,258,69,26.7441860465116,-0.333869961721044
2025-08-23,2025,234,TRUE,-0.342016699411155,284,77,27.112676056338,-0.267488396011726
2025-08-24,2025,235,TRUE,-0.444238947864631,263,71,26.9961977186312,-0.317274570293714
2025-08-25,2025,236,TRUE,-0.26413308154184,300,95,31.6666666666667,-0.118129873165762
2025-08-26,2025,237,TRUE,-0.380958508345812,276,73,26.4492753623188,-0.300679178866385
2025-08-27,2025,238,TRUE,-0.371223056112148,278,76,27.3381294964029,-0.275786091725391
2025-08-28,2025,239,TRUE,-0.0694240368685524,340,96,28.2352941176471,-0.109832177452097
2025-08-29,2025,240,TRUE,-0.395561686696309,273,64,23.4432234432234,-0.375358440289367
2025-08-30,2025,241,TRUE,-0.741170240991394,202,32,15.8415841584158,-0.640884703126637
2025-08-31,2025,242,TRUE,-0.536725744084442,244,62,25.4098360655738,-0.391953831716696
2025-09-15,2025,257,TRUE,0.0279304854680912,360,92,25.5555555555556,-0.143022960306756
2025-09-16,2025,258,TRUE,-0.337148973294322,285,74,25.9649122807018,-0.29238148315272
2025-09-17,2025,259,TRUE,-0.634080266421086,224,55,24.5535714285714,-0.450037701712349
2025-09-18,2025,260,TRUE,-0.157043106971532,322,87,27.0186335403727,-0.184511438875079
2025-09-19,2025,261,TRUE,-0.312810342710162,290,54,18.6206896551724,-0.458335397426014
2025-09-20,2025,262,TRUE,-0.707096158173568,209,64,30.622009569378,-0.375358440289367
2025-09-21,2025,263,TRUE,-0.337148973294322,285,85,29.8245614035088,-0.201106830302409
2025-09-22,2025,264,TRUE,-0.0402176801675593,346,85,24.5664739884393,-0.201106830302409
2025-09-23,2025,265,TRUE,-0.366355329995316,279,64,22.9390681003584,-0.375358440289367
2025-09-24,2025,266,TRUE,-0.298207164359665,293,77,26.2798634812287,-0.267488396011726
2025-09-25,2025,267,TRUE,-0.380958508345812,276,62,22.463768115942,-0.391953831716696
2025-09-26,2025,268,TRUE,-0.322545794943826,288,63,21.875,-0.383656136003032
2025-09-27,2025,269,TRUE,-0.517254839617113,248,57,22.9838709677419,-0.43344231028502
2025-09-28,2025,270,TRUE,-0.361487603878483,280,85,30.3571428571429,-0.201106830302409
2025-09-29,2025,271,TRUE,0.0863431988700774,372,129,34.6774193548387,0.163991781098837
2025-09-30,2025,272,TRUE,-0.230058998724014,307,92,29.9674267100977,-0.143022960306756
2025-10-01,2025,273,TRUE,0.00359185488393033,355,94,26.4788732394366,-0.126427568879427
2025-10-02,2025,274,TRUE,-0.0110113234665662,352,90,25.5681818181818,-0.159618351734085
2025-10-03,2025,275,TRUE,-0.317678068826994,289,55,19.0311418685121,-0.450037701712349
2025-10-04,2025,276,TRUE,-0.303074890476497,292,64,21.9178082191781,-0.375358440289367
2025-10-05,2025,277,TRUE,-0.278736259892336,297,89,29.96632996633,-0.16791604744775
2025-10-06,2025,278,TRUE,0.164226816739392,388,136,35.0515463917526,0.22207565109449
2025-10-07,2025,279,TRUE,0.441687205398827,445,146,32.8089887640449,0.305052608231137
2025-10-08,2025,280,TRUE,0.00845958100076251,356,97,27.247191011236,-0.101534481738432
2025-10-09,2025,281,TRUE,-0.195984915906189,314,87,27.7070063694268,-0.184511438875079
2025-10-10,2025,282,TRUE,-0.390693960579477,274,65,23.7226277372263,-0.367060744575702
2025-10-11,2025,283,TRUE,-0.580535279135932,235,47,20,-0.516419267421667
2025-10-12,2025,284,TRUE,-0.434503495630966,265,89,33.5849056603774,-0.16791604744775
2025-10-13,2025,285,TRUE,-0.225191272607182,308,64,20.7792207792208,-0.375358440289367
2025-10-14,2025,286,TRUE,-0.361487603878483,280,63,22.5,-0.383656136003032
2025-10-15,2025,287,TRUE,-0.346884425527987,283,68,24.0282685512368,-0.342167657434708
2025-10-16,2025,288,TRUE,0.0960786511037418,374,120,32.0855614973262,0.0893125196758552
2025-10-17,2025,289,TRUE,-0.0548208585180559,343,89,25.9475218658892,-0.16791604744775
2025-10-18,2025,290,TRUE,-0.327413521060658,287,78,27.1777003484321,-0.259190700298061
2025-10-19,2025,291,TRUE,-0.00127587123290186,354,133,37.5706214689266,0.197182563953496
2025-10-20,2025,292,TRUE,0.237242708491875,403,122,30.272952853598,0.105907911103185
2025-10-21,2025,293,TRUE,-0.215455820373518,310,84,27.0967741935484,-0.209404526016073
2025-10-22,2025,294,TRUE,0.256713612959204,407,130,31.9410319410319,0.172289476812502
2025-10-23,2025,295,TRUE,0.0230627593512591,359,122,33.983286908078,0.105907911103185
2025-10-24,2025,296,TRUE,-0.00614359734973404,353,89,25.2124645892351,-0.16791604744775
2025-10-25,2025,297,TRUE,-0.22032354649035,309,84,27.1844660194175,-0.209404526016073
2025-10-26,2025,298,TRUE,-0.132704476387371,327,69,21.1009174311927,-0.333869961721044
2025-10-27,2025,299,TRUE,-0.0450854062843915,345,87,25.2173913043478,-0.184511438875079
2025-10-28,2025,300,TRUE,-0.22032354649035,309,59,19.0938511326861,-0.41684691885769
2025-10-29,2025,301,TRUE,-0.298207164359665,293,74,25.2559726962457,-0.29238148315272
2025-10-30,2025,302,TRUE,-0.147307654737867,324,94,29.0123456790123,-0.126427568879427
2025-10-31,2025,303,TRUE,0.733750772408758,505,188,37.2277227722772,0.653555828205053
2025-11-01,2025,304,TRUE,0.96253389989987,552,209,37.8623188405797,0.827807438192012
2025-11-02,2025,305,TRUE,-0.337148973294322,285,67,23.5087719298246,-0.350465353148373
2025-11-03,2025,306,TRUE,-0.166778559205196,320,98,30.625,-0.0932367860247678
2025-11-04,2025,307,TRUE,-0.127836750270539,328,59,17.9878048780488,-0.41684691885769
2025-11-05,2025,308,TRUE,-0.390693960579477,274,47,17.1532846715329,-0.516419267421667
2025-11-06,2025,309,TRUE,-0.337148973294322,285,66,23.1578947368421,-0.358763048862038
2025-11-07,2025,310,TRUE,-0.0402176801675593,346,88,25.4335260115607,-0.176213743161415
2025-11-08,2025,311,TRUE,-0.517254839617113,248,46,18.5483870967742,-0.524716963135331
2025-11-09,2025,312,TRUE,-0.298207164359665,293,72,24.5733788395904,-0.308976874580049
2025-11-10,2025,313,TRUE,0.0571368421690843,366,117,31.9672131147541,0.0644194325348611
2025-11-11,2025,314,TRUE,0.0133273071175947,357,103,28.8515406162465,-0.0517483074564444
2025-11-12,2025,315,TRUE,-0.337148973294322,285,67,23.5087719298246,-0.350465353148373
2025-11-13,2025,316,TRUE,-0.33228124717749,286,85,29.7202797202797,-0.201106830302409
2025-11-14,2025,317,TRUE,-0.142439928621035,325,62,19.0769230769231,-0.391953831716696
2025-11-15,2025,318,TRUE,-0.161910833088364,321,85,26.4797507788162,-0.201106830302409
2025-11-16,2025,319,TRUE,-0.424768043397302,267,89,33.3333333333333,-0.16791604744775
2025-11-17,2025,320,TRUE,0.208036351790882,397,98,24.6851385390428,-0.0932367860247678
2025-11-18,2025,321,TRUE,-0.157043106971532,322,89,27.639751552795,-0.16791604744775
2025-11-19,2025,322,TRUE,-0.230058998724014,307,84,27.3615635179153,-0.209404526016073
2025-11-20,2025,323,TRUE,-0.283603986009168,296,71,23.9864864864865,-0.317274570293714
2025-11-21,2025,324,TRUE,0.0717400205195809,369,95,25.7452574525745,-0.118129873165762
2025-11-22,2025,325,TRUE,-0.307942616593329,291,57,19.5876288659794,-0.43344231028502
2025-11-23,2025,326,TRUE,-0.269000807658672,299,103,34.4481605351171,-0.0517483074564444
2025-11-24,2025,327,TRUE,0.0376659377017556,362,89,24.585635359116,-0.16791604744775
2025-11-25,2025,328,TRUE,-0.181381737555693,317,89,28.0757097791798,-0.16791604744775
2025-11-26,2025,329,TRUE,-0.254397629308175,302,84,27.8145695364238,-0.209404526016073
2025-11-27,2025,330,TRUE,-0.113233571920042,331,87,26.2839879154079,-0.184511438875079
2025-11-28,2025,331,TRUE,0.393009944230505,435,128,29.4252873563218,0.155694085385173
2025-11-29,2025,332,TRUE,1.44930651158309,652,276,42.3312883435583,1.38375305100755
2025-11-30,2025,333,TRUE,0.797031211927576,518,182,35.1351351351351,0.603769653923065
2025-12-01,2025,334,TRUE,0.529306275501806,463,125,26.9978401727862,0.130800998244179
2025-12-02,2025,335,TRUE,0.831105294745401,525,213,40.5714285714286,0.86099822104667
2025-12-03,2025,336,TRUE,0.436819479281995,444,155,34.9099099099099,0.379731869654119
2025-12-04,2025,337,TRUE,0.208036351790882,397,124,31.2342569269521,0.122503302530514
2025-12-05,2025,338,TRUE,0.105814103337406,376,107,28.4574468085106,-0.0185575246017857
2025-12-06,2025,339,TRUE,0.00359185488393033,355,112,31.5492957746479,0.0229309539665377
2025-12-07,2025,340,TRUE,0.193433173440385,394,126,31.9796954314721,0.139098693957843
2025-12-08,2025,341,TRUE,0.0717400205195809,369,88,23.8482384823848,-0.176213743161415
2025-12-09,2025,342,TRUE,-0.10836584580321,332,65,19.5783132530121,-0.367060744575702
2025-12-10,2025,343,TRUE,-0.337148973294322,285,66,23.1578947368421,-0.358763048862038
2025-12-11,2025,344,TRUE,0.0376659377017556,362,112,30.939226519337,0.0229309539665377
2025-12-12,2025,345,TRUE,0.0814754727532453,371,119,32.0754716981132,0.0810148239621905
2025-12-13,2025,346,TRUE,-0.10836584580321,332,100,30.1204819277108,-0.0766413945974384
2025-12-14,2025,347,TRUE,0.0181950332344269,358,106,29.608938547486,-0.0268552203154503
2025-12-15,2025,348,TRUE,0.524438549384974,462,116,25.1082251082251,0.0561217368211965
2025-12-16,2025,349,TRUE,-0.322545794943826,288,54,18.75,-0.458335397426014
2025-12-17,2025,350,TRUE,0.110681829454238,377,102,27.0557029177719,-0.0600460031701091
2025-12-18,2025,351,TRUE,0.339464956945351,424,124,29.2452830188679,0.122503302530514
2025-12-19,2025,352,TRUE,-0.122969024153706,329,67,20.3647416413374,-0.350465353148373
2025-12-20,2025,353,TRUE,0.0668722944027487,368,122,33.1521739130435,0.105907911103185
2025-12-21,2025,354,TRUE,0.212904077907714,398,136,34.1708542713568,0.22207565109449
2025-12-22,2025,355,TRUE,0.680205785123604,494,148,29.9595141700405,0.321647999658466
2025-12-23,2025,356,TRUE,0.329729504711687,422,108,25.5924170616114,-0.010259828888121
2025-12-24,2025,357,TRUE,2.22814269027624,812,324,39.9014778325123,1.78204244526345
2025-12-25,2025,358,TRUE,3.29417470986249,1031,486,47.1387002909796,3.12626915087713
2025-12-26,2025,359,TRUE,0.485496740450317,454,157,34.5814977973568,0.396327261081448
2025-12-27,2025,360,TRUE,-0.0353499540507271,347,108,31.1239193083574,-0.010259828888121
2025-12-28,2025,361,TRUE,0.0766077466364131,370,128,34.5945945945946,0.155694085385173
2025-12-29,2025,362,TRUE,-0.0791594891022168,338,93,27.5147928994083,-0.134725264593091
2025-12-30,2025,363,TRUE,-0.541593470201274,243,64,26.3374485596708,-0.375358440289367
2025-12-31,2025,364,TRUE,-0.317678068826994,289,95,32.8719723183391,-0.118129873165762
2026-01-01,2026,0,TRUE,-0.535759312026163,236,55,23.3050847457627,-0.790400179672341
2026-01-02,2026,1,TRUE,0.321380890901717,321,112,34.8909657320872,0.354291674012477
2026-01-03,2026,2,TRUE,-0.475255297701842,242,60,24.7933884297521,-0.689988613559638
2026-01-04,2026,3,TRUE,-0.576095321575711,232,67,28.8793103448276,-0.549412421001853
2026-01-05,2026,4,TRUE,0.331464893289104,322,116,36.0248447204969,0.434620926902639
2026-01-06,2026,5,TRUE,2.05582930153225,493,208,42.1906693711968,2.28219374337638
2026-01-07,2026,6,TRUE,0.85583301743322,374,143,38.2352941176471,0.976843383911237
2026-01-08,2026,7,TRUE,-0.172735226080237,272,82,30.1470588235294,-0.248177722663743
2026-01-09,2026,8,TRUE,-0.00130718549466115,289,94,32.5259515570934,-0.00718996399325531
2026-01-10,2026,9,TRUE,-1.53407554837746,137,42,30.6569343065693,-1.05147025156537
2026-01-11,2026,10,TRUE,-1.00970742423334,189,61,32.2751322751323,-0.669906300337097
2026-01-12,2026,11,TRUE,0.220540867027849,311,136,43.7299035369775,0.836267191353452
2026-01-13,2026,12,TRUE,0.170120855090915,306,110,35.9477124183007,0.314127047567395
2026-01-14,2026,13,TRUE,-0.576095321575711,232,64,27.5862068965517,-0.609659360669475
2026-01-15,2026,14,TRUE,-0.908867400359476,199,67,33.6683417085427,-0.549412421001853
2026-01-16,2026,15,TRUE,-0.808027376485608,209,63,30.1435406698565,-0.629741673892016
2026-01-17,2026,16,TRUE,-0.898783397972089,200,74,37,-0.408836228444069
2026-01-18,2026,17,TRUE,-0.818111378872995,208,76,36.5384615384615,-0.368671601998987
2026-01-19,2026,18,TRUE,-0.0214751902694348,287,93,32.404181184669,-0.027272277215796
2026-01-20,2026,19,TRUE,-0.303827257116266,259,82,31.6602316602317,-0.248177722663743
2026-01-21,2026,20,TRUE,-0.182819228467624,271,81,29.8892988929889,-0.268260035886284
2026-01-22,2026,21,TRUE,-0.172735226080237,272,91,33.4558823529412,-0.0674369036608773
2026-01-23,2026,22,TRUE,-0.687019347836966,221,73,33.0316742081448,-0.428918541666609
2026-01-24,2026,23,TRUE,-1.09037944333244,181,61,33.7016574585635,-0.669906300337097
2026-01-25,2026,24,TRUE,-0.969371414683797,193,73,37.8238341968912,-0.428918541666609
2026-01-26,2026,25,TRUE,-1.09037944333244,181,61,33.7016574585635,-0.669906300337097
2026-01-27,2026,26,TRUE,-0.908867400359476,199,51,25.6281407035176,-0.870729432562504
2026-01-28,2026,27,TRUE,-0.071895202206369,282,95,33.6879432624114,0.0128923492292854
2026-01-29,2026,28,TRUE,-0.76769136693606,213,43,20.1877934272301,-1.03138793834283
2026-01-30,2026,29,TRUE,-0.626515333512645,227,57,25.1101321585903,-0.75023555322726
2026-01-31,2026,30,TRUE,-0.364331271440587,253,83,32.8063241106719,-0.228095409441203
2026-02-01,2026,31,TRUE,-0.576095321575711,232,69,29.7413793103448,-0.509247794556772
2026-02-02,2026,32,TRUE,0.119700843153981,301,90,29.9003322259136,-0.087519216883418
2026-02-03,2026,33,TRUE,0.170120855090915,306,110,35.9477124183007,0.314127047567395
2026-02-04,2026,34,TRUE,-0.404667280990134,249,101,40.5622489959839,0.133386228564529
2026-02-05,2026,35,TRUE,-0.555927316800937,234,84,35.8974358974359,-0.208013096218662
2026-02-06,2026,36,TRUE,-0.505507304864003,239,83,34.7280334728034,-0.228095409441203
2026-02-07,2026,37,TRUE,-0.00130718549466115,289,101,34.9480968858132,0.133386228564529
2026-02-08,2026,38,TRUE,-0.475255297701842,242,100,41.3223140495868,0.113303915341989
2026-02-09,2026,39,TRUE,-0.142483218918077,275,85,30.9090909090909,-0.187930782996121
2026-02-10,2026,40,TRUE,0.724740986397191,361,109,30.1939058171745,0.294044734344855
2026-02-11,2026,41,TRUE,0.412136912388199,330,123,37.2727272727273,0.575197119460424
2026-02-12,2026,42,TRUE,0.0894488359918204,298,97,32.5503355704698,0.0530569756743667
2026-02-13,2026,43,TRUE,0.0188608192801125,291,90,30.9278350515464,-0.087519216883418
2026-02-14,2026,44,TRUE,-0.525675309638776,237,88,37.1308016877637,-0.127683843328499
2026-02-15,2026,45,TRUE,-1.20130346959369,170,47,27.6470588235294,-0.951058685452666
2026-02-16,2026,46,TRUE,-0.394583278602748,250,89,35.6,-0.107601530105959
2026-02-17,2026,47,TRUE,-0.192903230855011,270,77,28.5185185185185,-0.348589288776447
2026-02-18,2026,48,TRUE,1.944905275271,482,191,39.6265560165975,1.94079441859319
2026-02-19,2026,49,TRUE,0.66423697207287,355,110,30.9859154929578,0.314127047567395
2026-02-20,2026,50,TRUE,-0.646683338287418,225,59,26.2222222222222,-0.710070926782178
2026-02-21,2026,51,TRUE,-1.08029544094505,182,54,29.6703296703297,-0.810482492894882
2026-02-22,2026,52,TRUE,-0.455087292927069,244,78,31.9672131147541,-0.328506975553906
2026-02-23,2026,53,TRUE,-0.202987233242398,269,86,31.9702602230483,-0.167848469773581
2026-02-24,2026,54,TRUE,-0.656767340674805,224,60,26.7857142857143,-0.689988613559638
2026-02-25,2026,55,TRUE,-0.707187352611739,219,61,27.8538812785388,-0.669906300337097
2026-02-26,2026,56,TRUE,-0.838279383647768,206,43,20.873786407767,-1.03138793834283
2026-02-27,2026,57,TRUE,-0.646683338287418,225,43,19.1111111111111,-1.03138793834283
2026-02-28,2026,58,TRUE,-1.23155547675585,167,41,24.5508982035928,-1.07155256478791
2026-03-01,2026,59,TRUE,-0.76769136693606,213,74,34.7417840375587,-0.408836228444069
2026-03-02,2026,60,TRUE,-0.213071235629785,268,65,24.2537313432836,-0.589577047446935
2026-03-03,2026,61,TRUE,-0.54584331441355,235,46,19.5744680851064,-0.971140998675207
2026-03-04,2026,62,TRUE,-0.797943374098221,210,44,20.952380952381,-1.01130562512029
2026-03-05,2026,63,TRUE,-0.525675309638776,237,55,23.2067510548523,-0.790400179672341
2026-03-06,2026,64,TRUE,-0.636599335900032,226,63,27.8761061946903,-0.629741673892016
2026-03-07,2026,65,TRUE,-0.908867400359476,199,71,35.678391959799,-0.46908316811169
2026-03-08,2026,66,TRUE,-0.95928741229641,194,77,39.6907216494845,-0.348589288776447
2026-03-09,2026,67,TRUE,-0.0214751902694348,287,75,26.1324041811847,-0.388753915221528
2026-03-10,2026,68,TRUE,-0.32399526189104,257,61,23.7354085603113,-0.669906300337097
2026-03-11,2026,69,TRUE,-0.182819228467624,271,73,26.9372693726937,-0.428918541666609
2026-03-12,2026,70,TRUE,-0.364331271440587,253,76,30.0395256916996,-0.368671601998987
2026-03-13,2026,71,TRUE,0.230624869415236,312,101,32.3717948717949,0.133386228564529
2026-03-14,2026,72,TRUE,-0.283659252341492,261,85,32.5670498084291,-0.187930782996121
2026-03-15,2026,73,TRUE,-0.505507304864003,239,80,33.4728033472803,-0.288342349108825
2026-03-16,2026,74,TRUE,0.139868847928755,303,87,28.7128712871287,-0.14776615655104
2026-03-17,2026,75,TRUE,0.260876876577397,315,86,27.3015873015873,-0.167848469773581
2026-03-18,2026,76,TRUE,-0.0819792045937558,281,91,32.3843416370107,-0.0674369036608773
2026-03-19,2026,77,TRUE,0.825581010271059,371,107,28.8409703504043,0.253880107899773
2026-03-20,2026,78,TRUE,1.88440126094668,476,91,19.1176470588235,-0.0674369036608773
2026-03-21,2026,79,TRUE,-0.54584331441355,235,85,36.1702127659575,-0.187930782996121
2026-03-22,2026,80,TRUE,-0.465171295314455,243,95,39.0946502057613,0.0128923492292854
2026-03-23,2026,81,TRUE,0.432304917162973,332,82,24.6987951807229,-0.248177722663743
2026-03-24,2026,82,TRUE,0.210456864640462,310,93,30,-0.027272277215796
2026-03-25,2026,83,TRUE,0.28104488135217,317,91,28.7066246056782,-0.0674369036608773
2026-03-26,2026,84,TRUE,0.180204857478302,307,96,31.2703583061889,0.032974662451826
2026-03-27,2026,85,TRUE,0.220540867027849,311,108,34.7266881028939,0.273962421122314
2026-03-28,2026,86,TRUE,-0.253407245179332,264,98,37.1212121212121,0.0731392888969073
2026-03-29,2026,87,TRUE,3.14490155937003,601,226,37.603993344426,2.64367538138211
2026-03-30,2026,88,TRUE,1.27936111770347,416,164,39.4230769230769,1.39857196158459
2026-03-31,2026,89,TRUE,-0.011391187882048,288,79,27.4305555555556,-0.308424662331365
2026-04-01,2026,90,TRUE,0.805413005496286,369,112,30.3523035230352,0.354291674012477
2026-04-02,2026,91,TRUE,2.84238148774843,571,209,36.6024518388792,2.30227605659892
2026-04-03,2026,92,TRUE,4.59699790315373,745,315,42.2818791946309,4.43100125818823
2026-04-04,2026,93,TRUE,4.30456183391952,716,312,43.5754189944134,4.37075431852061
2026-04-05,2026,94,TRUE,6.17010227558608,901,450,49.9445061043285,7.14211354323122
2026-04-06,2026,95,TRUE,1.11801707950528,400,152,38,1.1575842029141
2026-04-07,2026,96,TRUE,0.25079287419001,314,110,35.031847133758,0.314127047567395
2026-04-08,2026,97,TRUE,-0.112231211755916,278,87,31.294964028777,-0.14776615655104
2026-04-09,2026,98,TRUE,-0.152567221305464,274,87,31.7518248175183,-0.14776615655104
2026-04-10,2026,99,TRUE,-0.273575249954106,262,89,33.969465648855,-0.107601530105959
2026-04-11,2026,100,TRUE,-0.152567221305464,274,99,36.1313868613139,0.093221602119448
2026-04-12,2026,101,TRUE,0.321380890901717,321,111,34.5794392523365,0.334209360789936
2026-04-13,2026,102,TRUE,1.01717705563141,390,151,38.7179487179487,1.13750188969156
2026-04-14,2026,103,TRUE,0.371800902838652,326,129,39.5705521472393,0.695690998795668
2026-04-15,2026,104,TRUE,0.170120855090915,306,133,43.4640522875817,0.77602025168583
2026-04-16,2026,105,TRUE,-0.172735226080237,272,125,45.9558823529412,0.615361745905505
2026-04-17,2026,106,TRUE,-0.374415273827974,252,80,31.7460317460318,-0.288342349108825
2026-04-18,2026,107,TRUE,-1.25172348153063,165,57,34.5454545454546,-0.75023555322726
2026-04-19,2026,108,TRUE,-1.14079945526937,176,50,28.4090909090909,-0.890811745785045
2026-04-20,2026,109,TRUE,0.391968907613425,328,126,38.4146341463415,0.635444059128046
2026-04-21,2026,110,TRUE,0.0894488359918204,298,96,32.2147651006712,0.032974662451826
2026-04-22,2026,111,TRUE,-0.445003290539682,245,88,35.9183673469388,-0.127683843328499
2026-04-23,2026,112,TRUE,-0.243323242791945,265,69,26.0377358490566,-0.509247794556772
2026-04-24,2026,113,TRUE,-0.102147209368529,279,90,32.258064516129,-0.087519216883418
2026-04-25,2026,114,TRUE,-0.223155238017171,267,90,33.7078651685393,-0.087519216883418
2026-04-26,2026,115,TRUE,-0.566011319188324,233,67,28.755364806867,-0.549412421001853
2026-04-27,2026,116,TRUE,-0.213071235629785,268,66,24.6268656716418,-0.569494734224394
2026-04-28,2026,117,TRUE,-0.475255297701842,242,53,21.900826446281,-0.830564806117422
2026-04-29,2026,118,TRUE,-0.283659252341492,261,81,31.0344827586207,-0.268260035886284
2026-04-30,2026,119,TRUE,-0.263491247566719,263,74,28.1368821292776,-0.408836228444069
2026-05-01,2026,120,TRUE,-0.596263326350484,230,63,27.3913043478261,-0.629741673892016
2026-05-02,2026,121,TRUE,-0.293743254728879,260,78,30,-0.328506975553906
2026-05-03,2026,122,TRUE,-0.747523362161287,215,67,31.1627906976744,-0.549412421001853
2026-05-04,2026,123,TRUE,-0.0214751902694348,287,79,27.5261324041812,-0.308424662331365
2026-05-05,2026,124,TRUE,0.381884905226038,327,105,32.1100917431193,0.213715481454692
2026-05-06,2026,125,TRUE,0.0390288240548862,293,81,27.6450511945393,-0.268260035886284
2026-05-07,2026,126,TRUE,1.03734506040618,392,159,40.5612244897959,1.29816039547189
2026-05-08,2026,127,TRUE,1.01717705563141,390,149,38.2051282051282,1.09733726324648
2026-05-09,2026,128,TRUE,-0.747523362161287,215,59,27.4418604651163,-0.710070926782178
2026-05-10,2026,129,TRUE,-0.394583278602748,250,89,35.6,-0.107601530105959
2026-05-11,2026,130,TRUE,0.482724929099907,337,103,30.5637982195846,0.173550855009611
2026-05-12,2026,131,TRUE,0.371800902838652,326,117,35.8895705521472,0.45470324012518
2026-05-13,2026,132,TRUE,0.321380890901717,321,75,23.3644859813084,-0.388753915221528
2026-05-14,2026,133,TRUE,-0.0315591926568216,286,85,29.7202797202797,-0.187930782996121
2026-05-15,2026,134,TRUE,-0.213071235629785,268,70,26.1194029850746,-0.489165481334231
2026-05-16,2026,135,TRUE,-0.273575249954106,262,87,33.206106870229,-0.14776615655104
2026-05-17,2026,136,TRUE,-0.374415273827974,252,90,35.7142857142857,-0.087519216883418
2026-05-18,2026,137,TRUE,0.341548895676491,323,84,26.0061919504644,-0.208013096218662
2026-05-19,2026,138,TRUE,0.129784845541368,302,93,30.794701986755,-0.027272277215796
2026-05-20,2026,139,TRUE,-0.182819228467624,271,58,21.4022140221402,-0.730153240004719
2026-05-21,2026,140,TRUE,-0.666851343062192,223,56,25.1121076233184,-0.7703178664498
2026-05-22,2026,141,TRUE,-0.606347328737871,229,51,22.2707423580786,-0.870729432562504
2026-05-23,2026,142,TRUE,-0.787859371710834,211,61,28.9099526066351,-0.669906300337097
2026-05-24,2026,143,TRUE,0.149952850316141,304,109,35.8552631578947,0.294044734344855
2026-05-25,2026,144,TRUE,1.39028514396472,427,134,31.3817330210773,0.796102564908371
2026-05-26,2026,145,TRUE,0.00877681689272568,290,77,26.551724137931,-0.348589288776447
2026-05-27,2026,146,TRUE,0.0591968288296598,295,73,24.7457627118644,-0.428918541666609
2026-05-28,2026,147,TRUE,-0.313911259503653,258,70,27.1317829457364,-0.489165481334231
2026-05-29,2026,148,TRUE,0.0692808312170467,296,88,29.7297297297297,-0.127683843328499
2026-05-30,2026,149,TRUE,-0.495423302476616,240,82,34.1666666666667,-0.248177722663743
2026-05-31,2026,150,TRUE,-0.152567221305464,274,91,33.2116788321168,-0.0674369036608773
2026-06-01,2026,151,TRUE,0.260876876577397,315,97,30.7936507936508,0.0530569756743667
2026-06-02,2026,152,TRUE,-0.0416431950442085,285,73,25.6140350877193,-0.428918541666609
2026-06-03,2026,153,TRUE,0.0793648336044335,297,79,26.5993265993266,-0.308424662331365
2026-06-04,2026,154,TRUE,2.01549329198271,489,212,43.3537832310839,2.36252299626654
2026-06-05,2026,155,TRUE,0.402052910000812,329,85,25.8358662613982,-0.187930782996121
2026-06-06,2026,156,TRUE,0.381884905226038,327,150,45.8715596330275,1.11741957646902
2026-06-07,2026,157,TRUE,-0.152567221305464,274,100,36.4963503649635,0.113303915341989
2026-06-08,2026,158,TRUE,0.492808931487294,338,112,33.1360946745562,0.354291674012477
2026-06-09,2026,159,TRUE,0.351632898063878,324,105,32.4074074074074,0.213715481454692
2026-06-10,2026,160,TRUE,-0.54584331441355,235,62,26.3829787234043,-0.649823987114556
2026-06-11,2026,161,TRUE,0.0692808312170467,296,102,34.4594594594595,0.15346854178707
