"date","year","avg_cli","z_score_cli","is_cli_spike"
2021-01-01,2021,71.4982779611278,-0.427802142960893,FALSE
2021-01-02,2021,86.3374384683115,0.311085734572844,FALSE
2021-01-03,2021,113.273481135769,1.65231493592022,FALSE
2021-01-04,2021,85.4154809565375,0.265178607365669,FALSE
2021-01-05,2021,92.2214433812554,0.604068609137645,FALSE
2021-01-06,2021,95.2461219773412,0.754676748122437,FALSE
2021-01-07,2021,102.848585357846,1.13322700563397,FALSE
2021-01-08,2021,95.5997925512513,0.772287104151411,FALSE
2021-01-09,2021,114.258971297975,1.70138555106254,FALSE
2021-01-10,2021,103.100795302013,1.14578532187079,FALSE
2021-01-11,2021,98.8518353538368,0.934216412948093,FALSE
2021-01-12,2021,112.95929996565,1.63667087992141,FALSE
2021-01-13,2021,82.1588800614065,0.103022336988182,FALSE
2021-01-14,2021,79.7377931137545,-0.0175310996573203,FALSE
2021-01-15,2021,90.797726460846,0.533177323001822,FALSE
2021-01-16,2021,81.1685685514451,0.0537116519707661,FALSE
2021-01-17,2021,97.1711555715216,0.850530148043309,FALSE
2021-01-18,2021,75.263379468395,-0.240326048200883,FALSE
2021-01-19,2021,77.7296859828129,-0.117520988918474,FALSE
2021-01-20,2021,92.355894847855,0.610763365134051,FALSE
2021-01-21,2021,90.318621478931,0.509321198322021,FALSE
2021-01-22,2021,75.257844288465,-0.240601661996439,FALSE
2021-01-23,2021,97.845314225392,0.884098600695209,FALSE
2021-01-24,2021,95.8586567198288,0.785176754883149,FALSE
2021-01-25,2021,82.4132945498424,0.115690424329323,FALSE
2021-01-26,2021,84.417980651696,0.215509969929826,FALSE
2021-01-27,2021,82.3905286569298,0.114556839832667,FALSE
2021-01-28,2021,81.85441750947,0.0878622011651366,FALSE
2021-01-29,2021,82.3662404886491,0.113347456518736,FALSE
2021-01-30,2021,60.373092269869,-0.98175968244592,FALSE
2021-01-31,2021,86.5308640698307,0.320716995862726,FALSE
2021-02-01,2021,74.0825623178564,-0.299122600586344,FALSE
2021-02-02,2021,67.1559322463101,-0.644021019169295,FALSE
2021-02-03,2021,69.9963990251303,-0.50258535854742,FALSE
2021-02-04,2021,58.2129981246104,-1.08931747707254,FALSE
2021-02-05,2021,59.3190096776644,-1.03424572765867,FALSE
2021-02-06,2021,62.9470672389127,-0.853593476495053,FALSE
2021-02-07,2021,72.1557558344048,-0.395064278168885,FALSE
2021-02-08,2021,69.2807241893327,-0.538221030806023,FALSE
2021-02-09,2021,78.6050556204089,-0.0739336166228754,FALSE
2021-02-10,2021,96.681948287992,0.826170998398275,FALSE
2021-02-11,2021,110.858311751548,1.53205615313213,FALSE
2021-02-12,2021,53.9347480226668,-1.30234483369782,FALSE
2021-02-13,2021,47.3080285966625,-1.63230977001087,FALSE
2021-02-14,2021,71.6557998641286,-0.41995863830192,FALSE
2021-02-15,2021,69.4123083869369,-0.531669045035825,FALSE
2021-02-16,2021,86.788561874749,0.333548569726292,FALSE
2021-02-17,2021,69.0317243128437,-0.550619507805854,FALSE
2021-02-18,2021,80.0592564664481,-0.00152444117676303,FALSE
2021-02-19,2021,93.5897930763695,0.672202989209712,FALSE
2021-02-20,2021,68.3844502393413,-0.582849293724083,FALSE
2021-02-21,2021,81.3755380200861,0.064017304458613,FALSE
2021-02-22,2021,66.9971307111803,-0.651928240685251,FALSE
2021-02-23,2021,76.1310040573132,-0.19712432592748,FALSE
2021-02-24,2021,89.8458132761653,0.485778609827678,FALSE
2021-02-25,2021,88.8372191039506,0.43555757428865,FALSE
2021-02-26,2021,75.6359835429076,-0.221772934388026,FALSE
2021-02-27,2021,61.7870225013082,-0.911355705941781,FALSE
2021-02-28,2021,84.6277991823558,0.225957486061983,FALSE
2021-03-01,2021,113.564431093185,1.66680223770522,FALSE
2021-03-02,2021,108.621912828568,1.42069890669492,FALSE
2021-03-03,2021,73.3096358759159,-0.337609008082151,FALSE
2021-03-04,2021,120.886290635211,2.03138035881853,FALSE
2021-03-05,2021,96.4728868552354,0.81576118052152,FALSE
2021-03-06,2021,109.531653301723,1.46599770961515,FALSE
2021-03-07,2021,106.910334209375,1.3354740927605,FALSE
2021-03-08,2021,89.9248599676938,0.489714590040391,FALSE
2021-03-09,2021,94.4317811787691,0.714128191217568,FALSE
2021-03-10,2021,98.380536628216,0.910748986007753,FALSE
2021-03-11,2021,124.499548652693,2.21129569474516,FALSE
2021-03-12,2021,112.053431570514,1.59156487978866,FALSE
2021-03-13,2021,43.3070866141732,-1.83152909432143,FALSE
2021-03-14,2021,103.973509933775,1.18924049318207,FALSE
2021-03-15,2021,79.5152240128437,-0.0286135062730445,FALSE
2021-03-16,2021,63.7792898222774,-0.812154530002071,FALSE
2021-03-17,2021,57.56767650261,-1.12145004436809,FALSE
2021-03-18,2021,69.6388577827548,-0.520388447177787,FALSE
2021-03-19,2021,67.1250746823403,-0.645557513092686,FALSE
2021-03-20,2021,55.5664311856328,-1.22109826260589,FALSE
2021-03-21,2021,145.823587058378,3.27308577851685,TRUE
2021-03-22,2021,62.2287710609942,-0.889359673517173,FALSE
2021-03-23,2021,66.9013985983305,-0.656695039834107,FALSE
2021-03-24,2021,53.9786556105801,-1.30015853856171,FALSE
2021-03-25,2021,41.0014374449623,-1.94633452554181,FALSE
2021-03-26,2021,94.0746889880372,0.696347462262851,FALSE
2021-03-27,2021,59.0030294481648,-1.04997936441019,FALSE
2021-03-28,2021,64.071146647193,-0.797622072468421,FALSE
2021-03-29,2021,89.7414379374328,0.480581437624736,FALSE
2021-03-30,2021,76.8543347199873,-0.161107446277203,FALSE
2021-03-31,2021,80.1260412262152,0.00180097938001413,FALSE
2021-04-01,2021,71.9507611633943,-0.405271599350929,FALSE
2021-04-02,2021,69.0030312571393,-0.552048224141867,FALSE
2021-04-03,2021,93.3581221966385,0.660667376765331,FALSE
2021-04-04,2021,97.3405079957048,0.858962731085952,FALSE
2021-04-05,2021,94.3134535367545,0.708236290512038,FALSE
2021-04-06,2021,83.5349088778377,0.171539084354443,FALSE
2021-04-07,2021,63.3741522664288,-0.832327586867738,FALSE
2021-04-08,2021,105.921087074438,1.28621640628045,FALSE
2021-04-10,2021,64.9350649350649,-0.754604898432247,FALSE
2021-04-11,2021,76.9985075540868,-0.153928633207946,FALSE
2021-04-12,2021,70.349549377759,-0.485000905951345,FALSE
2021-04-13,2021,57.1078310483862,-1.14434717736294,FALSE
2021-04-14,2021,94.494300266796,0.717241210733407,FALSE
2021-04-15,2021,74.1702520006214,-0.294756259003313,FALSE
2021-04-16,2021,107.421955022283,1.36094928162775,FALSE
2021-04-17,2021,82.2024492404516,0.105191781695983,FALSE
2021-04-18,2021,67.7902742073693,-0.612435163284068,FALSE
2021-04-19,2021,12.7388535031847,-3.35361633587398,FALSE
2021-04-20,2021,72.5254041841813,-0.376658339068222,FALSE
2021-04-21,2021,65.3534347887925,-0.733772964368645,FALSE
2021-04-22,2021,82.2420334867199,0.107162804227533,FALSE
2021-04-23,2021,76.2070113047826,-0.193339689072001,FALSE
2021-04-24,2021,55.5347326336832,-1.22267663193208,FALSE
2021-04-25,2021,84.1751652956118,0.203419439404003,FALSE
2021-04-26,2021,94.6150997501913,0.723256192096396,FALSE
2021-04-27,2021,71.8416361907333,-0.410705270574873,FALSE
2021-04-28,2021,37.5797580746625,-2.11671056576982,FALSE
2021-04-30,2021,69.9917179862625,-0.502818442007365,FALSE
2021-05-01,2021,67.5675675675676,-0.623524418388231,FALSE
2021-05-02,2021,81.1109932238894,0.0508447976392605,FALSE
2021-05-03,2021,97.8746668615996,0.88556015959249,FALSE
2021-05-04,2021,102.053695933706,1.09364699305893,FALSE
2021-05-05,2021,82.1396396396396,0.102064296646527,FALSE
2021-05-06,2021,59.7368632519062,-1.01343950075372,FALSE
2021-05-07,2021,57.7127459815157,-1.11422658456983,FALSE
2021-05-08,2021,120.874743308199,2.03080538155194,FALSE
2021-05-09,2021,115.384615384615,1.75743486528307,FALSE
2021-05-10,2021,77.1354433262058,-0.147110175925915,FALSE
2021-05-11,2021,83.8122621700016,0.185349365958633,FALSE
2021-05-12,2021,166.74881212577,4.31501770785181,TRUE
2021-05-13,2021,66.8056399808777,-0.661463158729449,FALSE
2021-05-14,2021,99.9949092159935,0.991133609811377,FALSE
2021-05-15,2021,185.288640595903,5.23817333390658,TRUE
2021-05-16,2021,108.129718959732,1.39619104569406,FALSE
2021-05-17,2021,95.9539257527199,0.789920495842988,FALSE
2021-05-18,2021,75.2291354827937,-0.242031162572212,FALSE
2021-05-19,2021,63.4361689766361,-0.829239582303431,FALSE
2021-05-20,2021,50.4240959089189,-1.4771511030842,FALSE
2021-05-21,2021,77.6889144182377,-0.119551131715171,FALSE
2021-05-22,2021,76.5665146191944,-0.175438902782677,FALSE
2021-05-23,2021,84.1739396056225,0.203358408493648,FALSE
2021-05-24,2021,66.0164746958194,-0.700758148646011,FALSE
2021-05-25,2021,57.7416535777036,-1.11278718559699,FALSE
2021-05-26,2021,48.6126388882479,-1.56734917275258,FALSE
2021-05-27,2021,58.1975195602826,-1.09008820285167,FALSE
2021-05-30,2021,76.5088823402302,-0.178308592901647,FALSE
2021-05-31,2021,80.303359194435,0.0106301915934074,FALSE
2021-06-01,2021,66.2899277283903,-0.687142073077337,FALSE
2021-06-02,2021,96.0519239925956,0.794800132492837,FALSE
2021-06-03,2021,78.6742602684134,-0.0704877023169591,FALSE
2021-06-04,2021,77.5820901918197,-0.124870241639819,FALSE
2021-06-05,2021,58.8099781123898,-1.05959198984657,FALSE
2021-06-06,2021,87.4440565857019,0.366187686708421,FALSE
2021-06-07,2021,90.2543089358326,0.506118877109454,FALSE
2021-06-08,2021,62.920793898122,-0.854901707712253,FALSE
2021-06-09,2021,109.995927246755,1.48911535091785,FALSE
2021-06-10,2021,80.5387654356201,0.0223517992829543,FALSE
2021-06-11,2021,73.8131403978628,-0.312537954543113,FALSE
2021-06-12,2021,58.0590170774344,-1.09698467152557,FALSE
2021-06-13,2021,73.8866396761134,-0.308878197262333,FALSE
2021-06-14,2021,53.5624749318794,-1.32088146680329,FALSE
2021-06-15,2021,75.1470385121483,-0.246119025653333,FALSE
2021-06-16,2021,78.550033620637,-0.0766733328358969,FALSE
2021-06-17,2021,93.6751131942104,0.676451342797626,FALSE
2021-06-18,2021,84.4033954252268,0.214783726216515,FALSE
2021-06-19,2021,88.8246604941615,0.434932242112524,FALSE
2021-06-20,2021,94.0419334020846,0.69471645993154,FALSE
2021-06-23,2021,84.0980105883057,0.199577666960371,FALSE
2021-06-24,2021,75.6336692141512,-0.221888172002844,FALSE
2021-06-25,2021,71.062697986939,-0.449491022360017,FALSE
2021-06-26,2021,47.6190476190476,-1.61682316716622,FALSE
2021-06-27,2021,54.8148148148148,-1.25852357549232,FALSE
2021-06-28,2021,77.6857824272132,-0.119707083273176,FALSE
2021-06-29,2021,73.4257073414672,-0.331829449408198,FALSE
2021-06-30,2021,77.8950177866373,-0.109288605047602,FALSE
2021-07-01,2021,88.0113690798228,0.394435937306991,FALSE
2021-07-02,2021,44.9263687095149,-1.75090001089207,FALSE
2021-07-03,2021,81.1612554700099,0.0533475109388472,FALSE
2021-07-04,2021,72.8512903093724,-0.360431457012219,FALSE
2021-07-05,2021,83.9461218342909,0.192014654280449,FALSE
2021-07-06,2021,93.4904130463599,0.66725454893861,FALSE
2021-07-07,2021,95.300507423473,0.757384768353203,FALSE
2021-07-08,2021,75.5073684485449,-0.228177079288706,FALSE
2021-07-09,2021,84.3577115351167,0.212508983478565,FALSE
2021-07-10,2021,65.3368631790085,-0.734598116274958,FALSE
2021-07-11,2021,45.6811001280464,-1.7133195901077,FALSE
2021-07-12,2021,51.1616509861354,-1.44042594566678,FALSE
2021-07-13,2021,87.2027452755468,0.354172047299501,FALSE
2021-07-14,2021,51.3949716927081,-1.42880818322121,FALSE
2021-07-15,2021,68.4322268396003,-0.580470348449917,FALSE
2021-07-16,2021,94.0988835725678,0.697552185751282,FALSE
2021-07-17,2021,68.2879030676575,-0.587656677183061,FALSE
2021-07-18,2021,91.8096711546364,0.583565191413539,FALSE
2021-07-19,2021,90.5115231165744,0.518926369823607,FALSE
2021-07-20,2021,66.1046635650154,-0.696366951020593,FALSE
2021-07-21,2021,76.4167054112369,-0.182898368407376,FALSE
2021-07-22,2021,71.9883400280448,-0.403400430996875,FALSE
2021-07-23,2021,80.7122429316923,0.0309897824633787,FALSE
2021-07-24,2021,65.765352303073,-0.713262312320752,FALSE
2021-07-25,2021,76.1017669693369,-0.198580131319542,FALSE
2021-07-26,2021,138.145649139134,2.89077740937165,FALSE
2021-07-27,2021,61.23704465586,-0.938740810558522,FALSE
2021-07-28,2021,105.812195725491,1.28079436790662,FALSE
2021-07-29,2021,100.528591637957,1.01770731469522,FALSE
2021-07-30,2021,76.9184106763725,-0.1579169054517,FALSE
2021-07-31,2021,94.162552010144,0.700722434949935,FALSE
2021-08-02,2021,63.3656353518734,-0.832751670488637,FALSE
2021-08-03,2021,84.6278058080133,0.225957815974042,FALSE
2021-08-04,2021,80.9136829359988,0.0410201057529183,FALSE
2021-08-05,2021,68.6478569226025,-0.56973345708165,FALSE
2021-08-06,2021,84.8659226536464,0.237814393075538,FALSE
2021-08-07,2021,84.4588254928262,0.217543761393719,FALSE
2021-08-08,2021,87.1294309926896,0.350521501513772,FALSE
2021-08-09,2021,72.3075037964019,-0.387508275960685,FALSE
2021-08-10,2021,56.7865967652437,-1.16034242975929,FALSE
2021-08-11,2021,65.8991585317403,-0.706599684724472,FALSE
2021-08-14,2021,68.2715050390897,-0.58847318594165,FALSE
2021-08-15,2021,92.4322220167656,0.614563931871448,FALSE
2021-08-16,2021,76.5419047123889,-0.176664306456759,FALSE
2021-08-17,2021,85.0804920480072,0.248498469462887,FALSE
2021-08-18,2021,177.631578947368,4.85690445910117,TRUE
2021-08-19,2021,63.9000272610928,-0.806142638031365,FALSE
2021-08-20,2021,94.6685878962536,0.725919532970569,FALSE
2021-08-21,2021,85.79726989018,0.28418906383377,FALSE
2021-08-22,2021,79.5202440944461,-0.0283635408226098,FALSE
2021-08-23,2021,74.147724985195,-0.295877949048212,FALSE
2021-08-24,2021,59.522592985628,-1.02410868262505,FALSE
2021-08-25,2021,66.4071524420133,-0.681305090601038,FALSE
2021-08-26,2021,78.4513752468178,-0.0815858396045143,FALSE
2021-08-27,2021,81.6228722931498,0.0763328458921696,FALSE
2021-08-28,2021,45.8681291287548,-1.70400683543375,FALSE
2021-08-29,2021,79.1647485394702,-0.0460647683254515,FALSE
2021-08-30,2021,88.3574334459411,0.411667556632588,FALSE
2021-08-31,2021,77.2761860624946,-0.140102158077168,FALSE
2021-09-01,2021,52.2761182782534,-1.38493315874968,FALSE
2021-09-02,2021,98.2016208051673,0.901840211641059,FALSE
2021-09-03,2021,124.263591338799,2.19954664743433,FALSE
2021-09-04,2021,56.1442863339688,-1.19232506051881,FALSE
2021-09-05,2021,82.5794568999532,0.12396416367866,FALSE
2021-09-06,2021,94.8430143433855,0.734604767370765,FALSE
2021-09-07,2021,81.7358360039058,0.0819576598052231,FALSE
2021-09-08,2021,81.8990489488468,0.0900845391131927,FALSE
2021-09-09,2021,63.1075502458301,-0.84560252927779,FALSE
2021-09-10,2021,70.7975706469909,-0.462692535841561,FALSE
2021-09-15,2021,99.5344138048403,0.968204113442881,FALSE
2021-09-16,2021,106.993785965736,1.33962941482906,FALSE
2021-09-17,2021,76.2593748990248,-0.190732343124706,FALSE
2021-09-18,2021,65.65335774695,-0.718838869015382,FALSE
2021-09-19,2021,110.950802424486,1.53666155092304,FALSE
2021-09-20,2021,94.9373688686316,0.739302972155397,FALSE
2021-09-21,2021,95.2838177633955,0.756553738356228,FALSE
2021-09-22,2021,69.2546822901366,-0.539517737827596,FALSE
2021-09-23,2021,96.039421269886,0.79417758310793,FALSE
2021-09-24,2021,87.8094504911739,0.384381783817033,FALSE
2021-09-25,2021,79.7799174690509,-0.0154335972101743,FALSE
2021-09-26,2021,77.9890754781918,-0.104605180534151,FALSE
2021-09-27,2021,73.8636704270166,-0.310021907494825,FALSE
2021-09-28,2021,66.9297211517027,-0.655284771959631,FALSE
2021-09-29,2021,58.8235294117647,-1.05891722857365,FALSE
2021-09-30,2021,74.8566833772863,-0.260576709376434,FALSE
2021-10-01,2021,59.4359982298417,-1.02842050439404,FALSE
2021-10-02,2021,97.7228283532232,0.877999648798916,FALSE
2021-10-03,2021,105.399711399711,1.26025549255425,FALSE
2021-10-04,2021,74.2282249181228,-0.291869607433882,FALSE
2021-10-05,2021,82.6174365424226,0.125855288004738,FALSE
2021-10-06,2021,86.0793300060917,0.29823371280714,FALSE
2021-10-07,2021,60.447604657293,-0.97804947931367,FALSE
2021-10-08,2021,66.2515224105003,-0.689054393104335,FALSE
2021-10-09,2021,38.2209952878318,-2.08478137387214,FALSE
2021-10-10,2021,47.9776880093336,-1.59896534854851,FALSE
2021-10-11,2021,74.715601535538,-0.267601612338933,FALSE
2021-10-12,2021,56.9491525423729,-1.15224827287718,FALSE
2021-10-13,2021,124.390703599236,2.20587596156752,FALSE
2021-10-14,2021,87.6742909755452,0.377651771860963,FALSE
2021-10-15,2021,108.224857827808,1.40092830534363,FALSE
2021-10-16,2021,92.5765321519016,0.621749581585639,FALSE
2021-10-17,2021,91.471731292498,0.566738116367847,FALSE
2021-10-18,2021,87.4608997177017,0.367026358548943,FALSE
2021-10-19,2021,92.0755280473289,0.596803031591508,FALSE
2021-10-20,2021,75.899758053772,-0.20863878246712,FALSE
2021-10-21,2021,87.4247739995078,0.365227546869012,FALSE
2021-10-22,2021,66.7868925026488,-0.66239665388175,FALSE
2021-10-23,2021,63.4746380877567,-0.827324085813398,FALSE
2021-10-24,2021,95.7683289228069,0.780679053399866,FALSE
2021-10-25,2021,80.2793850027547,0.00943644214931204,FALSE
2021-10-26,2021,84.6341427339167,0.226273351191051,FALSE
2021-10-27,2021,82.6086956521739,0.12542005193862,FALSE
2021-10-28,2021,97.1951065109704,0.8517227396866,FALSE
2021-10-29,2021,70.5837992041635,-0.473336879744412,FALSE
2021-10-30,2021,88.9932995587514,0.443329304766022,FALSE
2021-10-31,2021,76.2372499583135,-0.191834012621091,FALSE
2021-11-01,2021,82.7311564154474,0.131517753585052,FALSE
2021-11-02,2021,80.6673962209833,0.0287567254872724,FALSE
2021-11-03,2021,85.7671255907792,0.282688085567968,FALSE
2021-11-04,2021,36.2106649480203,-2.18488196360603,FALSE
2021-11-05,2021,82.0562922166411,0.0979141696600651,FALSE
2021-11-06,2021,91.3834380768286,0.562341723007521,FALSE
2021-11-08,2021,88.7153111377836,0.4294873981266,FALSE
2021-11-09,2021,89.5327246402435,0.470188954498847,FALSE
2021-11-10,2021,100.411361516845,1.01187006296323,FALSE
2021-11-11,2021,80.7645998183404,0.0335967944187335,FALSE
2021-11-12,2021,38.0308204423976,-2.09425076992289,FALSE
2021-11-13,2021,92.983100072184,0.641993860737776,FALSE
2021-11-14,2021,75.1231736875744,-0.247307329369608,FALSE
2021-11-15,2021,85.6973615916518,0.279214319432846,FALSE
2021-11-16,2021,63.4606998391002,-0.828018114492539,FALSE
2021-11-17,2021,81.6461012837731,0.077489489461769,FALSE
2021-11-18,2021,86.0300895006041,0.295781875146188,FALSE
2021-11-19,2021,71.2527613624669,-0.440027176742016,FALSE
2021-11-20,2021,30.0751879699248,-2.49038641312037,FALSE
2021-11-21,2021,57.8043767744738,-1.10966400287306,FALSE
2021-11-22,2021,65.7176888273508,-0.715635624772977,FALSE
2021-11-23,2021,68.891843372345,-0.557584614166314,FALSE
2021-11-24,2021,65.599806081735,-0.721505372705397,FALSE
2021-11-25,2021,90.9629633725792,0.541404981900835,FALSE
2021-11-26,2021,63.2082088911527,-0.840590422780131,FALSE
2021-11-27,2021,67.5700126714634,-0.623402669073164,FALSE
2021-11-28,2021,83.5536351195503,0.172471522074658,FALSE
2021-11-29,2021,66.7462785552819,-0.664418948428242,FALSE
2021-11-30,2021,71.6165401298479,-0.421913502373989,FALSE
2021-12-01,2021,70.5030030811538,-0.477359969582597,FALSE
2021-12-02,2021,74.2320048511747,-0.291681392830463,FALSE
2021-12-03,2021,75.3764962560405,-0.234693612114195,FALSE
2021-12-04,2021,87.1790304838504,0.352991214186048,FALSE
2021-12-05,2021,110.127918328966,1.49568759673603,FALSE
2021-12-06,2021,72.0652512746273,-0.399570781218623,FALSE
2021-12-07,2021,78.960958479653,-0.0562121081758362,FALSE
2021-12-08,2021,70.9918078577459,-0.453020862007765,FALSE
2021-12-09,2021,73.7938935450932,-0.313496315104361,FALSE
2021-12-10,2021,43.6088182987278,-1.81650493686473,FALSE
2021-12-11,2021,58.1656219069614,-1.09167648605336,FALSE
2021-12-12,2021,76.1214719512401,-0.19759895908623,FALSE
2021-12-13,2021,87.0147087067188,0.344809122680362,FALSE
2021-12-14,2021,54.7141665211889,-1.26353516654686,FALSE
2021-12-15,2021,64.8704980931941,-0.757819881970292,FALSE
2021-12-17,2021,84.4788084936595,0.218538777052816,FALSE
2021-12-18,2021,100.635699958523,1.02304057054959,FALSE
2021-12-19,2021,92.2484907559314,0.60541538190539,FALSE
2021-12-20,2021,55.4212668254257,-1.22832644683876,FALSE
2021-12-21,2021,78.2202448005789,-0.0930945421872688,FALSE
2021-12-22,2021,60.7488172392402,-0.963051169587615,FALSE
2021-12-23,2021,75.4607306849605,-0.230499318348733,FALSE
2021-12-24,2021,86.9075188189759,0.339471805342966,FALSE
2021-12-25,2021,104.774609416241,1.22912972384347,FALSE
2021-12-26,2021,85.1576503965719,0.252340423216095,FALSE
2021-12-27,2021,86.1629406864832,0.302396948196618,FALSE
2021-12-28,2021,83.3521687511056,0.162439886032815,FALSE
2021-12-29,2021,119.888476760972,1.98169610778876,FALSE
2022-01-01,2022,94.7679683509216,0.955068352521516,FALSE
2022-01-02,2022,96.0180287214883,1.01561295568163,FALSE
2022-01-03,2022,66.6832518109897,-0.40516836708879,FALSE
2022-01-04,2022,56.8165998197117,-0.883043310888562,FALSE
2022-01-05,2022,54.4985399508019,-0.995314700470258,FALSE
2022-01-06,2022,70.7519799736312,-0.208106258910898,FALSE
2022-01-07,2022,51.4007852966494,-1.14534931530893,FALSE
2022-01-08,2022,75.3933468036765,0.01669065447195,FALSE
2022-01-09,2022,87.1905618549848,0.588069221854414,FALSE
2022-01-10,2022,40.1729992821471,-1.68914853062727,FALSE
2022-01-12,2022,81.0911548717793,0.292654549087214,FALSE
2022-01-13,2022,81.5111870449785,0.312998111557958,FALSE
2022-01-14,2022,99.6309367014778,1.19059816843845,FALSE
2022-01-15,2022,107.123314172935,1.55347905916657,FALSE
2022-01-16,2022,55.9022706421846,-0.927327329896377,FALSE
2022-01-17,2022,68.8268373236012,-0.301347353914846,FALSE
2022-01-18,2022,75.0843294507456,0.00172391091035096,FALSE
2022-01-19,2022,72.8565391801678,-0.106175420219514,FALSE
2022-01-20,2022,64.0654792408231,-0.531955844842624,FALSE
2022-01-21,2022,88.7574825182919,0.66396042837295,FALSE
2022-01-22,2022,62.3252449640049,-0.616241209114927,FALSE
2022-01-23,2022,69.0572944919199,-0.290185542749731,FALSE
2022-01-24,2022,46.9628427911322,-1.36029370853223,FALSE
2022-01-25,2022,104.235780051933,1.41362612759324,FALSE
2022-01-26,2022,70.7918585648492,-0.206174805409349,FALSE
2022-01-27,2022,94.6712910803215,0.950385949078523,FALSE
2022-01-28,2022,89.1533157611617,0.683131955741879,FALSE
2022-01-29,2022,63.322751709194,-0.567928622411907,FALSE
2022-01-30,2022,93.9419017342013,0.915059184427914,FALSE
2022-01-31,2022,96.877407307381,1.05723553381646,FALSE
2022-02-01,2022,74.0277018757095,-0.0494520952449323,FALSE
2022-02-02,2022,76.2412754731444,0.0577586748730336,FALSE
2022-02-03,2022,69.537858205258,-0.266910235410758,FALSE
2022-02-04,2022,130.343673563381,2.67811869868449,FALSE
2022-02-05,2022,87.6629679581945,0.610949428860962,FALSE
2022-02-06,2022,44.9928753686583,-1.4557058171314,FALSE
2022-02-07,2022,99.9904490259352,1.20801055229442,FALSE
2022-02-08,2022,78.3970776063563,0.162171379827333,FALSE
2022-02-09,2022,80.237729948981,0.251320326761334,FALSE
2022-02-10,2022,90.7164223708481,0.758838434891771,FALSE
2022-02-11,2022,70.9458884248416,-0.198714624311198,FALSE
2022-02-12,2022,81.3138633475342,0.303441065164721,FALSE
2022-02-13,2022,81.136564214727,0.294853875386375,FALSE
2022-02-14,2022,118.072247545448,2.08377250872597,FALSE
2022-02-15,2022,68.1649706853562,-0.333403768069706,FALSE
2022-02-16,2022,42.1799821799822,-1.59194363879995,FALSE
2022-02-17,2022,107.763615295481,1.58449098329462,FALSE
2022-02-18,2022,86.421171299504,0.550805064895651,FALSE
2022-02-19,2022,0,-3.63486119903747,FALSE
2022-02-20,2022,66.28844172492,-0.4242903395531,FALSE
2022-02-21,2022,57.2572759174409,-0.861699894132563,FALSE
2022-02-22,2022,51.1534405264881,-1.15732904949277,FALSE
2022-02-23,2022,75.5049114146062,0.0220941015809793,FALSE
2022-02-24,2022,81.4908637199045,0.312013784976242,FALSE
2022-02-25,2022,76.6602073840466,0.0780489479621482,FALSE
2022-02-28,2022,92.4543371084893,0.843011456126659,FALSE
2022-03-01,2022,53.0757945882473,-1.06422301514206,FALSE
2022-03-02,2022,82.590671936997,0.365281173995151,FALSE
2022-03-03,2022,93.3301660920441,0.885430782020026,FALSE
2022-03-04,2022,107.33633813679,1.56379652195385,FALSE
2022-03-05,2022,72.9425603879694,-0.102009125525013,FALSE
2022-03-06,2022,77.0700300620594,0.0978980304469022,FALSE
2022-03-07,2022,54.4210071099781,-0.999069875172282,FALSE
2022-03-08,2022,62.8161533642841,-0.592464874001291,FALSE
2022-03-09,2022,101.69144694546,1.29039556860135,FALSE
2022-03-10,2022,30.9278350515464,-2.13692274431429,FALSE
2022-03-11,2022,61.3920880710899,-0.661437117326986,FALSE
2022-03-12,2022,70.3990780149422,-0.22519848065181,FALSE
2022-03-13,2022,89.2588572174732,0.688243681335118,FALSE
2022-03-14,2022,42.8352282368846,-1.56020788153456,FALSE
2022-03-15,2022,64.02232647631,-0.534045877503623,FALSE
2022-03-16,2022,80.8029802879419,0.278697290517887,FALSE
2022-03-17,2022,9.43396226415094,-3.17794286536405,FALSE
2022-03-18,2022,90.7861624709966,0.762216181108878,FALSE
2022-03-19,2022,69.110042564728,-0.287630777227343,FALSE
2022-03-20,2022,59.4488089438445,-0.755556622559416,FALSE
2022-03-21,2022,66.8735354701058,-0.39595229328924,FALSE
2022-03-22,2022,76.8976011457214,0.0895467215350971,FALSE
2022-03-23,2022,88.759055164579,0.664036596890571,FALSE
2022-03-24,2022,126.420681651797,2.48811508439542,FALSE
2022-03-25,2022,70.9596535439231,-0.198047933572203,FALSE
2022-03-26,2022,8.36820083682008,-3.22956125452381,FALSE
2022-03-27,2022,41.8535127055306,-1.60775564695568,FALSE
2022-03-28,2022,75.5554279175433,0.0245407847135509,FALSE
2022-03-29,2022,79.4591891155507,0.21361299124872,FALSE
2022-03-30,2022,60.8383732175147,-0.688255378958922,FALSE
2022-03-31,2022,82.9032457986416,0.380420171164475,FALSE
2022-04-01,2022,32.7598353665319,-2.04819284400578,FALSE
2022-04-02,2022,99.5529109268667,1.18681911930504,FALSE
2022-04-03,2022,71.3536739564444,-0.178964207638014,FALSE
2022-04-04,2022,69.9483299715946,-0.247029715408342,FALSE
2022-04-05,2022,80.6255825819846,0.270105326512316,FALSE
2022-04-06,2022,41.3910617579259,-1.63015369249252,FALSE
2022-04-07,2022,59.8399553203633,-0.736612095797795,FALSE
2022-04-08,2022,50.6766634545098,-1.18042095713055,FALSE
2022-04-09,2022,42.2449183354667,-1.58879856368428,FALSE
2022-04-10,2022,66.8261407796078,-0.398247776608012,FALSE
2022-04-11,2022,66.0380058557553,-0.436419785996363,FALSE
2022-04-12,2022,99.3464014896297,1.17681717682233,FALSE
2022-04-13,2022,106.239069722765,1.51065214408901,FALSE
2022-04-14,2022,70.3136772255121,-0.229334726410293,FALSE
2022-04-15,2022,109.303725708369,1.65908367974881,FALSE
2022-04-16,2022,77.7010796739588,0.128461872983142,FALSE
2022-04-17,2022,82.6469069796357,0.36800482512466,FALSE
2022-04-18,2022,56.8685483534433,-0.880527269716803,FALSE
2022-04-19,2022,104.582066117762,1.43039791952357,FALSE
2022-04-20,2022,96.7193233728468,1.04957900033399,FALSE
2022-04-21,2022,98.0223536906633,1.11268911513751,FALSE
2022-04-22,2022,74.7973741488777,-0.0121742937566815,FALSE
2022-04-24,2022,40.9090909090909,-1.65349715210818,FALSE
2022-04-25,2022,68.5758889418235,-0.313501623057473,FALSE
2022-04-26,2022,87.4456827789465,0.600425581165368,FALSE
2022-04-27,2022,82.8651507764226,0.378575101872681,FALSE
2022-04-28,2022,87.8917192851777,0.622028620426944,FALSE
2022-04-29,2022,118.06299224923,2.08332424378629,FALSE
2022-04-30,2022,84.4889207600371,0.457219711041978,FALSE
2022-05-01,2022,74.3011396841274,-0.0362085879796561,FALSE
2022-05-02,2022,54.7155676844199,-0.984803321727259,FALSE
2022-05-03,2022,82.04444433223,0.338825544855637,FALSE
2022-05-04,2022,57.5641503153833,-0.84683694104575,FALSE
2022-05-05,2022,23.835026161896,-2.48045119272014,FALSE
2022-05-06,2022,94.0355572469555,0.919595234035575,FALSE
2022-05-07,2022,73.6805898503327,-0.0662638911576502,FALSE
2022-05-08,2022,95.6897787723449,0.999714713183783,FALSE
2022-05-09,2022,57.5249844271055,-0.848733875961075,FALSE
2022-05-10,2022,71.7734552150973,-0.158632797797647,FALSE
2022-05-11,2022,84.4059320396917,0.453200289853704,FALSE
2022-05-12,2022,80.7190725821453,0.274633359791704,FALSE
2022-05-15,2022,72.5752423686496,-0.119799565280487,FALSE
2022-05-17,2022,63.2047359389127,-0.573644520736946,FALSE
2022-05-18,2022,97.3030332837429,1.07785002287653,FALSE
2022-05-19,2022,86.6510538641686,0.561939046084689,FALSE
2022-05-20,2022,66.4505494981133,-0.416438918111182,FALSE
2022-05-21,2022,96.3932358853286,1.03378549308256,FALSE
2022-05-22,2022,56.5583669315231,-0.895550393031472,FALSE
2022-05-23,2022,77.7139175467846,0.129083654085847,FALSE
2022-05-24,2022,60.1156734875022,-0.723258143135577,FALSE
2022-05-25,2022,70.4833397556004,-0.221117402833612,FALSE
2022-05-26,2022,80.9248554913295,0.28460011409177,FALSE
2022-05-27,2022,47.8043301052517,-1.3195376645065,FALSE
2022-05-28,2022,40.6544963343273,-1.66582801856769,FALSE
2022-05-29,2022,71.2103305524361,-0.185906807944087,FALSE
2022-05-30,2022,117.531387082136,2.05757682819145,FALSE
2022-05-31,2022,61.1263084254356,-0.674309714165553,FALSE
2022-06-01,2022,80.8744417589224,0.282158408479568,FALSE
2022-06-02,2022,79.1666666666667,0.199445151038664,FALSE
2022-06-03,2022,70.8850810844973,-0.201659727105474,FALSE
2022-06-04,2022,79.5610016363764,0.218544112029172,FALSE
2022-06-05,2022,96.9249341553137,1.05953741796165,FALSE
2022-06-06,2022,95.8130807874997,1.00568664202191,FALSE
2022-06-07,2022,60.433622096894,-0.707858828963089,FALSE
2022-06-08,2022,57.6243450245057,-0.843921510029805,FALSE
2022-06-09,2022,71.791866674543,-0.15774106926038,FALSE
2022-06-10,2022,64.6829265994,-0.502050804912149,FALSE
2022-06-11,2022,57.5753287199225,-0.846295533540382,FALSE
2022-06-12,2022,66.1917963905655,-0.428971196216941,FALSE
2022-06-13,2022,66.3775174469521,-0.419976104522044,FALSE
2022-06-14,2022,87.552844865749,0.605615799311651,FALSE
2022-06-15,2022,110.754414125201,1.72934536996319,FALSE
2022-06-16,2022,77.0888375489233,0.098808939916099,FALSE
2022-06-17,2022,59.9709842367496,-0.730265927299136,FALSE
2022-06-18,2022,88.6932323904145,0.660848579867934,FALSE
2022-06-19,2022,89.4384411056012,0.69694152945243,FALSE
2022-06-20,2022,54.0412324020603,-1.01746363400387,FALSE
2022-06-21,2022,36.4050264068476,-1.87164405470318,FALSE
2022-06-22,2022,75.6754651697556,0.0303545901670671,FALSE
2022-06-23,2022,67.3531357260759,-0.372723649411794,FALSE
2022-06-24,2022,56.80957172681,-0.883383704925302,FALSE
2022-06-25,2022,90.335347198242,0.740381690207395,FALSE
2022-06-26,2022,87.9433133227298,0.624527492163514,FALSE
2022-06-27,2022,52.0241038241862,-1.11515991503624,FALSE
2022-06-28,2022,27.8115501519757,-2.28785484089202,FALSE
2022-06-29,2022,91.0486255402066,0.774928145061709,FALSE
2022-06-30,2022,74.2848491874478,-0.0369975911989985,FALSE
2022-07-01,2022,64.1005929951928,-0.530255168320245,FALSE
2022-07-02,2022,83.9728494971415,0.432224654363085,FALSE
2022-07-03,2022,72.9596312726267,-0.101182325506785,FALSE
2022-07-04,2022,56.39620092651,-0.903404634835108,FALSE
2022-07-05,2022,99.0224027546121,1.16112483483797,FALSE
2022-07-06,2022,48.3463385414122,-1.29328638380883,FALSE
2022-07-07,2022,60.296438976054,-0.714503066159215,FALSE
2022-07-08,2022,77.9966998231141,0.14277974517409,FALSE
2022-07-09,2022,72.981684981685,-0.100114190643397,FALSE
2022-07-11,2022,52.4975865062703,-1.09222756571541,FALSE
2022-07-12,2022,79.2060904492211,0.201354576636041,FALSE
2022-07-13,2022,71.2286805968572,-0.185018053941796,FALSE
2022-07-14,2022,85.8918621880882,0.525168854953907,FALSE
2022-07-16,2022,30.2013422818792,-2.17210921808296,FALSE
2022-07-17,2022,74.5619931151813,-0.0235745841843401,FALSE
2022-07-18,2022,63.3344491175344,-0.567362077817228,FALSE
2022-07-19,2022,77.1800632956215,0.103227307830059,FALSE
2022-07-22,2022,76.9149989302916,0.0903893544090525,FALSE
2022-07-23,2022,83.3284152040878,0.401012546968607,FALSE
2022-07-26,2022,58.2260139512961,-0.814780672303877,FALSE
2022-07-27,2022,54.5618381340433,-0.992248957826668,FALSE
2022-07-28,2022,85.5184542552964,0.507083460328151,FALSE
2022-07-29,2022,74.2105152842726,-0.0405978306554667,FALSE
2022-07-30,2022,69.6409050359543,-0.261919332876519,FALSE
2022-07-31,2022,67.7074351453442,-0.355563743982802,FALSE
2022-08-01,2022,75.3704131593199,0.0155799014001142,FALSE
2022-08-02,2022,59.5591758628997,-0.750211183672198,FALSE
2022-08-03,2022,89.6370589637176,0.706561256373875,FALSE
2022-08-04,2022,30.1739760782892,-2.17343465481815,FALSE
2022-08-05,2022,41.4503180687842,-1.62728371124191,FALSE
2022-08-06,2022,86.4097872829059,0.550253698910834,FALSE
2022-08-07,2022,102.872315935354,1.34758900186314,FALSE
2022-08-08,2022,69.2788435501323,-0.279455181140164,FALSE
2022-08-09,2022,66.1020469921461,-0.433318059647785,FALSE
2022-08-10,2022,36.2139102314784,-1.88090045004827,FALSE
2022-08-11,2022,50.4089537984323,-1.19338703082665,FALSE
2022-08-12,2022,50.1136475785702,-1.20768969837234,FALSE
2022-08-13,2022,56.9117501265935,-0.878434863403658,FALSE
2022-08-14,2022,62.1498892081484,-0.624734274650121,FALSE
2022-08-15,2022,61.4942271975935,-0.656490177941589,FALSE
2022-08-16,2022,62.5216724532906,-0.606727569079168,FALSE
2022-08-19,2022,17.3913043478261,-2.79254218391777,FALSE
2022-08-20,2022,107.142857142857,1.55442559053925,FALSE
2022-08-21,2022,119.050715467515,2.13116298157135,FALSE
2022-08-22,2022,75.5993362935664,0.0266674141662709,FALSE
2022-08-23,2022,60.760597805389,-0.692022302200101,FALSE
2022-08-24,2022,90.8480770038464,0.76521490893795,FALSE
2022-08-25,2022,87.9447203451925,0.624595638965582,FALSE
2022-08-26,2022,89.8158339706573,0.715219927670845,FALSE
2022-08-27,2022,89.4582710536899,0.697901960137207,FALSE
2022-08-28,2022,65.9882493857128,-0.43882965819478,FALSE
2022-08-29,2022,72.0552922552481,-0.144982487657814,FALSE
2022-08-30,2022,109.258741119999,1.65690492573392,FALSE
2022-08-31,2022,49.3398207519577,-1.2451687187741,FALSE
2022-09-01,2022,88.383461377373,0.645845334027415,FALSE
2022-09-02,2022,70.4331007555764,-0.223550645572304,FALSE
2022-09-03,2022,92.5762070231941,0.848914023551952,FALSE
2022-09-04,2022,70.7605716039132,-0.207690137531348,FALSE
2022-09-05,2022,36.6430260047281,-1.86011693845725,FALSE
2022-09-06,2022,109.973466111535,1.69152144666366,FALSE
2022-09-07,2022,76.8496106438392,0.0872223810789663,FALSE
2022-09-08,2022,49.4532789444605,-1.23967355917855,FALSE
2022-09-09,2022,95.8797058498727,1.00891351654483,FALSE
2022-09-10,2022,64.7335454350762,-0.499599165462886,FALSE
2022-09-11,2022,47.0588235294118,-1.35564504047828,FALSE
2022-09-12,2022,85.4065622411412,0.501664155986282,FALSE
2022-09-13,2022,111.747562377635,1.77744686029003,FALSE
2022-09-14,2022,89.0584920005982,0.678539323986932,FALSE
2022-09-15,2022,78.6389714016232,0.173887105072417,FALSE
2022-09-16,2022,90.5082516937229,0.748756033007129,FALSE
2022-09-17,2022,56.3599782863239,-0.905159018404989,FALSE
2022-09-18,2022,91.3180386864597,0.787976724482413,FALSE
2022-09-19,2022,77.8251476573246,0.134470900222645,FALSE
2022-09-20,2022,74.1631851074859,-0.042890189359514,FALSE
2022-09-21,2022,65.6589745993585,-0.454777536985158,FALSE
2022-09-24,2022,101.416374211683,1.27707287643478,FALSE
2022-09-25,2022,114.241348713398,1.89822927017995,FALSE
2022-09-28,2022,83.6757293511177,0.417834132308752,FALSE
2022-09-29,2022,93.4247253277801,0.890010601953173,FALSE
2022-09-30,2022,94.2006094524544,0.927589264178377,FALSE
2022-10-01,2022,99.6475289045464,1.19140178430692,FALSE
2022-10-02,2022,83.6968994160494,0.418859469332743,FALSE
2022-10-03,2022,73.6480983465855,-0.0678375633152223,FALSE
2022-10-04,2022,74.8749091487235,-0.00841901448600506,FALSE
2022-10-05,2022,57.9856066720474,-0.82642440060823,FALSE
2022-10-06,2022,65.8311782198441,-0.44643713990473,FALSE
2022-10-07,2022,37.8814261189709,-1.80013708049545,FALSE
2022-10-08,2022,120.904041420326,2.22092575381927,FALSE
2022-10-09,2022,107.856697443325,1.5889992629227,FALSE
2022-10-10,2022,79.7342953808483,0.226937307458943,FALSE
2022-10-11,2022,75.9983187244849,0.0459914672412981,FALSE
2022-10-12,2022,45.4065690296727,-1.43566924999775,FALSE
2022-10-13,2022,87.2515677297952,0.591023940336658,FALSE
2022-10-14,2022,64.2725659964998,-0.52192594089768,FALSE
2022-10-15,2022,101.859322270709,1.29852633187237,FALSE
2022-10-16,2022,77.8789867193168,0.1370785059988,FALSE
2022-10-17,2022,100.311454274143,1.22355790970422,FALSE
2022-10-18,2022,90.2423391737258,0.735877000619892,FALSE
2022-10-19,2022,74.4181833051814,-0.0305397740919541,FALSE
2022-10-20,2022,92.4553374389623,0.843059905475941,FALSE
2022-10-21,2022,55.4024288951265,-0.951536336861996,FALSE
2022-10-22,2022,66.8302111210229,-0.398050636364626,FALSE
2022-10-23,2022,88.5252788630824,0.652714029008561,FALSE
2022-10-24,2022,71.3328462870088,-0.179972961303372,FALSE
2022-10-25,2022,72.0575167743557,-0.144874746760041,FALSE
2022-10-26,2022,82.0641283057594,0.339778905504457,FALSE
2022-10-27,2022,74.5931764949616,-0.0220642688440264,FALSE
2022-10-28,2022,134.406021487806,2.87487179059407,FALSE
2022-10-29,2022,115.902964959569,1.97870690037886,FALSE
2022-10-30,2022,73.7450041227782,-0.0631440925824047,FALSE
2022-10-31,2022,61.7405116555971,-0.644561798220556,FALSE
2022-11-01,2022,90.0516964047802,0.726643533930661,FALSE
2022-11-02,2022,88.6028049322245,0.656468875735399,FALSE
2022-11-03,2022,80.787672771198,0.277955896303297,FALSE
2022-11-04,2022,66.6634791050424,-0.40612602534528,FALSE
2022-11-05,2022,46.1409395973154,-1.40010122813474,FALSE
2022-11-06,2022,83.802032076295,0.423951395565755,FALSE
2022-11-07,2022,80.4620857325867,0.262186627465617,FALSE
2022-11-08,2022,68.1262907777364,-0.335277165316952,FALSE
2022-11-09,2022,85.0515463917526,0.48446955145127,FALSE
2022-11-10,2022,77.6517309850643,0.126071750989088,FALSE
2022-11-11,2022,85.0046082269099,0.482196179196317,FALSE
2022-11-12,2022,84.4351270233176,0.454614300520323,FALSE
2022-11-13,2022,86.6221182060785,0.560537595420794,FALSE
2022-11-14,2022,80.3496688005718,0.256741899596805,FALSE
2022-11-15,2022,51.5656337336745,-1.13736515435459,FALSE
2022-11-16,2022,54.1958694402771,-1.00997404523429,FALSE
2022-11-17,2022,65.5110226199472,-0.461943346006168,FALSE
2022-11-18,2022,90.0290081619207,0.7255446664738,FALSE
2022-11-19,2022,90.1639344262295,0.732079596562615,FALSE
2022-11-20,2022,77.6059350615674,0.123853701301444,FALSE
2022-11-21,2022,79.4242924441041,0.211922828778098,FALSE
2022-11-23,2022,59.1094728456675,-0.771991804320051,FALSE
2022-11-24,2022,90.3788359936704,0.742487997969097,FALSE
2022-11-25,2022,29.8804780876494,-2.18764974377703,FALSE
2022-11-26,2022,99.3941589223153,1.17913022895803,FALSE
2022-11-27,2022,77.8094732271072,0.133711735161806,FALSE
2022-11-28,2022,69.3975045678166,-0.273708031326099,FALSE
2022-12-01,2022,99.9420164353325,1.20566480000349,FALSE
2022-12-02,2022,69.40849562062,-0.273175697891685,FALSE
2022-12-03,2022,96.1474907987091,1.02188323692098,FALSE
2022-12-04,2022,123.826272536759,2.36245917688617,FALSE
2022-12-05,2022,59.2398894488211,-0.765675292198445,FALSE
2022-12-06,2022,54.4105301098912,-0.999577311314971,FALSE
2022-12-07,2022,78.6934931901991,0.176527777579629,FALSE
2022-12-08,2022,105.303295897381,1.4653294890881,FALSE
2022-12-09,2022,80.8833813703254,0.282591383748236,FALSE
2022-12-10,2022,100.986045335525,1.25623061021406,FALSE
2022-12-11,2022,101.524703071193,1.28231960528423,FALSE
2022-12-12,2022,70.6968046182617,-0.210778585843039,FALSE
2022-12-13,2022,44.6047225600259,-1.47450535539168,FALSE
2022-12-14,2022,82.4654255704826,0.359215073719992,FALSE
2022-12-15,2022,80.0133246156965,0.240451626200445,FALSE
2022-12-16,2022,56.387591734553,-0.903821606785295,FALSE
2022-12-17,2022,76.1771984916562,0.0546552124265393,FALSE
2022-12-18,2022,82.8713090501222,0.378873367657334,FALSE
2022-12-19,2022,86.0772202931106,0.534146367700758,FALSE
2022-12-20,2022,62.093423294911,-0.627469107614616,FALSE
2022-12-21,2022,80.0591661273921,0.242671883876967,FALSE
2022-12-22,2022,80.9414829434502,0.285405437189693,FALSE
2022-12-23,2022,62.2408375326663,-0.620329343219877,FALSE
2022-12-24,2022,68.2031085501633,-0.331556623768126,FALSE
2022-12-25,2022,79.7836728236073,0.229328822098795,FALSE
2022-12-26,2022,88.9818651678013,0.674828030282768,FALSE
2022-12-27,2022,67.9399965114251,-0.344300019484952,FALSE
2022-12-28,2022,87.1460573476703,0.585913719770165,FALSE
2022-12-29,2022,59.8290598290598,-0.737139800869272,FALSE
2022-12-30,2022,86.2968578706641,0.544784149911227,FALSE
2022-12-31,2022,93.9945334310919,0.917608313475532,FALSE
2023-01-01,2023,77.6948599543428,0.0219363987522249,FALSE
2023-01-02,2023,73.8117608545154,-0.164920992986717,FALSE
2023-01-03,2023,70.3900325917983,-0.32957690363271,FALSE
2023-01-04,2023,78.5490763220589,0.063041876194004,FALSE
2023-01-05,2023,80.3212336203947,0.14831930074721,FALSE
2023-01-06,2023,74.8506719078249,-0.114927880609337,FALSE
2023-01-07,2023,54.9855309511827,-1.07085208708904,FALSE
2023-01-08,2023,61.5765988287427,-0.753685380622566,FALSE
2023-01-09,2023,51.0619226029185,-1.25965881164427,FALSE
2023-01-10,2023,64.8975272237229,-0.59388002874129,FALSE
2023-01-11,2023,95.4461256434116,0.876139477646547,FALSE
2023-01-12,2023,69.3280757445488,-0.380678995419443,FALSE
2023-01-13,2023,66.3845569397545,-0.522323138990961,FALSE
2023-01-14,2023,70.6454469870806,-0.317286187766833,FALSE
2023-01-15,2023,81.0740115917371,0.184543492988355,FALSE
2023-01-16,2023,73.35618899914,-0.186843423101596,FALSE
2023-01-17,2023,72.3321123321123,-0.23612269463757,FALSE
2023-01-18,2023,59.3226355150697,-0.862147641059576,FALSE
2023-01-19,2023,44.4957539232184,-1.57562735163369,FALSE
2023-01-20,2023,74.4033473566116,-0.136453444791878,FALSE
2023-01-21,2023,79.8234582673116,0.124366009379194,FALSE
2023-01-22,2023,80.7174887892377,0.167387371226368,FALSE
2023-01-23,2023,57.2880752439318,-0.960052076621726,FALSE
2023-01-24,2023,89.3851819213008,0.58448270910297,FALSE
2023-01-25,2023,53.8656644573629,-1.12474083078355,FALSE
2023-01-26,2023,96.300025600273,0.917229729180998,FALSE
2023-01-27,2023,91.739382515413,0.697768456218107,FALSE
2023-01-28,2023,87.1664820701881,0.477717350668282,FALSE
2023-01-29,2023,91.5755038682307,0.689882503326627,FALSE
2023-01-30,2023,76.7490215264188,-0.0235779950617771,FALSE
2023-01-31,2023,105.746813484753,1.37181564085227,FALSE
2023-02-01,2023,72.3520383982101,-0.235163838671517,FALSE
2023-02-02,2023,61.7222026890959,-0.746678823006274,FALSE
2023-02-03,2023,79.0073138015128,0.0850925779676407,FALSE
2023-02-04,2023,72.9993468902868,-0.204014910104305,FALSE
2023-02-05,2023,70.6693333874808,-0.316136757798121,FALSE
2023-02-06,2023,76.639133444677,-0.0288658849171722,FALSE
2023-02-07,2023,84.3116998865662,0.340343274163745,FALSE
2023-02-08,2023,111.411071000038,1.64438359707333,FALSE
2023-02-09,2023,86.828171686516,0.461437622990461,FALSE
2023-02-10,2023,105.057281116613,1.3386348704115,FALSE
2023-02-11,2023,80.0164099197356,0.133650975221366,FALSE
2023-02-12,2023,83.0914584891551,0.281624421270638,FALSE
2023-02-13,2023,87.3947239951181,0.488700508625743,FALSE
2023-02-14,2023,71.5148448168369,-0.275450167960131,FALSE
2023-02-15,2023,66.1885797169849,-0.531753697353117,FALSE
2023-02-16,2023,93.6545445391685,0.789927366232102,FALSE
2023-02-17,2023,81.5083198017979,0.205442701907945,FALSE
2023-02-18,2023,64.7459075933261,-0.601176069337739,FALSE
2023-02-19,2023,85.2919930473753,0.387515653353462,FALSE
2023-02-20,2023,113.358507486175,1.73809557635118,FALSE
2023-02-21,2023,64.9674305316278,-0.590516233624755,FALSE
2023-02-22,2023,68.8520454326785,-0.403585900491404,FALSE
2023-02-23,2023,89.6761920979917,0.598486318382056,FALSE
2023-02-24,2023,63.1229235880399,-0.679275172725361,FALSE
2023-02-25,2023,55.2726058278367,-1.05703784714658,FALSE
2023-02-26,2023,63.7796741576404,-0.647671884912265,FALSE
2023-02-27,2023,118.050819050239,1.96389282683247,FALSE
2023-02-28,2023,13.1578947368421,-3.08362662739482,FALSE
2023-03-01,2023,68.2681288179092,-0.431684368448005,FALSE
2023-03-02,2023,68.2563522377659,-0.432251065560961,FALSE
2023-03-03,2023,74.9006337952519,-0.112523680322153,FALSE
2023-03-04,2023,89.0859808366462,0.570084947715291,FALSE
2023-03-05,2023,91.0533553289949,0.664756357525653,FALSE
2023-03-06,2023,94.767437863198,0.843480556214063,FALSE
2023-03-07,2023,77.9926887653168,0.0362681253892767,FALSE
2023-03-08,2023,152.337858220211,3.61380866597155,TRUE
2023-03-09,2023,81.2826848772643,0.194584994597454,FALSE
2023-03-10,2023,95.0105831112696,0.855180872301902,FALSE
2023-03-11,2023,98.2264794533316,1.00993200976507,FALSE
2023-03-12,2023,84.6602527339628,0.357115876220336,FALSE
2023-03-13,2023,67.3947571811077,-0.473711610574984,FALSE
2023-03-15,2023,87.272977435333,0.482841980674283,FALSE
2023-03-16,2023,73.9747889299127,-0.157075970192858,FALSE
2023-03-17,2023,63.6559152122365,-0.653627250239812,FALSE
2023-03-18,2023,86.3056624810919,0.43629412168516,FALSE
2023-03-19,2023,65.8235745701412,-0.549317995342198,FALSE
2023-03-20,2023,80.9680893292694,0.179446441076216,FALSE
2023-03-21,2023,108.605658329755,1.50938521540864,FALSE
2023-03-22,2023,96.0538630866814,0.905384220207076,FALSE
2023-03-23,2023,103.05541543988,1.24230372115427,FALSE
2023-03-24,2023,70.2941105558266,-0.33419273778764,FALSE
2023-03-25,2023,68.9803970200713,-0.397409534081688,FALSE
2023-03-26,2023,84.777439743028,0.362754995464184,FALSE
2023-03-27,2023,86.6040742914898,0.450653902654316,FALSE
2023-03-28,2023,73.1482984650692,-0.196847258173796,FALSE
2023-03-29,2023,104.745419286778,1.32362786528291,FALSE
2023-03-30,2023,92.4954148427851,0.734149250303261,FALSE
2023-03-31,2023,95.7159381001606,0.889123038104491,FALSE
2023-04-01,2023,97.2591474878481,0.963383332183297,FALSE
2023-04-02,2023,95.0200491320024,0.855636383711425,FALSE
2023-04-03,2023,97.8670689983124,0.992636932183463,FALSE
2023-04-04,2023,42.8908007668365,-1.65285879820636,FALSE
2023-04-05,2023,78.3050027556359,0.0512968887904486,FALSE
2023-04-06,2023,98.9672661375858,1.04557917304783,FALSE
2023-04-07,2023,86.3444999873009,0.438163009118956,FALSE
2023-04-08,2023,79.6851570058765,0.117710857831012,FALSE
2023-04-09,2023,81.7031582661529,0.214818462434228,FALSE
2023-04-10,2023,92.9539894507746,0.756216174933243,FALSE
2023-04-11,2023,43.6027516607979,-1.61859923292826,FALSE
2023-04-12,2023,74.8875995755453,-0.113150895913389,FALSE
2023-04-13,2023,101.192754177829,1.15267118379885,FALSE
2023-04-14,2023,39.574280768913,-1.81245201499795,FALSE
2023-04-15,2023,69.5134007413438,-0.37176102947655,FALSE
2023-04-16,2023,96.1670254667619,0.910829671544067,FALSE
2023-04-17,2023,76.6647029014892,-0.0276354651196614,FALSE
2023-04-18,2023,59.014035072533,-0.876997705994683,FALSE
2023-04-20,2023,74.427761757155,-0.135278607094171,FALSE
2023-04-21,2023,81.9709579903599,0.227705168821905,FALSE
2023-04-22,2023,88.2573710442563,0.530211676239371,FALSE
2023-04-23,2023,49.1803278688525,-1.35020244065774,FALSE
2023-04-24,2023,64.9308957490982,-0.592274312415875,FALSE
2023-04-25,2023,57.9257614995684,-0.929366176671011,FALSE
2023-04-26,2023,70.8142065381474,-0.309165362433074,FALSE
2023-04-27,2023,69.4216082109018,-0.376178148993346,FALSE
2023-04-28,2023,75.5078740514708,-0.0833028627434837,FALSE
2023-04-29,2023,78.681272920133,0.0694032671546373,FALSE
2023-04-30,2023,83.1579471216463,0.284823899864461,FALSE
2023-05-01,2023,85.6395972204283,0.404242604550032,FALSE
2023-05-02,2023,66.6999018188714,-0.507148527142234,FALSE
2023-05-03,2023,78.4562011747905,0.0585726604130508,FALSE
2023-05-04,2023,57.2464214431341,-0.962056486082569,FALSE
2023-05-05,2023,79.3866321385286,0.103345636483886,FALSE
2023-05-06,2023,93.7480191077665,0.794425426578524,FALSE
2023-05-07,2023,70.8757304876902,-0.30620478778754,FALSE
2023-05-10,2023,69.5835687640805,-0.368384496100761,FALSE
2023-05-11,2023,72.4338735078565,-0.231225877072268,FALSE
2023-05-12,2023,86.3453226572098,0.438202596559165,FALSE
2023-05-13,2023,98.4600275550326,1.02117050458777,FALSE
2023-05-14,2023,35.8916906964539,-1.9896607748295,FALSE
2023-05-15,2023,83.6341397372139,0.307738615101644,FALSE
2023-05-16,2023,96.6139994136732,0.932338364407148,FALSE
2023-05-17,2023,94.6549556463551,0.83806783479853,FALSE
2023-05-18,2023,56.8440990178042,-0.981416517104845,FALSE
2023-05-19,2023,102.799057270435,1.22996759022844,FALSE
2023-05-22,2023,114.619287941832,1.79876519652905,FALSE
2023-05-23,2023,120.861745145806,2.09915651830302,FALSE
2023-05-24,2023,89.0288438089269,0.567335474756486,FALSE
2023-05-25,2023,82.0431728097025,0.231180195454075,FALSE
2023-05-26,2023,74.0233106890166,-0.154741069868231,FALSE
2023-05-27,2023,84.5824546901554,0.353372180997905,FALSE
2023-05-28,2023,77.7042300554766,0.0223872944448597,FALSE
2023-05-29,2023,67.3860622095832,-0.474130018567814,FALSE
2023-05-30,2023,72.8590055880294,-0.210768229815935,FALSE
2023-05-31,2023,60.7751443409503,-0.792251920217968,FALSE
2023-06-01,2023,51.6990291262136,-1.22900080881141,FALSE
2023-06-02,2023,45.2271231073074,-1.54043336491746,FALSE
2023-06-03,2023,91.5523354628154,0.688767623768996,FALSE
2023-06-04,2023,84.8957121681505,0.368446345673098,FALSE
2023-06-05,2023,58.0366584482844,-0.924029739444928,FALSE
2023-06-06,2023,75.8743375619464,-0.0656683872962818,FALSE
2023-06-07,2023,105.365293629493,1.35345664376831,FALSE
2023-06-08,2023,56.0673999858048,-1.01879180719003,FALSE
2023-06-09,2023,58.287244555769,-0.911971364099145,FALSE
2023-06-11,2023,103.435434317103,1.2605904901457,FALSE
2023-06-12,2023,56.2969324603114,-1.00774654710187,FALSE
2023-06-13,2023,86.388167906197,0.440264339323987,FALSE
2023-06-14,2023,48.2098696000913,-1.39690155809727,FALSE
2023-06-15,2023,76.8976145275791,-0.0164275979398718,FALSE
2023-06-16,2023,81.2049118301472,0.190842502232904,FALSE
2023-06-17,2023,95.5197231495459,0.879681040115389,FALSE
2023-06-18,2023,84.9740852577396,0.372217712492914,FALSE
2023-06-19,2023,83.3760187369517,0.295317655547928,FALSE
2023-06-20,2023,73.3456831034238,-0.187348974008469,FALSE
2023-06-21,2023,24.7548150773957,-2.52557486736212,FALSE
2023-06-22,2023,70.305111506716,-0.33366336448632,FALSE
2023-06-23,2023,92.044484469519,0.712450171490642,FALSE
2023-06-24,2023,58.7658468120671,-0.888940695297467,FALSE
2023-06-25,2023,64.0797719557833,-0.633230973056558,FALSE
2023-06-26,2023,63.4466917305972,-0.663695227663153,FALSE
2023-06-27,2023,74.2704297849385,-0.142849529496545,FALSE
2023-06-28,2023,72.8906164559512,-0.209247093172594,FALSE
2023-06-29,2023,76.7995354046441,-0.0211472325988225,FALSE
2023-06-30,2023,55.5711834521054,-1.04267008710025,FALSE
2023-07-01,2023,84.614998083667,0.354938191412159,FALSE
2023-07-02,2023,56.6178673983895,-0.992302937782231,FALSE
2023-07-03,2023,165.343915343915,4.23966905440486,TRUE
2023-07-04,2023,79.9918529480131,0.132469276900743,FALSE
2023-07-05,2023,35.9722222222222,-1.98578554258048,FALSE
2023-07-06,2023,114.624452004812,1.79901369478121,FALSE
2023-07-07,2023,50.1803145763567,-1.30208239449509,FALSE
2023-07-09,2023,63.6572709045878,-0.653562013394123,FALSE
2023-07-10,2023,66.910098721476,-0.497033708034467,FALSE
2023-07-11,2023,46.6101694915254,-1.47388022440646,FALSE
2023-07-12,2023,59.5303838198401,-0.852150650158852,FALSE
2023-07-13,2023,103.194114374338,1.24897800900104,FALSE
2023-07-14,2023,22.0125786163522,-2.65753316651157,FALSE
2023-07-15,2023,80.5970149253731,0.161590086275428,FALSE
2023-07-16,2023,64.4408714998004,-0.615854615353981,FALSE
2023-07-18,2023,66.9535828487735,-0.494941222007207,FALSE
2023-07-19,2023,59.3657126896986,-0.86007473787382,FALSE
2023-07-20,2023,74.0393626991565,-0.153968636131723,FALSE
2023-07-21,2023,50.9257747576059,-1.26621033933181,FALSE
2023-07-22,2023,117.664133111359,1.94528523426178,FALSE
2023-07-23,2023,87.9825222180535,0.516985762229334,FALSE
2023-07-24,2023,66.3169616311522,-0.525575871598216,FALSE
2023-07-25,2023,82.2248662310774,0.239923407497194,FALSE
2023-07-26,2023,127.027027027027,2.39583411061879,FALSE
2023-07-27,2023,57.2273997080436,-0.962971825020356,FALSE
2023-07-28,2023,89.4917582417582,0.589611234734134,FALSE
2023-07-29,2023,69.7674418604651,-0.359536396601338,FALSE
2023-07-30,2023,74.3448570209134,-0.139268039858741,FALSE
2023-07-31,2023,70.4944671761306,-0.324551439812707,FALSE
2023-08-01,2023,46.0122699386503,-1.50265156093431,FALSE
2023-08-02,2023,68.6008216718482,-0.415674960153484,FALSE
2023-08-03,2023,91.111588920464,0.667558597884131,FALSE
2023-08-04,2023,60.9404794040352,-0.784295883594434,FALSE
2023-08-05,2023,80.2382836496371,0.144327691266711,FALSE
2023-08-06,2023,103.69387137456,1.27302665858841,FALSE
2023-08-07,2023,80.6301691326627,0.163185489467578,FALSE
2023-08-08,2023,83.6443106056746,0.308228044267226,FALSE
2023-08-09,2023,71.7670398840216,-0.263314368370147,FALSE
2023-08-10,2023,64.7762324460522,-0.599716816627573,FALSE
2023-08-11,2023,72.3122394225742,-0.237078992673519,FALSE
2023-08-12,2023,53.666719876883,-1.13431418043377,FALSE
2023-08-13,2023,76.8601265885164,-0.0182315432770474,FALSE
2023-08-14,2023,70.4315433953115,-0.327579375299272,FALSE
2023-08-15,2023,70.3786209645254,-0.330126038963253,FALSE
2023-08-16,2023,82.2076137965524,0.239093208516014,FALSE
2023-08-17,2023,69.2598138354808,-0.383963805298268,FALSE
2023-08-18,2023,125.01392437668,2.29896223048487,FALSE
2023-08-19,2023,85.5156078291604,0.398276150009467,FALSE
2023-08-20,2023,21.3675213675214,-2.68857376370987,FALSE
2023-08-21,2023,49.9341410967491,-1.31392843116121,FALSE
2023-08-23,2023,78.1208178016398,0.0424337824888888,FALSE
2023-08-24,2023,86.1098682575193,0.426872369369861,FALSE
2023-08-25,2023,76.7048603148572,-0.0257030628481746,FALSE
2023-08-26,2023,91.2809113796811,0.67570651074413,FALSE
2023-08-27,2023,63.9549080825052,-0.639239508271179,FALSE
2023-08-28,2023,69.4807890925749,-0.373330324380592,FALSE
2023-08-29,2023,67.9457202593309,-0.447198889396735,FALSE
2023-08-30,2023,77.8345629804095,0.0286590041758222,FALSE
2023-08-31,2023,73.3783744929309,-0.185775841925417,FALSE
2023-09-01,2023,52.6624353857227,-1.1826410388934,FALSE
2023-09-02,2023,89.3410239250987,0.582357796041878,FALSE
2023-09-03,2023,77.5050556945942,0.0128028876040966,FALSE
2023-09-04,2023,77.7508697728358,0.0246316296300147,FALSE
2023-09-05,2023,64.065335753176,-0.633925653026464,FALSE
2023-09-06,2023,55.6690887072358,-1.0379588190793,FALSE
2023-09-07,2023,97.9228366882357,0.995320511668423,FALSE
2023-09-08,2023,69.6739205794898,-0.364036704779387,FALSE
2023-09-09,2023,49.4089180546676,-1.33920252414764,FALSE
2023-09-10,2023,62.6343620684011,-0.702785088109126,FALSE
2023-09-11,2023,69.6487808041086,-0.365246448011757,FALSE
2023-09-12,2023,209.876543209877,6.38260964808794,TRUE
2023-09-13,2023,32.5696517597506,-2.14951956674011,FALSE
2023-09-14,2023,77.7094991139034,0.0226408451499143,FALSE
2023-09-15,2023,60.8802382187702,-0.787194730743194,FALSE
2023-09-16,2023,3.55871886120996,-3.54554555370904,FALSE
2023-09-17,2023,90.1188218194125,0.619785964135238,FALSE
2023-09-18,2023,98.684263436839,1.03196088900276,FALSE
2023-09-19,2023,76.3379742749711,-0.0433578707003852,FALSE
2023-09-20,2023,52.8469414523936,-1.1737624804297,FALSE
2023-09-21,2023,81.6342405261314,0.211502093520144,FALSE
2023-09-22,2023,96.88013136289,0.945144816318526,FALSE
2023-09-23,2023,68.169365260612,-0.436436938557856,FALSE
2023-09-24,2023,80.9859651481418,0.180306637739711,FALSE
2023-09-25,2023,80.8449083682254,0.173518888752454,FALSE
2023-09-26,2023,95.1525248506097,0.862011206143537,FALSE
2023-09-27,2023,61.1539713442861,-0.774022505015365,FALSE
2023-09-28,2023,72.5863300172532,-0.22388956528441,FALSE
2023-09-29,2023,82.4214792299899,0.249384559843366,FALSE
2023-09-30,2023,79.7018684472559,0.118515023851005,FALSE
2023-10-01,2023,93.5794801707596,0.786315217344623,FALSE
2023-10-02,2023,92.3027039098468,0.724875868047829,FALSE
2023-10-03,2023,91.2570916516886,0.674560289097403,FALSE
2023-10-04,2023,85.9111831066519,0.417311503650522,FALSE
2023-10-05,2023,70.9740558535174,-0.301473303751741,FALSE
2023-10-06,2023,82.2699386503068,0.242092323221475,FALSE
2023-10-07,2023,76.1792237801889,-0.0509970533814499,FALSE
2023-10-08,2023,68.9810922883112,-0.39737607729716,FALSE
2023-10-09,2023,77.2441496513411,0.000247909871653133,FALSE
2023-10-10,2023,40.2553120154749,-1.77968032435763,FALSE
2023-10-11,2023,79.6262113666984,0.11487435324845,FALSE
2023-10-12,2023,53.9132732115188,-1.12244986488317,FALSE
2023-10-13,2023,58.8378048863862,-0.885478023411903,FALSE
2023-10-14,2023,84.3548336571452,0.342418900785432,FALSE
2023-10-15,2023,73.0933011332613,-0.199493767497926,FALSE
2023-10-16,2023,58.8957992384693,-0.882687295416751,FALSE
2023-10-17,2023,144.495412844037,3.23642481606872,TRUE
2023-10-18,2023,84.8878609949309,0.368068541833381,FALSE
2023-10-19,2023,85.6223831822382,0.403414253226824,FALSE
2023-10-20,2023,62.4274672841278,-0.712741007018178,FALSE
2023-10-22,2023,82.3187052173086,0.244439003870039,FALSE
2023-10-23,2023,71.7242390131795,-0.265373975628192,FALSE
2023-10-24,2023,80.2684822290098,0.145780867616511,FALSE
2023-10-25,2023,76.9831096841418,-0.012313512372925,FALSE
2023-10-26,2023,84.4432794333677,0.346674972193965,FALSE
2023-10-27,2023,68.5193594604204,-0.419594977634719,FALSE
2023-10-28,2023,58.0121703853955,-0.925208121825218,FALSE
2023-10-29,2023,104.301305654194,1.30225681270685,FALSE
2023-10-30,2023,70.6861818855433,-0.315325996516543,FALSE
2023-10-31,2023,86.3662969233269,0.43921189262901,FALSE
2023-11-01,2023,90.6852638043339,0.647043540919342,FALSE
2023-11-02,2023,86.6492818426693,0.45282932102071,FALSE
2023-11-03,2023,90.7162249185453,0.648533410968533,FALSE
2023-11-04,2023,87.3036997382658,0.484320358960972,FALSE
2023-11-05,2023,94.9359180861531,0.851587940087521,FALSE
2023-11-06,2023,87.820561504772,0.509192101632495,FALSE
2023-11-07,2023,49.4889672138168,-1.33535050371113,FALSE
2023-11-08,2023,91.6266834024082,0.692345297610516,FALSE
2023-11-09,2023,74.2177741534277,-0.145383354596427,FALSE
2023-11-10,2023,100.375848022069,1.113361099344,FALSE
2023-11-11,2023,66.9442795110775,-0.495388904997426,FALSE
2023-11-12,2023,89.7016625868735,0.599711975774878,FALSE
2023-11-13,2023,71.1305757157066,-0.293941460640836,FALSE
2023-11-14,2023,91.2856883686597,0.675936382729869,FALSE
2023-11-15,2023,68.9660322223551,-0.398100777999263,FALSE
2023-11-16,2023,86.140756397042,0.428358727826986,FALSE
2023-11-17,2023,45.040215811351,-1.54942747218115,FALSE
2023-11-18,2023,112.449799196787,1.69436791026764,FALSE
2023-11-19,2023,76.1160324192217,-0.0540378650082514,FALSE
2023-11-20,2023,53.7187715170423,-1.13180941981194,FALSE
2023-11-21,2023,70.7280133885134,-0.3133130359053,FALSE
2023-11-22,2023,108.710790150718,1.51444423073345,FALSE
2023-11-23,2023,56.3230678563107,-1.00648889392255,FALSE
2023-11-24,2023,89.3567362543232,0.583113884099779,FALSE
2023-11-25,2023,75.7753611830865,-0.07043119852568,FALSE
2023-11-26,2023,73.3647599756279,-0.186430981834964,FALSE
2023-11-27,2023,81.1670526082805,0.189020690512574,FALSE
2023-11-28,2023,65.0499529130162,-0.586545200037947,FALSE
2023-11-29,2023,62.0458654846406,-0.731103947314562,FALSE
2023-11-30,2023,66.7406919860885,-0.505185676321581,FALSE
2023-12-01,2023,71.6600791981673,-0.268461389927806,FALSE
2023-12-02,2023,79.453143914973,0.10654622878061,FALSE
2023-12-03,2023,89.1025641025641,0.570882945844176,FALSE
2023-12-04,2023,70.4002332640373,-0.329086040288881,FALSE
2023-12-05,2023,71.6302889569895,-0.269894916763631,FALSE
2023-12-06,2023,83.5386102333747,0.303141669862133,FALSE
2023-12-07,2023,92.2257078028768,0.721170762575991,FALSE
2023-12-08,2023,86.7941291220154,0.459799471440075,FALSE
2023-12-09,2023,69.1689592935018,-0.388335788166949,FALSE
2023-12-10,2023,48.6357830572772,-1.3764063104432,FALSE
2023-12-11,2023,48.3973379138798,-1.38788045427075,FALSE
2023-12-12,2023,85.2353811858863,0.384791451753821,FALSE
2023-12-13,2023,33.4170722771759,-2.10874111027497,FALSE
2023-12-14,2023,67.1375847239603,-0.486086925583504,FALSE
2023-12-15,2023,87.0607317284428,0.47262857169921,FALSE
2023-12-16,2023,150.90038133035,3.54463629220022,TRUE
2023-12-17,2023,93.2317881642543,0.769584039542093,FALSE
2023-12-18,2023,72.8288990636475,-0.212216976416448,FALSE
2023-12-19,2023,82.2826813036262,0.242705508438205,FALSE
2023-12-20,2023,71.7139688800243,-0.265868181478945,FALSE
2023-12-21,2023,93.3333333333333,0.774470462718531,FALSE
2023-12-22,2023,66.61133424246,-0.511410459659386,FALSE
2023-12-23,2023,77.1725131486464,-0.00319928776680558,FALSE
2023-12-24,2023,74.2186799907959,-0.145339765081043,FALSE
2023-12-25,2023,92.9918671531372,0.75803887594771,FALSE
2023-12-26,2023,89.033706649288,0.567569477969631,FALSE
2023-12-27,2023,81.9017742303163,0.224375998841923,FALSE
2023-12-28,2023,82.0830754298258,0.233100336899887,FALSE
2023-12-29,2023,94.1701390062727,0.814738125587283,FALSE
2023-12-31,2023,51.7241379310345,-1.22779255590364,FALSE
2024-01-01,2024,69.9013162180685,-0.100645792698926,FALSE
2024-01-02,2024,103.164018308043,2.09414618077049,FALSE
2024-01-03,2024,49.9885485174851,-1.41456137900884,FALSE
2024-01-04,2024,107.775157349157,2.39840561611681,FALSE
2024-01-05,2024,53.7293507620445,-1.16772987630991,FALSE
2024-01-06,2024,78.0926962055389,0.439850737002928,FALSE
2024-01-07,2024,64.461988657554,-0.459552066717064,FALSE
2024-01-08,2024,76.4145444554571,0.329120286380481,FALSE
2024-06-01,2024,93.4117085397147,1.45065392495745,FALSE
2024-06-02,2024,82.2024989889069,0.711030214156616,FALSE
2024-06-03,2024,61.3347827808097,-0.665896287914095,FALSE
2024-06-04,2024,56.1900068985385,-1.00536698939721,FALSE
2024-06-05,2024,74.0503606404096,0.173122988054061,FALSE
2024-06-06,2024,69.381952711361,-0.134915253212121,FALSE
2024-06-07,2024,100.905307280517,1.94510835395195,FALSE
2024-06-08,2024,81.5039275534574,0.664935973969148,FALSE
2024-06-09,2024,76.6897358333909,0.347278397102312,FALSE
2024-06-10,2024,71.8319131002838,0.0267418900464387,FALSE
2024-06-11,2024,34.4886153926554,-2.43730236738879,FALSE
2024-06-12,2024,64.4073238546074,-0.463159045801741,FALSE
2024-06-13,2024,74.7989996544493,0.222520866031498,FALSE
2024-06-14,2024,92.2847456540832,1.37629288570419,FALSE
2024-06-15,2024,25.1126166069592,-3.05596427953415,FALSE
2024-06-16,2024,86.9310636601803,1.02303781229068,FALSE
2024-06-17,2024,66.5288996974105,-0.323169888628183,FALSE
2024-06-18,2024,85.6703172561972,0.939849258319399,FALSE
2024-06-19,2024,67.9052923341132,-0.23235058287226,FALSE
2024-06-20,2024,72.8434138444353,0.0934843245130321,FALSE
2024-06-21,2024,48.4210894452843,-1.5179879311002,FALSE
2024-06-22,2024,46.7706013363029,-1.62689303580578,FALSE
2024-06-23,2024,62.0611035111719,-0.617971050065066,FALSE
2024-06-24,2024,66.4636543966455,-0.327475006776376,FALSE
2024-06-25,2024,83.5209158561482,0.798024071422955,FALSE
2024-06-26,2024,81.1834700127768,0.643791040036212,FALSE
2024-06-27,2024,74.866707377754,0.226988463620205,FALSE
2024-06-28,2024,71.5495292303006,0.00810919299134573,FALSE
2024-06-29,2024,109.371650302277,2.50374792744583,FALSE
2024-06-30,2024,79.0909616441581,0.505719858704067,FALSE
2024-07-01,2024,78.5142856675109,0.467668716574537,FALSE
2024-07-02,2024,45.476952663236,-1.7122525990925,FALSE
2024-07-03,2024,83.8505315254066,0.819773291412997,FALSE
2024-07-04,2024,99.0322935648948,1.82152021435567,FALSE
2024-07-05,2024,59.8358391185939,-0.764801948362697,FALSE
2024-07-06,2024,66.2092393725056,-0.344262219414778,FALSE
2024-07-07,2024,51.3823067661109,-1.32259622810901,FALSE
2024-07-08,2024,47.1204188481675,-1.60381082603392,FALSE
2024-07-09,2024,45.0512353585755,-1.74034294847868,FALSE
2024-07-10,2024,88.4300783848578,1.1219481616945,FALSE
2024-07-11,2024,58.3852980491148,-0.860513832739042,FALSE
2024-07-12,2024,76.5649345051282,0.339043559391038,FALSE
2024-07-13,2024,87.6418530507571,1.06993823682761,FALSE
2024-07-14,2024,69.8131723574201,-0.106461839673652,FALSE
2024-07-15,2024,39.5040279287205,-2.1063675218667,FALSE
2024-07-16,2024,49.8186029749418,-1.42577499333554,FALSE
2024-07-17,2024,52.2434592838735,-1.26577430700333,FALSE
2024-07-18,2024,53.0821751531582,-1.21043283615865,FALSE
2024-07-19,2024,70.6102664837788,-0.0538667201942001,FALSE
2024-07-20,2024,38.5065611089463,-2.17218394784197,FALSE
2024-07-21,2024,79.090152532545,0.50566647062786,FALSE
2024-07-22,2024,81.8206071378442,0.685831624842423,FALSE
2024-07-23,2024,68.8302246859756,-0.171320240346912,FALSE
2024-07-24,2024,70.7619902415808,-0.0438554443541427,FALSE
2024-07-25,2024,58.8959866544014,-0.82681677322796,FALSE
2024-07-26,2024,63.2500375202922,-0.539520934583062,FALSE
2024-07-27,2024,52.4042485090444,-1.25516485922393,FALSE
2024-07-28,2024,102.244175624064,2.03345167272387,FALSE
2024-07-29,2024,82.657000080579,0.741019820690587,FALSE
2024-07-30,2024,68.8457902398599,-0.170293169466277,FALSE
2024-07-31,2024,51.3113935912615,-1.32727533284776,FALSE
2024-08-01,2024,80.4278215647921,0.593930654553537,FALSE
2024-08-02,2024,34.5278103114468,-2.43471614655408,FALSE
2024-08-03,2024,87.7428346645782,1.07660136464215,FALSE
2024-08-04,2024,65.0758840356241,-0.419045055449801,FALSE
2024-08-05,2024,92.0159136916286,1.35855439194588,FALSE
2024-08-06,2024,59.8966853336016,-0.760787097616249,FALSE
2024-08-07,2024,73.9643137260486,0.167445305090406,FALSE
2024-08-08,2024,62.432175698496,-0.593486380836642,FALSE
2024-08-09,2024,64.7419554252504,-0.441078858710206,FALSE
2024-08-10,2024,67.519281809935,-0.25782093695983,FALSE
2024-08-11,2024,67.0061965735414,-0.291676134757541,FALSE
2024-08-12,2024,76.1325506040164,0.310513324142845,FALSE
2024-08-13,2024,65.7972804439916,-0.371444741966793,FALSE
2024-08-14,2024,74.3458075416516,0.192617630602296,FALSE
2024-08-15,2024,70.0769685611565,-0.0890556232746907,FALSE
2024-08-16,2024,78.23169856009,0.449022609186882,FALSE
2024-08-17,2024,76.0074291982389,0.302257366573109,FALSE
2024-08-18,2024,88.0349193407606,1.09587415556348,FALSE
2024-08-19,2024,66.3669720244889,-0.333854455259282,FALSE
2024-08-20,2024,85.7329839557016,0.943984231139828,FALSE
2024-08-21,2024,95.2273611598587,1.57045717445057,FALSE
2024-08-22,2024,83.4749206682241,0.794989144524925,FALSE
2024-08-23,2024,90.4754022639084,1.25690594175527,FALSE
2024-08-24,2024,66.1219141318596,-0.350024250915794,FALSE
2024-08-25,2024,71.301597184028,-0.00825024959552303,FALSE
2024-08-26,2024,90.1419536133202,1.23490380795701,FALSE
2024-08-27,2024,60.4167160678472,-0.726473611045242,FALSE
2024-08-28,2024,47.0296451318745,-1.60980040028387,FALSE
2024-08-29,2024,58.4272334123214,-0.857746787586743,FALSE
2024-08-30,2024,117.178262260479,3.01885608731525,TRUE
2024-08-31,2024,50.6580640885964,-1.37038434860365,FALSE
2024-09-01,2024,101.030798792947,1.9533887324815,FALSE
2024-09-02,2024,58.8313035198781,-0.831084797638202,FALSE
2024-09-03,2024,57.1179568870506,-0.9441375324199,FALSE
2024-09-04,2024,77.4924163337133,0.400242125503045,FALSE
2024-09-05,2024,88.7598168092151,1.14370548150473,FALSE
2024-09-06,2024,76.8539703999358,0.35811518082012,FALSE
2024-09-07,2024,78.7715087808009,0.484641216971905,FALSE
2024-09-08,2024,81.8225844719186,0.685962096412155,FALSE
2024-09-09,2024,80.1673375602844,0.576742988898349,FALSE
2024-09-10,2024,66.2550786800655,-0.341237578060338,FALSE
2024-09-11,2024,64.7259327408875,-0.442136092693725,FALSE
2024-09-12,2024,81.5757159468036,0.669672828752573,FALSE
2024-09-13,2024,82.0841100830695,0.703218490996641,FALSE
2024-09-14,2024,79.783635343387,0.551424945175654,FALSE
2024-09-15,2024,81.2269648596223,0.646660985493006,FALSE
2024-10-01,2024,68.5657333253052,-0.188772325685057,FALSE
2024-10-02,2024,58.2802615973893,-0.867444513251563,FALSE
2024-10-03,2024,70.5098798186111,-0.0604905911700895,FALSE
2024-10-04,2024,68.2615622812183,-0.208842618360553,FALSE
2024-10-05,2024,66.9306203004934,-0.29666292738256,FALSE
2024-10-06,2024,56.8329424040747,-0.962943806722746,FALSE
2024-10-07,2024,66.6663956338634,-0.314097415294679,FALSE
2024-10-08,2024,52.4987536722479,-1.24892907076965,FALSE
2024-10-09,2024,57.9108626210075,-0.891818778041521,FALSE
2024-10-10,2024,54.2842369475125,-1.13111650248478,FALSE
2024-10-11,2024,70.0389998091223,-0.0915609372441321,FALSE
2024-10-12,2024,72.7230231930841,0.0855405190292934,FALSE
2024-10-13,2024,74.8692229004652,0.227154446799823,FALSE
2024-10-14,2024,50.4685384657982,-1.38288992660988,FALSE
2024-10-15,2024,55.1291798743767,-1.07536414812388,FALSE
2024-10-16,2024,71.6140431704249,0.0123660533503919,FALSE
2024-10-17,2024,76.8260395993608,0.356272206766214,FALSE
2024-10-18,2024,65.0502194567139,-0.420738496098192,FALSE
2024-10-19,2024,104.126176105939,2.15763279127854,FALSE
2024-10-20,2024,94.9289776076737,1.55076876117676,FALSE
2024-10-21,2024,59.2162260751319,-0.805686231628945,FALSE
2024-10-22,2024,90.525388655871,1.26020422256136,FALSE
2024-10-23,2024,86.0125656256665,0.962432029021918,FALSE
2024-10-24,2024,69.3242746018482,-0.13872106103438,FALSE
2024-10-25,2024,78.2630902379143,0.451093944291774,FALSE
2024-10-26,2024,61.2208894056071,-0.67341137989459,FALSE
2024-10-27,2024,93.7221281389432,1.47113651963515,FALSE
2024-10-28,2024,85.7462129916035,0.944857130212661,FALSE
2024-10-29,2024,71.813258209507,0.0255109736755364,FALSE
2024-10-30,2024,81.8742675298991,0.68937232930644,FALSE
2024-10-31,2024,70.3258063779718,-0.0726364147099581,FALSE
2024-11-01,2024,81.3447463213796,0.654432627321415,FALSE
2024-11-02,2024,51.2794663418886,-1.3293820068777,FALSE
2024-11-03,2024,79.9271851128527,0.560896872049321,FALSE
2024-11-04,2024,65.3726264222371,-0.399464932146388,FALSE
2024-11-05,2024,65.7292498534838,-0.375933643487571,FALSE
2024-11-06,2024,71.3608130176513,-0.00434297724022653,FALSE
2024-11-07,2024,67.8430365298356,-0.236458443356979,FALSE
2024-11-08,2024,65.435491409523,-0.395316875589406,FALSE
2024-11-09,2024,65.4802427292922,-0.392364023558144,FALSE
2024-11-10,2024,83.3884184959496,0.789281422016928,FALSE
2024-11-11,2024,91.6635282586765,1.33530274156226,FALSE
2024-11-12,2024,82.1138099623683,0.705178195187886,FALSE
2024-11-13,2024,65.8165798292479,-0.370171299546549,FALSE
2024-11-14,2024,65.0408436093424,-0.42135714801949,FALSE
2024-11-15,2024,74.4821763176621,0.201615729861042,FALSE
2024-11-16,2024,75.3476387051462,0.258722031575546,FALSE
2024-11-17,2024,82.4238315423504,0.725634527133097,FALSE
2024-11-18,2024,79.6920404368794,0.545381185860196,FALSE
2024-11-19,2024,71.4695627305272,0.00283271751516839,FALSE
2024-11-20,2024,77.8567923667889,0.424284958540352,FALSE
2024-11-21,2024,92.4705816165353,1.38855500673298,FALSE
2024-11-22,2024,60.7768029521935,-0.702713791371629,FALSE
2024-11-23,2024,58.9594845229032,-0.822626956906268,FALSE
2024-11-24,2024,83.5116773144703,0.79741447942209,FALSE
2024-11-25,2024,90.5374006989847,1.26099682010018,FALSE
2024-11-26,2024,74.3275808185298,0.191414966263656,FALSE
2024-11-27,2024,68.9705881653266,-0.162058556283647,FALSE
2024-11-28,2024,64.6415463782327,-0.447704206520554,FALSE
2024-11-29,2024,52.7882024923487,-1.22983020305383,FALSE
2024-11-30,2024,59.0457545994311,-0.816934548905199,FALSE
2024-12-01,2024,75.8832506614172,0.294063622867137,FALSE
2024-12-02,2024,58.7362058043392,-0.837359684813497,FALSE
2024-12-03,2024,87.8423340295954,1.08316668838267,FALSE
2024-12-04,2024,54.8719253818073,-1.09233871903826,FALSE
2024-12-05,2024,59.8173900008839,-0.766019287091162,FALSE
2024-12-06,2024,60.4832629482975,-0.722082610017224,FALSE
2024-12-07,2024,86.0651696593297,0.965903031183552,FALSE
2024-12-08,2024,84.5235740178481,0.864183040693698,FALSE
2024-12-09,2024,63.8283020937095,-0.501364971160579,FALSE
2024-12-10,2024,60.5078028468818,-0.720463379796638,FALSE
2024-12-11,2024,83.9919784285723,0.829106463651994,FALSE
2024-12-12,2024,68.7072736427269,-0.17943298963956,FALSE
2024-12-13,2024,72.796362394886,0.0903797016976166,FALSE
2024-12-14,2024,37.7678799300142,-2.22092477226711,FALSE
2024-12-15,2024,56.1045195005653,-1.01100775346975,FALSE
2024-12-16,2024,71.4729483978051,0.00305611594341723,FALSE
2024-12-17,2024,82.7040800879366,0.744126327852266,FALSE
2024-12-18,2024,62.7480189128766,-0.57264591664578,FALSE
2024-12-19,2024,73.5209914996729,0.138193320044877,FALSE
2024-12-20,2024,89.121922627695,1.16759851766867,FALSE
2024-12-21,2024,88.6263098455567,1.13489621485384,FALSE
2024-12-22,2024,71.8327065807706,0.0267942467250625,FALSE
2024-12-23,2024,69.0583696242826,-0.1562664218679,FALSE
2024-12-24,2024,55.6862186675984,-1.03860873754518,FALSE
2024-12-25,2024,75.2226801046581,0.250476816480711,FALSE
2024-12-26,2024,71.5419265528663,0.00760754116027812,FALSE
2024-12-27,2024,99.0933757764894,1.82555063700044,FALSE
2024-12-28,2024,70.1018621854643,-0.0874130529665564,FALSE
2024-12-29,2024,78.5224514012235,0.468207520871355,FALSE
2024-12-30,2024,44.4450451787037,-1.78034154322843,FALSE
2024-12-31,2024,66.5136172705477,-0.324178277775967,FALSE
2025-01-01,2025,88.7301436216898,0.701394832991195,FALSE
2025-01-02,2025,91.1710258802764,0.842846578387966,FALSE
2025-01-03,2025,84.7888985304434,0.472995451893604,FALSE
2025-01-04,2025,83.2084738209236,0.381408144540564,FALSE
2025-01-05,2025,68.4097597464592,-0.476193211730052,FALSE
2025-01-06,2025,72.4714221564617,-0.240815517830144,FALSE
2025-01-07,2025,67.714657824435,-0.516475113797672,FALSE
2025-01-08,2025,55.3591780166378,-1.23248842328007,FALSE
2025-01-09,2025,84.6094644155429,0.462597052443114,FALSE
2025-01-10,2025,71.9991790744449,-0.268182511042473,FALSE
2025-01-11,2025,83.2911533963966,0.386199514635609,FALSE
2025-01-12,2025,49.2693652607839,-1.58539960546625,FALSE
2025-01-13,2025,69.2111477896432,-0.429751914920382,FALSE
2025-01-14,2025,70.088414202676,-0.37891338517773,FALSE
2025-01-15,2025,48.0057851632084,-1.65862542765489,FALSE
2025-01-16,2025,78.0025354063749,0.0797184286292291,FALSE
2025-01-17,2025,84.926738652776,0.480983434853889,FALSE
2025-01-18,2025,82.3617926182316,0.332342060548142,FALSE
2025-01-19,2025,60.8230479063465,-0.915851301681386,FALSE
2025-01-20,2025,73.4336174069873,-0.185055270845457,FALSE
2025-01-21,2025,106.422127255461,1.726664264044,FALSE
2025-01-22,2025,203.389830508475,7.3460466918541,TRUE
2025-01-23,2025,140.384112882153,3.69479776459944,TRUE
2025-01-24,2025,60.0480699347944,-0.960762106507988,FALSE
2025-01-25,2025,48.3350173058259,-1.63954607179897,FALSE
2025-01-26,2025,59.3914491352455,-0.99881398624667,FALSE
2025-01-27,2025,78.7658445180351,0.123953010507059,FALSE
2025-01-28,2025,92.0865608582811,0.895902812524202,FALSE
2025-01-29,2025,96.720507462835,1.16444498942918,FALSE
2025-01-30,2025,82.0553798185915,0.314585110097733,FALSE
2025-01-31,2025,75.5611937610727,-0.0617599387205284,FALSE
2025-02-01,2025,43.5395754369889,-1.91744707251686,FALSE
2025-02-02,2025,57.1470865216758,-1.12887720739381,FALSE
2025-02-03,2025,61.3446740771803,-0.88562250549529,FALSE
2025-02-04,2025,65.0755053884945,-0.66941682867092,FALSE
2025-02-05,2025,49.4743617249517,-1.57351984045312,FALSE
2025-02-06,2025,100.493266558816,1.38308042635397,FALSE
2025-02-07,2025,74.7467581680364,-0.108957355041195,FALSE
2025-02-08,2025,71.2591253524722,-0.311069418140164,FALSE
2025-02-09,2025,84.104557734412,0.433337168621509,FALSE
2025-02-10,2025,89.5062585624351,0.74637152640225,FALSE
2025-02-11,2025,72.6394889938084,-0.231075864308403,FALSE
2025-02-12,2025,75.5746830299929,-0.0609782211156871,FALSE
2025-02-13,2025,93.865454290813,0.99899159528761,FALSE
2025-02-14,2025,80.6790598724091,0.234825892738098,FALSE
2025-02-15,2025,85.5606804807361,0.517721043859618,FALSE
2025-02-16,2025,73.4245594508448,-0.185580189121045,FALSE
2025-02-17,2025,92.5737389725417,0.924135306876948,FALSE
2025-02-18,2025,79.3932154048642,0.160309826425119,FALSE
2025-02-19,2025,83.7259045721991,0.411393811662528,FALSE
2025-02-20,2025,103.44345482247,1.55404700111396,FALSE
2025-02-21,2025,77.9529526252583,0.0768450532724702,FALSE
2025-02-22,2025,108.013351059838,1.81887739052902,FALSE
2025-02-23,2025,111.703572275985,2.03272966877307,FALSE
2025-02-24,2025,81.9271072050676,0.307151574536676,FALSE
2025-02-25,2025,80.6104515744735,0.230849968271622,FALSE
2025-02-26,2025,77.0264477230205,0.0231531002586869,FALSE
2025-02-27,2025,63.4096409795176,-0.76595545826487,FALSE
2025-02-28,2025,79.6861754979157,0.177287178097025,FALSE
2025-03-01,2025,65.323410314958,-0.655050472236737,FALSE
2025-03-02,2025,108.518391695604,1.84814503716541,FALSE
2025-03-03,2025,71.9905424292129,-0.268683013898822,FALSE
2025-03-04,2025,90.257749055161,0.789921206634146,FALSE
2025-03-05,2025,72.9728039530255,-0.211759904850606,FALSE
2025-03-06,2025,76.8930967092434,0.0154252659549888,FALSE
2025-03-07,2025,81.7124005733117,0.29470909489502,FALSE
2025-03-08,2025,95.7722968148012,1.10949516516119,FALSE
2025-03-09,2025,65.970725968363,-0.617537835699406,FALSE
2025-03-10,2025,101.665101529822,1.45098952003626,FALSE
2025-03-11,2025,71.8545294158992,-0.27656511393139,FALSE
2025-03-12,2025,100.430157799086,1.37942320602628,FALSE
2025-03-13,2025,81.2593093477877,0.268451972312044,FALSE
2025-03-14,2025,67.4378656319557,-0.53251551828693,FALSE
2025-03-15,2025,75.0511447929011,-0.0913178235926486,FALSE
2025-03-16,2025,90.5004483903261,0.803985893468165,FALSE
2025-03-17,2025,96.5673390945206,1.15556871817053,FALSE
2025-03-18,2025,55.7897510347,-1.20753625497642,FALSE
2025-03-19,2025,72.0390520684093,-0.265871828267579,FALSE
2025-03-20,2025,75.7735871537914,-0.0494515137626651,FALSE
2025-03-21,2025,61.8761508219609,-0.854822857981549,FALSE
2025-03-22,2025,82.1934721167274,0.322587706916347,FALSE
2025-03-23,2025,96.1248271822763,1.1299246781413,FALSE
2025-03-24,2025,86.1406446142029,0.551330587563671,FALSE
2025-03-25,2025,81.8348221663881,0.301803557544332,FALSE
2025-03-26,2025,58.7401225409668,-1.03655906111046,FALSE
2025-03-27,2025,64.656574653173,-0.693694314200228,FALSE
2025-03-28,2025,76.5247602422979,-0.00592022744578253,FALSE
2025-03-29,2025,64.5161290322581,-0.701833288598464,FALSE
2025-03-30,2025,157.894736842105,4.70955720799677,TRUE
2025-03-31,2025,53.1812581648659,-1.35870121510306,FALSE
2025-04-01,2025,68.7342534926178,-0.45738845103215,FALSE
2025-04-02,2025,83.5385878489327,0.400538606600983,FALSE
2025-04-03,2025,88.6924536734646,0.699210660058799,FALSE
2025-04-04,2025,22.956326987682,-3.11026840129975,FALSE
2025-04-05,2025,31.0265417642467,-2.6425907974923,FALSE
2025-04-06,2025,48.616704392976,-1.62322200291243,FALSE
2025-04-07,2025,26.0842880523732,-2.92899970200988,FALSE
2025-04-08,2025,85.4345761840182,0.510413164583582,FALSE
2025-04-09,2025,59.3120500383344,-1.00341524908985,FALSE
2025-04-10,2025,78.6910230746957,0.119617027599142,FALSE
2025-04-11,2025,89.6397492927475,0.754107457429056,FALSE
2025-04-12,2025,71.8530709584461,-0.276649633105389,FALSE
2025-04-13,2025,86.4448390932546,0.568958983956225,FALSE
2025-04-14,2025,73.9571692152563,-0.154714881904222,FALSE
2025-04-15,2025,66.947958764458,-0.560906146817102,FALSE
2025-04-16,2025,76.5531065340058,-0.00427752943218274,FALSE
2025-04-17,2025,70.5298030588757,-0.353334427451079,FALSE
2025-04-18,2025,84.6762034286524,0.466464649848596,FALSE
2025-04-19,2025,78.3255147260723,0.098435426689063,FALSE
2025-04-20,2025,68.7296471452315,-0.457655393804749,FALSE
2025-04-21,2025,95.0493416450951,1.06759913751021,FALSE
2025-04-22,2025,90.9315630737558,0.828969451860953,FALSE
2025-04-23,2025,83.5196222572538,0.399439530217425,FALSE
2025-04-24,2025,76.1393521716009,-0.0282550385979002,FALSE
2025-04-25,2025,75.5029554315979,-0.0651349123900816,FALSE
2025-04-26,2025,81.7218600892603,0.295257283992155,FALSE
2025-04-27,2025,81.713691583821,0.294783910339,FALSE
2025-04-28,2025,71.4912780953375,-0.297615917644014,FALSE
2025-04-29,2025,63.3729282735905,-0.768082998957731,FALSE
2025-04-30,2025,56.8194436984193,-1.14786446048778,FALSE
2025-05-01,2025,71.1690282954502,-0.316290639248248,FALSE
2025-05-02,2025,75.3667487557436,-0.073028235374631,FALSE
2025-05-03,2025,73.8827669748423,-0.1590265715529,FALSE
2025-05-04,2025,64.4953761051437,-0.703035942987913,FALSE
2025-05-05,2025,62.5560267082531,-0.815423321018672,FALSE
2025-05-06,2025,68.464340749357,-0.473030184059118,FALSE
2025-05-07,2025,69.7104426136464,-0.400817244239573,FALSE
2025-05-08,2025,76.6580264548464,0.00180269253574691,FALSE
2025-05-09,2025,88.223103420872,0.67201130941495,FALSE
2025-05-10,2025,74.9529083468182,-0.0970107310285186,FALSE
2025-05-11,2025,79.4937748585564,0.166137354644011,FALSE
2025-05-12,2025,82.8193800802465,0.358859744859211,FALSE
2025-05-13,2025,71.5809561945835,-0.292418975588494,FALSE
2025-05-14,2025,77.9939231938396,0.0792193416738619,FALSE
2025-05-15,2025,75.7874240777545,-0.0486496491751303,FALSE
2025-05-16,2025,63.8525326583531,-0.740289410354285,FALSE
2025-05-17,2025,63.395219130966,-0.7667912198598,FALSE
2025-05-18,2025,78.2952501068682,0.0966815595391325,FALSE
2025-05-19,2025,80.8626290372558,0.245463922768939,FALSE
2025-05-20,2025,66.8961272099319,-0.563909841005364,FALSE
2025-05-21,2025,117.208091962374,2.35172248969736,FALSE
2025-05-22,2025,53.7720717203153,-1.32446293575616,FALSE
2025-05-23,2025,74.9332281341941,-0.0981512204624817,FALSE
2025-05-24,2025,54.5551466376446,-1.27908290423558,FALSE
2025-05-25,2025,64.8026465907761,-0.685229288714151,FALSE
2025-05-26,2025,58.8513552026995,-1.0301130090357,FALSE
2025-05-27,2025,51.2773902010529,-1.46903240602346,FALSE
2025-05-28,2025,69.2748524375266,-0.426060162234933,FALSE
2025-05-29,2025,67.9223799996776,-0.504437390903698,FALSE
2025-05-30,2025,83.4817166798823,0.39724286134468,FALSE
2025-05-31,2025,67.9019340487583,-0.505622255693329,FALSE
2025-06-01,2025,101.911362631177,1.46526061504194,FALSE
2025-06-02,2025,76.8382586982809,0.0122473443909956,FALSE
2025-06-03,2025,56.042419320678,-1.19289385674837,FALSE
2025-06-04,2025,69.1346470738209,-0.434185213470157,FALSE
2025-06-05,2025,85.6475719559786,0.522756498064718,FALSE
2025-06-06,2025,69.5136232321666,-0.412223138538776,FALSE
2025-06-07,2025,80.4487325610505,0.221478177956032,FALSE
2025-06-08,2025,81.8492033253699,0.302636961135045,FALSE
2025-06-09,2025,78.7294542308547,0.121844154326449,FALSE
2025-06-10,2025,77.3444763319452,0.0415831993182638,FALSE
2025-06-11,2025,62.8026448899545,-0.801131532823843,FALSE
2025-06-12,2025,53.8905862840859,-1.31759488964647,FALSE
2025-06-13,2025,58.7758096726226,-1.03449095354683,FALSE
2025-06-14,2025,69.2002365151315,-0.430384234983649,FALSE
2025-06-15,2025,73.6102267302643,-0.174820571099908,FALSE
2025-06-16,2025,85.4583416789995,0.511790400512716,FALSE
2025-06-17,2025,64.3657700613538,-0.710546752263355,FALSE
2025-06-18,2025,87.9246012090265,0.654712786013502,FALSE
2025-06-19,2025,52.8899405455406,-1.37558338366053,FALSE
2025-06-20,2025,74.7503325806159,-0.108750213997684,FALSE
2025-06-21,2025,65.0420725390826,-0.671354298160181,FALSE
2025-06-22,2025,112.521954751106,2.08015581114466,FALSE
2025-06-23,2025,55.7161940966958,-1.21179895844363,FALSE
2025-06-24,2025,60.2163128158163,-0.951012251066409,FALSE
2025-06-25,2025,79.3879365480109,0.160003911007457,FALSE
2025-06-26,2025,75.7541362691283,-0.0505787133952668,FALSE
2025-06-27,2025,54.8696926701057,-1.26085462421809,FALSE
2025-06-28,2025,60.294368905991,-0.946488816904348,FALSE
2025-06-29,2025,76.4906285815045,-0.0078981938042719,FALSE
2025-06-30,2025,83.6052400191641,0.404401171368518,FALSE
2025-07-01,2025,78.5637640275112,0.112242229294782,FALSE
2025-07-02,2025,85.3989254620101,0.508347166998091,FALSE
2025-07-03,2025,69.8809186341977,-0.390937975966616,FALSE
2025-07-04,2025,53.4925097990809,-1.34066384899807,FALSE
2025-07-05,2025,70.9175261299245,-0.3308654595451,FALSE
2025-07-06,2025,99.4655466287213,1.32352295389518,FALSE
2025-07-07,2025,99.5862583429162,1.33051832722899,FALSE
2025-07-08,2025,98.1981594564376,1.25007650764307,FALSE
2025-07-09,2025,77.4068958381145,0.0452004766627137,FALSE
2025-07-10,2025,76.2048375315565,-0.0244600917375746,FALSE
2025-07-11,2025,84.6542811428561,0.465194229869075,FALSE
2025-07-12,2025,81.6183205461271,0.289257056393194,FALSE
2025-07-13,2025,84.0687126391219,0.431259906895816,FALSE
2025-07-14,2025,76.1356910371924,-0.0284672052644427,FALSE
2025-07-15,2025,72.8465052451763,-0.219079050460261,FALSE
2025-07-16,2025,73.1763658632231,-0.199963273779009,FALSE
2025-07-17,2025,85.5338936459126,0.516168718045412,FALSE
2025-07-18,2025,64.2931588420754,-0.714754650315867,FALSE
2025-07-19,2025,135.266530229827,3.39822835989454,TRUE
2025-07-20,2025,65.3104864347957,-0.655799424956527,FALSE
2025-07-21,2025,73.3027990302294,-0.192636336116953,FALSE
2025-07-22,2025,82.8820566864733,0.362491921427799,FALSE
2025-07-23,2025,73.2389581464481,-0.196335983818833,FALSE
2025-07-24,2025,91.0232051801654,0.834280210238531,FALSE
2025-07-25,2025,82.052548028976,0.314421004851651,FALSE
2025-07-26,2025,69.0708814657083,-0.437880498866282,FALSE
2025-07-27,2025,73.726938786423,-0.16805698224001,FALSE
2025-07-28,2025,72.0780296974661,-0.263613032849604,FALSE
2025-07-29,2025,77.3087486670629,0.0395127428106743,FALSE
2025-07-30,2025,82.5053861031265,0.340663457040961,FALSE
2025-07-31,2025,79.727087601215,0.179658078372604,FALSE
2025-08-01,2025,88.7912869205263,0.704938152751627,FALSE
2025-08-02,2025,73.9893418834976,-0.15285044126568,FALSE
2025-08-03,2025,75.0494119219049,-0.0914182453258512,FALSE
2025-08-04,2025,74.6460255985344,-0.114794915506981,FALSE
2025-08-05,2025,72.8416169918625,-0.219362329983784,FALSE
2025-08-06,2025,40.5645027200885,-2.08985572803782,FALSE
2025-08-07,2025,97.4415821616518,1.20623204177482,FALSE
2025-08-08,2025,71.227165620967,-0.312921518866417,FALSE
2025-08-09,2025,74.851599501036,-0.102881687322959,FALSE
2025-08-10,2025,82.9729092756916,0.367756926437174,FALSE
2025-08-11,2025,104.495781674157,1.61503047107664,FALSE
2025-08-12,2025,39.7872736582414,-2.13489698596192,FALSE
2025-08-13,2025,70.8650613723404,-0.333905848529857,FALSE
2025-08-14,2025,77.2058420835124,0.0335491958985521,FALSE
2025-08-15,2025,70.6296151926541,-0.347550207222891,FALSE
2025-08-16,2025,86.5600387159192,0.575634925672641,FALSE
2025-08-17,2025,102.082733183168,1.47519172237145,FALSE
2025-08-18,2025,63.2435731323482,-0.775579268161379,FALSE
2025-08-19,2025,66.7337513736996,-0.573319694907376,FALSE
2025-08-20,2025,80.3144107462262,0.213694084690194,FALSE
2025-08-21,2025,67.99710668428,-0.500106899366245,FALSE
2025-08-22,2025,75.0702997260072,-0.0902077746702617,FALSE
2025-08-23,2025,104.474568984853,1.61380117297507,FALSE
2025-08-24,2025,89.1897546493469,0.72802978510205,FALSE
2025-08-25,2025,70.4555779471787,-0.357635852300586,FALSE
2025-08-26,2025,73.9174291433059,-0.157017861705804,FALSE
2025-08-27,2025,90.9541665977228,0.830279350323282,FALSE
2025-08-28,2025,69.5283972910927,-0.4113669659748,FALSE
2025-08-29,2025,93.6233232545359,0.984959841983801,FALSE
2025-08-30,2025,75.1094372758895,-0.0879397116688894,FALSE
2025-08-31,2025,66.2694585906933,-0.60022595976318,FALSE
2025-09-15,2025,94.0379340074591,1.00898697989877,FALSE
2025-09-16,2025,40.7061501211866,-2.08164710918873,FALSE
2025-09-17,2025,84.4656963190362,0.45426553702007,FALSE
2025-09-18,2025,95.4946061986773,1.09340269605792,FALSE
2025-09-19,2025,68.4922774950414,-0.471411219676932,FALSE
2025-09-20,2025,83.1196498608319,0.376260700765336,FALSE
2025-09-21,2025,71.7434303679993,-0.283003422941207,FALSE
2025-09-22,2025,68.0290137813203,-0.498257848863698,FALSE
2025-09-23,2025,99.5028651157155,1.32568560025074,FALSE
2025-09-24,2025,72.3459350133409,-0.248087632393166,FALSE
2025-09-25,2025,67.524565032859,-0.527491194995845,FALSE
2025-09-26,2025,55.1939082428785,-1.24206598396631,FALSE
2025-09-27,2025,81.7149767838597,0.294858389059965,FALSE
2025-09-28,2025,55.7712978427467,-1.20860563724619,FALSE
2025-09-29,2025,72.2618098531988,-0.252962775670571,FALSE
2025-09-30,2025,70.0025570387636,-0.383888899931673,FALSE
2025-10-01,2025,83.8832174613232,0.420510262348227,FALSE
2025-10-02,2025,82.4943244071935,0.340022419894963,FALSE
2025-10-03,2025,65.6418663670705,-0.636595602385884,FALSE
2025-10-04,2025,63.5832820587702,-0.755892771444784,FALSE
2025-10-05,2025,74.8087166683709,-0.105366793479429,FALSE
2025-10-06,2025,87.9898765922926,0.658495564499417,FALSE
2025-10-07,2025,65.089336298757,-0.668615312583784,FALSE
2025-10-08,2025,78.3755556756585,0.101335353400146,FALSE
2025-10-09,2025,65.6902031605841,-0.633794433347383,FALSE
2025-10-10,2025,63.3715388500499,-0.768163517542446,FALSE
2025-10-11,2025,83.7332181606069,0.411817641956574,FALSE
2025-10-12,2025,79.9306747644095,0.191456172882462,FALSE
2025-10-13,2025,61.0272080709097,-0.904020001127513,FALSE
2025-10-14,2025,75.7962405610947,-0.0481387245074838,FALSE
2025-10-15,2025,94.8336172210222,1.05509767571193,FALSE
2025-10-16,2025,85.2168686775515,0.497796781033182,FALSE
2025-10-17,2025,55.4883244278837,-1.22500425020363,FALSE
2025-10-18,2025,67.935780526469,-0.503660816000414,FALSE
2025-10-19,2025,86.1143951145764,0.549809400900569,FALSE
2025-10-20,2025,53.9110099736538,-1.31641131492603,FALSE
2025-10-21,2025,81.2021858213569,0.265141602674821,FALSE
2025-10-22,2025,79.5590840737181,0.169922093724574,FALSE
2025-10-23,2025,85.6465953660856,0.52269990363276,FALSE
2025-10-24,2025,81.7686074410651,0.297966343178524,FALSE
2025-10-25,2025,80.0631675786645,0.199134273603202,FALSE
2025-10-26,2025,80.4901658705709,0.223879282691256,FALSE
2025-10-27,2025,92.4693680012895,0.918086897126563,FALSE
2025-10-28,2025,73.8444564506203,-0.161246707530045,FALSE
2025-10-29,2025,77.0324110299339,0.0234986802915934,FALSE
2025-10-30,2025,55.0897397680394,-1.24810265883233,FALSE
2025-10-31,2025,70.7957996890733,-0.337919637377224,FALSE
2025-11-01,2025,83.022422766702,0.37062628635794,FALSE
2025-11-02,2025,71.3777370363518,-0.304195743815972,FALSE
2025-11-03,2025,77.1102950039606,0.0280121401382382,FALSE
2025-11-04,2025,64.1931769455677,-0.720548708476331,FALSE
2025-11-05,2025,84.480685744163,0.455134190286416,FALSE
2025-11-06,2025,87.5943787314695,0.635576039185439,FALSE
2025-11-07,2025,63.4189877789161,-0.765413801212736,FALSE
2025-11-08,2025,124.918875374421,2.79857066034289,FALSE
2025-11-09,2025,100.115953317725,1.36121471926145,FALSE
2025-11-10,2025,96.7187075367498,1.16434068178163,FALSE
2025-11-11,2025,70.4772856987551,-0.356377864809251,FALSE
2025-11-12,2025,47.1614972286684,-1.70755281919047,FALSE
2025-11-13,2025,97.9739934007991,1.23708584423961,FALSE
2025-11-14,2025,68.6031442017943,-0.464986375085833,FALSE
2025-11-15,2025,69.7925003094351,-0.39606191273937,FALSE
2025-11-16,2025,80.5159869610308,0.225375642583568,FALSE
2025-11-17,2025,83.6718610791878,0.408261933266143,FALSE
2025-11-18,2025,89.1030499015048,0.723005151950122,FALSE
2025-11-19,2025,49.7194276771742,-1.55931800562179,FALSE
2025-11-20,2025,86.0348571085671,0.545200088126136,FALSE
2025-11-21,2025,81.4822561637046,0.281371979465667,FALSE
2025-11-22,2025,80.048312585671,0.198273410823197,FALSE
2025-11-23,2025,70.9677919680661,-0.327952500300983,FALSE
2025-11-24,2025,72.3779808937016,-0.246230539248321,FALSE
2025-11-25,2025,62.8457420776602,-0.798634004562812,FALSE
2025-11-26,2025,66.887224827979,-0.564425743589767,FALSE
2025-11-27,2025,71.7150600152186,-0.284647515319786,FALSE
2025-11-28,2025,88.7308585385414,0.701436263189687,FALSE
2025-11-29,2025,80.1375059466934,0.203442261778644,FALSE
2025-11-30,2025,65.7395495525615,-0.630934756994832,FALSE
2025-12-01,2025,78.4059664195429,0.103097688632063,FALSE
2025-12-02,2025,135.714187046894,3.42417055267753,TRUE
2025-12-03,2025,85.1426862943873,0.493497832347983,FALSE
2025-12-04,2025,68.6296591589338,-0.463449804875079,FALSE
2025-12-05,2025,65.4442847329178,-0.6480456700452,FALSE
2025-12-06,2025,70.9208350693988,-0.330673702952824,FALSE
2025-12-07,2025,90.2891079615654,0.791738488901258,FALSE
2025-12-08,2025,65.3936487742045,-0.650980078173509,FALSE
2025-12-09,2025,87.9994046935283,0.659047728187515,FALSE
2025-12-10,2025,54.6146599458323,-1.27563404418186,FALSE
2025-12-11,2025,99.4848859629018,1.32464368905764,FALSE
2025-12-12,2025,81.1762977287617,0.26364135993689,FALSE
2025-12-13,2025,68.0726495725668,-0.495729107949684,FALSE
2025-12-14,2025,52.5844415119512,-1.39328738038804,FALSE
2025-12-15,2025,59.7453066279011,-0.978307564938641,FALSE
2025-12-16,2025,60.9936880822646,-0.905962520428822,FALSE
2025-12-17,2025,64.8606755808984,-0.681866446484651,FALSE
2025-12-18,2025,87.4222279354349,0.625599715876572,FALSE
2025-12-19,2025,80.1994747522234,0.207033420537543,FALSE
2025-12-20,2025,82.7250745355352,0.353394637374783,FALSE
2025-12-21,2025,67.8353881098523,-0.509478664241594,FALSE
2025-12-22,2025,69.0679684407846,-0.438049311785624,FALSE
2025-12-23,2025,67.9080761976186,-0.505266311577742,FALSE
2025-12-24,2025,73.4247861893316,-0.185567049382493,FALSE
2025-12-25,2025,82.92897938997,0.365211142432826,FALSE
2025-12-26,2025,88.5601812874992,0.691545333393907,FALSE
2025-12-27,2025,71.1781560504016,-0.315761676056806,FALSE
2025-12-28,2025,70.3788934676447,-0.362079800154592,FALSE
2025-12-29,2025,94.3675696453151,1.02808971873661,FALSE
2025-12-30,2025,73.5660685721975,-0.177379583731543,FALSE
2025-12-31,2025,84.1041768208462,0.433315094271739,FALSE
2026-01-01,2026,81.7257110039432,0.0433107588585051,FALSE
2026-01-02,2026,86.7146296993657,0.356162925464907,FALSE
2026-01-03,2026,58.0037185537677,-1.44428148053147,FALSE
2026-01-04,2026,94.1351801238638,0.821501292242934,FALSE
2026-01-05,2026,68.0943294248244,-0.81150518848872,FALSE
2026-01-06,2026,91.5324432214187,0.658285186960742,FALSE
2026-01-07,2026,61.2156457620271,-1.24286340831314,FALSE
2026-01-08,2026,73.1662629333457,-0.493447211620829,FALSE
2026-01-09,2026,64.104314426598,-1.06171668985724,FALSE
2026-01-10,2026,95.0553919439944,0.879207236003618,FALSE
2026-01-11,2026,65.4704163241007,-0.976049240750293,FALSE
2026-01-12,2026,85.6909632224478,0.291969400828003,FALSE
2026-01-13,2026,75.4020147813857,-0.35324452395319,FALSE
2026-01-14,2026,75.7428423862352,-0.331871424665307,FALSE
2026-01-15,2026,77.4801717820774,-0.222924516771834,FALSE
2026-01-16,2026,76.6453971649939,-0.275272743617509,FALSE
2026-01-17,2026,79.5213380601088,-0.094924176122474,FALSE
2026-01-18,2026,62.9854774194068,-1.13187830265329,FALSE
2026-01-19,2026,57.1022178103534,-1.50081406364075,FALSE
2026-01-20,2026,90.9984509741107,0.624798846188217,FALSE
2026-01-21,2026,80.8116532896538,-0.0140092645327545,FALSE
2026-01-22,2026,75.9738235109223,-0.317386733750251,FALSE
2026-01-23,2026,80.5510547172188,-0.0303512482326798,FALSE
2026-01-24,2026,65.3872614004624,-0.981263837261581,FALSE
2026-01-25,2026,98.248310091686,1.07943326117792,FALSE
2026-01-26,2026,77.7597747016633,-0.205390781603492,FALSE
2026-01-27,2026,68.442695706545,-0.789659343193846,FALSE
2026-01-28,2026,74.760333805175,-0.393483961782038,FALSE
2026-01-29,2026,78.6966878982115,-0.146637504318945,FALSE
2026-01-30,2026,49.8540819566812,-1.95534041376137,FALSE
2026-01-31,2026,61.3631819056844,-1.23361150323834,FALSE
2026-02-01,2026,64.8717262941757,-1.01359274154126,FALSE
2026-02-02,2026,68.8708907803201,-0.762807481149347,FALSE
2026-02-03,2026,63.0798104866497,-1.12596273130982,FALSE
2026-02-04,2026,101.168240491593,1.26254038472937,FALSE
2026-02-05,2026,67.7762458069063,-0.831452025689934,FALSE
2026-02-06,2026,103.410976630308,1.40318105317064,FALSE
2026-02-07,2026,96.9804650752794,0.999927443480815,FALSE
2026-02-08,2026,98.5213327660276,1.0965543530247,FALSE
2026-02-09,2026,74.6393842948281,-0.401068634668513,FALSE
2026-02-10,2026,90.808942472403,0.612914879146626,FALSE
2026-02-11,2026,106.263192714202,1.58204185166286,FALSE
2026-02-12,2026,84.9298731194257,0.244241886661129,FALSE
2026-02-13,2026,89.4079316071828,0.525058309139702,FALSE
2026-02-14,2026,137.282124733917,3.52722089358401,TRUE
2026-02-15,2026,58.8572701807996,-1.39075575840007,FALSE
2026-02-16,2026,82.8227487367595,0.112105351938457,FALSE
2026-02-17,2026,88.005147767125,0.437090556920123,FALSE
2026-02-18,2026,61.8513803997692,-1.20299686188358,FALSE
2026-02-19,2026,70.9895538863507,-0.629947359849133,FALSE
2026-02-20,2026,107.947854434225,1.68768600048241,FALSE
2026-02-21,2026,82.9070339620899,0.11739082900621,FALSE
2026-02-22,2026,90.2507043421574,0.577908093269383,FALSE
2026-02-23,2026,96.717307282451,0.983424972570384,FALSE
2026-02-24,2026,98.485203810252,1.09428872738883,FALSE
2026-02-25,2026,78.721720680615,-0.145067713210037,FALSE
2026-02-26,2026,84.0437758338127,0.188675245360196,FALSE
2026-02-27,2026,84.3563244588117,0.208274986400377,FALSE
2026-02-28,2026,72.0753025549081,-0.561860697370578,FALSE
2026-03-01,2026,65.2857663797812,-0.987628530506428,FALSE
2026-03-02,2026,75.3842658305536,-0.354357550254442,FALSE
2026-03-03,2026,57.8983491963222,-1.45088913116346,FALSE
2026-03-04,2026,89.221413100868,0.513361842956295,FALSE
2026-03-05,2026,91.9407721968684,0.683891257625878,FALSE
2026-03-06,2026,96.2152133580705,0.951938956928061,FALSE
2026-03-07,2026,81.6659989316239,0.0395662498099263,FALSE
2026-03-08,2026,109.447489699773,1.78172724881478,FALSE
2026-03-09,2026,94.8687725119477,0.86750444082673,FALSE
2026-03-10,2026,79.662293478176,-0.0860849444914389,FALSE
2026-03-11,2026,84.434148100386,0.213155261338922,FALSE
2026-03-12,2026,97.6292463439057,1.04061213648446,FALSE
2026-03-13,2026,78.1301259114718,-0.18216627435702,FALSE
2026-03-14,2026,115.874143894743,2.18473896571672,FALSE
2026-03-15,2026,119.28918314494,2.39889407500931,FALSE
2026-03-16,2026,80.6198418184491,-0.0260376494413789,FALSE
2026-03-17,2026,86.8455789700367,0.36437467745889,FALSE
2026-03-18,2026,83.4507238918612,0.151485305760682,FALSE
2026-03-19,2026,50.8618658986493,-1.89214287357994,FALSE
2026-03-20,2026,63.2726642729952,-1.11386898342978,FALSE
2026-03-21,2026,90.6710390361499,0.604267035505911,FALSE
2026-03-22,2026,99.9313577236859,1.18497619148385,FALSE
2026-03-23,2026,71.9765238595203,-0.568055051448741,FALSE
2026-03-24,2026,79.8844949054082,-0.0721508232566282,FALSE
2026-03-25,2026,67.1944867549982,-0.867933794775356,FALSE
2026-03-26,2026,80.6176422699145,-0.0261755818404855,FALSE
2026-03-27,2026,71.793258273155,-0.579547528929158,FALSE
2026-03-28,2026,72.9466973394174,-0.507216041294425,FALSE
2026-03-29,2026,69.2847298149804,-0.736855877901418,FALSE
2026-03-30,2026,71.7442812827832,-0.582618847282319,FALSE
2026-03-31,2026,74.5817524706241,-0.404682692577342,FALSE
2026-04-01,2026,56.7412361604622,-1.52345101127777,FALSE
2026-04-02,2026,70.3374340024926,-0.670841415456681,FALSE
2026-04-03,2026,88.6535252715372,0.477749930106609,FALSE
2026-04-04,2026,83.4823256459238,0.153467033231227,FALSE
2026-04-05,2026,89.5558759282539,0.534335810780819,FALSE
2026-04-06,2026,76.7937235026787,-0.265971285938497,FALSE
2026-04-07,2026,77.6217547475323,-0.214045932012017,FALSE
2026-04-08,2026,99.3225135241063,1.14679592866679,FALSE
2026-04-09,2026,68.1954605930907,-0.805163312215497,FALSE
2026-04-10,2026,122.11165320818,2.57588951798504,FALSE
2026-04-11,2026,67.6851557733687,-0.837164228291,FALSE
2026-04-12,2026,97.8256466134337,1.05292828224572,FALSE
2026-04-13,2026,124.880557436045,2.74952587882776,FALSE
2026-04-14,2026,82.325309619099,0.0809112364966381,FALSE
2026-04-15,2026,92.607038429782,0.725672422489307,FALSE
2026-04-16,2026,119.871350545713,2.43540145141265,FALSE
2026-04-17,2026,74.3121491477554,-0.42158935889787,FALSE
2026-04-18,2026,83.5111456525438,0.155274318950468,FALSE
2026-04-19,2026,79.0452564176828,-0.124778976813285,FALSE
2026-04-20,2026,103.382132161983,1.40137223347222,FALSE
2026-04-21,2026,83.2452682185308,0.138601300935754,FALSE
2026-04-22,2026,65.5590348109152,-0.970492027395276,FALSE
2026-04-23,2026,97.7807710793705,1.05011416381317,FALSE
2026-04-24,2026,79.6086359019315,-0.0894497796406527,FALSE
2026-04-25,2026,72.1522281360946,-0.557036739272455,FALSE
2026-04-26,2026,80.1536938971292,-0.0552695123053282,FALSE
2026-04-27,2026,64.6805739680512,-1.02557979184834,FALSE
2026-04-28,2026,57.1900943273885,-1.49530337877562,FALSE
2026-04-29,2026,79.4861288655534,-0.0971321240714418,FALSE
2026-04-30,2026,76.2120074380231,-0.302450359318517,FALSE
2026-05-01,2026,79.9682288990798,-0.066899913603037,FALSE
2026-05-02,2026,89.4747941710581,0.529251221321739,FALSE
2026-05-03,2026,76.9661556187817,-0.255158169027047,FALSE
2026-05-04,2026,95.7794284379199,0.924611140066944,FALSE
2026-05-05,2026,135.88679539494,3.43972060875695,TRUE
2026-05-06,2026,92.0302208402513,0.689500529612615,FALSE
2026-05-07,2026,67.8592790358511,-0.826245060581538,FALSE
2026-05-08,2026,75.2954371745401,-0.359927943196713,FALSE
2026-05-09,2026,84.0933561333027,0.191784396874469,FALSE
2026-05-10,2026,48.4665892335148,-2.04234926900519,FALSE
2026-05-11,2026,76.7882369071473,-0.266315347127725,FALSE
2026-05-12,2026,70.8944456756141,-0.635911539986668,FALSE
2026-05-13,2026,65.2991786370291,-0.986787455717433,FALSE
2026-05-14,2026,88.4114820451201,0.462571541277289,FALSE
2026-05-15,2026,80.0500135408247,-0.0617712466659568,FALSE
2026-05-16,2026,82.8363075949368,0.112955619985793,FALSE
2026-05-17,2026,74.4708153984891,-0.411639491333402,FALSE
2026-05-18,2026,78.0367601071816,-0.188021189207798,FALSE
2026-05-19,2026,68.4013098457114,-0.792254626264014,FALSE
2026-05-20,2026,67.1591659410526,-0.870148742310842,FALSE
2026-05-21,2026,99.3084220664255,1.14591226161682,FALSE
2026-05-22,2026,76.375769851135,-0.292180914398969,FALSE
2026-05-23,2026,96.419309517011,0.964737707402623,FALSE
2026-05-24,2026,76.1897681850289,-0.303844969835889,FALSE
2026-05-25,2026,76.1561798246382,-0.305951276224612,FALSE
2026-05-26,2026,73.4675855030262,-0.47455144992833,FALSE
2026-05-27,2026,82.8315187712752,0.112655315661451,FALSE
2026-05-28,2026,79.0799678878573,-0.12260224086845,FALSE
2026-05-29,2026,98.6002095907402,1.10150067246041,FALSE
2026-05-30,2026,81.1947272940954,0.0100130817063389,FALSE
2026-05-31,2026,65.1358386951388,-0.997030407714347,FALSE
2026-06-01,2026,63.8686715178372,-1.07649371851856,FALSE
2026-06-02,2026,54.4350793250688,-1.668068754427,FALSE
2026-06-03,2026,48.9916324164443,-2.0094241188134,FALSE
2026-06-04,2026,67.9783543723114,-0.818777916040741,FALSE
2026-06-05,2026,82.8628858216917,0.11462232500395,FALSE
2026-06-06,2026,72.0600059642164,-0.562819937605136,FALSE
2026-06-07,2026,70.321403339975,-0.671846688905087,FALSE
2026-06-08,2026,86.7055837460223,0.355595659033987,FALSE
2026-06-09,2026,86.9152600949113,0.368744339948796,FALSE
2026-06-10,2026,79.03824934085,-0.125218386493528,FALSE
2026-06-11,2026,105.942118087738,1.56190745006918,FALSE
